# LithTech native coordinates, Y up, 1 OBJ unit = 1 retail unit
o PhysicsBSP
v 4784 -1020 -1328
v 4776 -1020 -1328
v 4776 -1020 -1368
v 4784 -1020 -1368
v 5352 -1020 -1904
v 5356 -1020 -1904
v 5356 -1020 -1832
v 5352 -1020 -1832
v 5344 -1020 -1904
v 5344 -1020 -1832
v 4784 -1020 -1832
v 4784 -1020 -1776
v 4776 -1020 -1776
v 4776 -1020 -1832
v 4776 -1020 -1904
v 4784 -1020 -1904
v 4784 -1020 -1740
v 4776 -1020 -1740
v 5352 -1020 -1328
v 5344 -1020 -1328
v 5344 -1020 -1368
v 5352 -1020 -1368
v 5356 -1020 -1368
v 5356 -1020 -1328
v 5304 -1020 -1320
v 5304 -1020 -1328
v 5352 -1020 -1320
v 5352 -1020 -1316
v 5304 -1020 -1316
v 5356 -1020 -1320
v 5356 -1020 -1316
v 5208 -1020 -1316
v 5208 -1020 -1320
v 5208 -1020 -1328
v 4784 -1020 -1464
v 4776 -1020 -1464
v 4824 -1020 -1328
v 4824 -1020 -1320
v 4784 -1020 -1320
v 4776 -1020 -1320
v 4824 -1020 -1316
v 4784 -1020 -1316
v 4776 -1020 -1316
v 4920 -1020 -1328
v 4920 -1020 -1320
v 4968 -1020 -1328
v 4968 -1020 -1320
v 4920 -1020 -1316
v 5016 -1020 -1328
v 5016 -1020 -1320
v 4968 -1020 -1316
v 5112 -1020 -1328
v 5112 -1020 -1320
v 5160 -1020 -1328
v 5160 -1020 -1320
v 5160 -1020 -1316
v 5112 -1020 -1316
v 4784 -1020 -1508
v 4776 -1020 -1508
v 5356 -1020 -1508
v 5356 -1020 -1464
v 5352 -1020 -1464
v 5352 -1020 -1508
v 5344 -1020 -1508
v 5344 -1020 -1512
v 5352 -1020 -1512
v 5344 -1020 -1464
v 5344 -1020 -1656
v 5344 -1020 -1704
v 5352 -1020 -1704
v 5352 -1020 -1656
v 5356 -1020 -1512
v 5344 -1020 -1560
v 5352 -1020 -1560
v 5356 -1020 -1704
v 5356 -1020 -1656
v 5016 -1020 -1316
v 5356 -1020 -1560
v 4784 -1020 -1732
v 4776 -1020 -1732
v 4784 -1020 -1664
v 4776 -1020 -1664
v 5344 -1020 -1732
v 5344 -1020 -1740
v 5352 -1020 -1740
v 5352 -1020 -1732
v 5356 -1020 -1740
v 5356 -1020 -1732
v 3680 -1216 -496
v 3680 -1216 -816
v 3708 -1216 -816
v 3708 -1216 -524
v 3708 -1216 -496
v 3743.99951 -1128 -496
v 3720 -1128 -496
v 3720 -1129.5 -496
v 3680 -1136 -496
v 3708 -1136 -496
v 3744 -1136 -496
v 3720 -1134.5 -496
v 3720 -1136 -496
v 4144 -1216 -816
v 4168 -1216 -816
v 4168 -1216 -496
v 4144 -1216 -496
v 4168 -1162.5 -496
v 4144 -1161 -496
v 4168 -1136 -496
v 4144 -1136 -496
v 4168 -1128 -496
v 4144 -1128 -496
v 3680 -1216 -836
v 3708 -1216 -836
v 3680 -1216 -988
v 3708 -1216 -988
v 4172 -1216 -836
v 4172 -1216 -816
v 4144 -1216 -836
v 4144 -1216 -951.999939
v 4172 -1216 -923.999878
v 4020 -1216 -836
v 4140 -1216 -955.999939
v 4092 -1216 -836
v 4092 -1216 -816
v 3792 -1216 -988
v 3792 -1216 -836
v 3792 -1216 -816
v 3796 -1216 -816
v 3796 -1216 -612
v 3792 -1216 -608
v 3796 -1216 -836
v 3796 -1216 -496
v 3792 -1216 -496
v 3796 -1139.25 -496
v 3792 -1139 -496
v 3796 -1136 -496
v 3792 -1136 -496
v 3796 -1128 -496
v 3792 -1128 -496
v 4104 -1216 -816
v 4104 -1216 -496
v 4092 -1216 -496
v 4104 -1158.5 -496
v 4092 -1157.75 -496
v 4104 -1136 -496
v 4092 -1136 -496
v 4104 -1128 -496
v 4092 -1128 -496
v 4000 -1216 -816
v 4012 -1216 -828
v 4012 -1216 -816
v 3984 -1216 -816
v 3984 -1216 -800
v 4012 -1216 -836
v 3984 -1216 -836
v 4012 -1216 -496
v 3984 -1216 -496
v 4012 -1152.75 -496
v 3984 -1151 -496
v 4012 -1136 -496
v 3984 -1136 -496
v 4012 -1128 -496
v 3984 -1128 -496
v 4012 -1216 -988
v 4108 -1216 -988
v 4012 -1216 -960
v 3984 -1216 -960
v 3852 -1216 -816
v 3852 -1216 -668
v 3824 -1216 -816
v 3824 -1216 -640
v 3852 -1216 -836
v 3824 -1216 -836
v 3852 -1216 -496
v 3824 -1216 -496
v 3852 -1142.75 -496
v 3824 -1141 -496
v 3852 -1136 -496
v 3824 -1136 -496
v 3852 -1128 -496
v 3824 -1128 -496
v 3852 -1216 -988
v 3984 -1216 -988
v 3824 -1216 -988
v 3852 -1216 -960
v 3824 -1216 -960
v 2944 -1216 -1488
v 2944 -1216 -1424
v 2912 -1216 -1455.99988
v 2912 -1216 -1488
v 3024 -1216 -1448
v 3024 -1216 -1488
v 3104 -1216 -1488
v 3392 -1216 -1488
v 3392 -1216 -1392
v 3360 -1216 -1392
v 3264 -1216 -1488
v 3024 -1216 -1504
v 3024 -1216 -1492
v 2944 -1216 -1492
v 2944 -1216 -1504
v 3040 -1216 -1504
v 3040 -1216 -1492
v 3112 -1216 -1492
v 3136 -1216 -1504
v 3248 -1216 -1504
v 3260 -1216 -1492
v 3024 -1216 -1424
v 3024 -1216 -1392
v 2976 -1216 -1392
v 2954.66675 -1216 -1413.33337
v 2976 -1216 -1424
v 3104 -1216 -1424
v 3104 -1216 -1392
v 3072 -1216 -1392
v 3072 -1216 -1424
v 3104 -1216 -1492
v 3104 -1216 -1504
v 3264 -1216 -1492
v 3264 -1216 -1504
v 3392 -1216 -1504
v 3392 -1216 -1492
v 3264 -1216 -1392
v 3264 -1216 -1424
v 3232 -1216 -1392
v 3232 -1216 -1424
v 2960 -1216 -1520
v 3024 -1216 -1520
v 3024 -1216 -1508
v 2960 -1216 -1508
v 2960 -1216 -1504
v 3168 -1216 -1520
v 3232 -1216 -1520
v 3244 -1216 -1508
v 3144 -1216 -1508
v 3056 -1216 -1520
v 3104 -1216 -1520
v 3104 -1216 -1508
v 3056 -1216 -1508
v 3056 -1216 -1504
v 3264 -1216 -1520
v 3264 -1216 -1508
v 3376 -1216 -1508
v 3376 -1216 -1504
v 3344 -1216 -1520
v 3376 -1216 -1520
v 3344 -1216 -1508
v 3272 -1216 -1520
v 3272 -1216 -1508
v 2640 -828 -1104
v 2640 -864 -1104
v 2624 -864 -1104
v 2624 -828 -1104
v 2640 -884 -1104
v 2624 -884 -1104
v 2592 -796 -1104
v 2624 -796 -1104
v 2592 -828 -1104
v 2528 -828 -1104
v 2528 -796 -1104
v 2528 -864 -1104
v 2592 -864 -1104
v 2648 -864 -1104
v 2648 -884 -1104
v 2656 -864 -1104
v 2656 -884 -1104
v 2648 -828 -1104
v 2656 -828 -1104
v 1016 -1160 -784
v 1008 -1160 -784
v 1008 -1160 -896
v 1016 -1160 -896
v 1648 -1160 -976
v 1712 -1160 -976
v 1712 -1160 -896
v 1648 -1160 -896
v 1200 -1160 -976
v 1264 -1160 -976
v 1264 -1160 -896
v 1200 -1160 -896
v 1008 -1160 -976
v 1648 -1160 -816
v 1712 -1160 -816
v 1616 -1160 -976
v 1616 -1160 -896
v 1424 -1160 -976
v 1424 -1160 -896
v 1200 -1160 -816
v 1264 -1160 -816
v 1648 -1160 -784
v 1616 -1160 -784
v 1616 -1160 -816
v 1424 -1160 -784
v 1424 -1160 -816
v 1264 -1160 -784
v 1056 -1160 -784
v 1056 -1160 -896
v 1200 -1160 -784
v 1456 -912 -1184
v 1616 -912 -1184
v 1616 -912 -1488
v 1424 -912 -1488
v 1424 -912 -1216
v 1424 -912 -1184
v 1296 -912 -1488
v 1296 -912 -1344
v 1296 -912 -1184
v 2592 -1140 -496
v 2528 -1140 -496
v 2528 -1140 -848
v 2592 -1140 -848
v 2624 -916 -1104
v 2656 -916 -1104
v 2656 -982 -1104
v 2624 -982 -1104
v 2656 -892 -1104
v 2624 -892 -1104
v 2528 -1140 -976
v 2528 -1140 -1072
v 2592 -1140 -1072
v 2592 -1140 -1040
v 2656 -1140 -1104
v 2624 -1140 -1104
v 2624 -1133.59998 -1104
v 2656 -1084 -1104
v 2624 -1084 -1104
v 2656 -1140 -848
v 2656 -1140 -496
v 2624 -1140 -496
v 2624 -1140 -848
v 2624 -1140 -1072
v 2592 -1140 -1104
v 2656 -1008 -1104
v 2624 -1008 -1104
v 5376 -1088 -784
v 5376 -1216 -784
v 5376 -1216 -744
v 5376 -1088 -744
v 5376 -1080 -744
v 5376 -1080 -784
v 5376 -1088 -552
v 5376 -1216 -552
v 5376 -1216 -536
v 5376 -1088 -536
v 5376 -1080 -552
v 5376 -1080 -728
v 5376 -1088 -728
v 5376 -1216 -728
v 5376 -1216 -452
v 5376 -1216 -432
v 5376 -1088 -432
v 5376 -1088 -452
v 5376 -1080 -432
v 5376 -1080 -452
v 5376 -1080 -536
v 1200 -1160 -1488
v 1008 -1160 -1488
v 1008 -1160 -1680
v 1200 -1160 -1680
v 1264 -1160 -1488
v 1200 -1160 -1648
v 1264 -1160 -1648
v 1264 -1160 -1680
v 1296 -1160 -1680
v 1296 -1160 -1648
v 1296 -1160 -1488
v 1648 -1160 -1500
v 1648 -1160 -1648
v 1712 -1160 -1648
v 1712 -1160 -1500
v 1712 -1160 -1488
v 1648 -1160 -1488
v 1352 -1160 -1680
v 1352 -1160 -1648
v 1360 -1160 -1680
v 1360 -1160 -1648
v 1352 -1160 -1488
v 1352 -1160 -1500
v 1352 -1160 -1528
v 1360 -1160 -1528
v 1360 -1160 -1500
v 1456 -1160 -1680
v 1456 -1160 -1648
v 1464 -1160 -1680
v 1464 -1160 -1648
v 1648 -1160 -1680
v 1456 -1160 -1488
v 1456 -1160 -1500
v 1464 -1160 -1500
v 1464 -1160 -1528
v 1456 -1160 -1528
v 1296 -912 -1168
v 1424 -912 -1168
v 1264 -912 -1088
v 1264 -912 -976
v 1296 -912 -976
v 1296 -912 -1088
v 1648 -912 -1088
v 1648 -912 -1168
v 1616 -912 -1168
v 1616 -912 -1088
v 1296 -912 -1151.99988
v 1279.99988 -912 -1168
v 1264 -912 -1168
v 1424 -912 -976
v 1471.99988 -912 -976
v 1424 -912 -1023.99994
v 1424 -912 -1088
v 1359.99988 -912 -1088
v 1472 -912 -1168
v 1648 -912 -991.999939
v 1616 -912 -1023.99994
v 1616 -912 -976
v 1648 -912 -976
v 1552 -912 -1088
v 5344 -864 -750
v 5344 -864 -760
v 5344 -888 -760
v 5344 -888 -750
v 5344 -864 -896
v 5344 -888 -896
v 5344 -888 -872
v 5344 -864 -872
v 5344 -864 -784
v 5344 -888 -784
v 5344 -856 -896
v 5344 -856 -872
v 5344 -840 -872
v 5344 -840 -896
v 5344 -856 -784
v 5344 -856 -760
v 5344 -840 -760
v 5344 -840 -784
v 5344 -864 -848
v 5344 -856 -848
v 5344 -888 -848
v 5344 -888 -744
v 5344 -872 -744
v 5344 -872 -748
v 5344 -888 -748
v 5344 -872 -750
v 5344 -856 -748
v 5344 -864 -748
v 5344 -840 -748
v 5344 -1048 -760
v 5344 -1080 -760
v 5344 -1080 -750
v 5344 -1048 -750
v 5344 -1048 -896
v 5344 -1080 -896
v 5344 -1080 -872
v 5344 -1048 -872
v 5344 -1048 -784
v 5344 -1080 -784
v 5344 -1080 -848
v 5344 -1080 -824
v 5344 -1048 -824
v 5344 -1048 -848
v 5344 -1080 -744
v 5344 -1048 -744
v 5344 -1048 -748
v 5344 -1080 -748
v 5344 -1024 -760
v 5344 -1024 -750
v 5344 -1024 -896
v 5344 -1024 -872
v 5344 -1024 -784
v 5344 -1024 -824
v 5344 -1024 -848
v 5344 -888 -824
v 5344 -1024 -744
v 5344 -1024 -748
v 6168 -1152 -1008
v 6168 -1155.99988 -1008
v 6184 -1152 -1008
v 6168 -928 -1008
v 6168 -960 -1008
v 6184 -960 -1008
v 6184 -928 -1008
v 6184 -908 -1008
v 6168 -908 -1008
v 6200 -908 -1008
v 6200 -928 -1008
v 6168 -1112 -1008
v 6184 -1112 -1008
v 6200 -1152 -1008
v 6200 -1112 -1008
v 6168 -1020 -1008
v 6168 -1024 -1008
v 6184 -1024 -1008
v 6184 -1020 -1008
v 6168 -1008 -1008
v 6184 -1008 -1008
v 6200 -1024 -1008
v 6200 -1020 -1008
v 6200 -1008 -1008
v 6200 -960 -1008
v 2168 -1140 -1360
v 2168 -1160 -1360
v 2152 -1160 -1360
v 2152 -1140 -1360
v 2168 -1160 -1328
v 2152 -1160 -1328
v 2168 -912 -1360
v 2168 -944 -1360
v 2152 -944 -1360
v 2152 -912 -1360
v 2152 -1136 -1360
v 2168 -1136 -1360
v 2152 -892 -1360
v 2168 -892 -1360
v 2136 -892 -1360
v 2136 -912 -1360
v 2168 -992 -1360
v 2152 -992 -1360
v 2136 -992 -1360
v 2136 -944 -1360
v 2168 -1008 -1360
v 2168 -1096 -1360
v 2152 -1096 -1360
v 2152 -1008 -1360
v 2168 -1004 -1360
v 2152 -1004 -1360
v 2136 -1096 -1360
v 2136 -1008 -1360
v 2136 -1136 -1360
v 2136 -1004 -1360
v 2168 -944 -1104
v 2168 -912 -1104
v 2152 -912 -1104
v 2152 -944 -1104
v 2168 -1160 -1136
v 2168 -1160 -1104
v 2152 -1160 -1104
v 2152 -1160 -1136
v 2136 -1160 -1104
v 2136 -1160 -1136
v 2168 -1140 -1104
v 2152 -1140 -1104
v 2136 -1140 -1104
v 2152 -1136 -1104
v 2136 -1136 -1104
v 2168 -1136 -1104
v 2168 -892 -1104
v 2152 -892 -1104
v 2136 -892 -1104
v 2136 -912 -1104
v 2168 -1008 -1104
v 2152 -1008 -1104
v 2136 -1008 -1104
v 2168 -992 -1104
v 2152 -992 -1104
v 2136 -944 -1104
v 2136 -992 -1104
v 5440 -1216 -1244
v 5440 -1216 -1168
v 5408 -1216 -1168
v 5408 -1216 -1244
v 5376 -1216 -1168
v 5376 -1216 -1244
v 5440 -1216 -1264
v 5408 -1216 -1264
v 5376 -1216 -1264
v 5344 -1216 -1232.00024
v 5344 -1216 -1244
v 5352 -1216 -1244
v 5344 -1216 -1168
v 5376 -1216 -1280.00024
v 5365.33301 -1216 -1264
v 5440 -1216 -1328
v 5408 -1216 -1306.66675
v 5382.3999 -1216 -1289.59998
v 5376 -1216 -1285.33337
v 5344 -1216 -1255.99988
v 5344 -1216 -1264
v 5352 -1216 -1264
v 5408 -1216 -1328
v 5416 -1216 -1328
v 5408 -1216 -1319.99988
v 5368.00049 -1216 -1280.00037
v 5376 -1216 -1287.99988
v 5368 -1216 -1279.99988
v 5391.99951 -1216 -1303.99939
v 5392 -1216 -1304
v 2592 -1179.20007 -1300
v 2592 -1216 -1300
v 2592 -1216 -1164
v 2592 -1179.20007 -1164
v 2592 -1165.59998 -1232
v 2592 -1160 -1164
v 2592 -1160 -1204.00012
v 2592 -1160 -1300
v 2592 -1160 -1259.99988
v 5440 -1216 -1072
v 5397.3335 -1216 -1072
v 5376 -1216 -1104.00024
v 5440 -1216 -1029.33325
v 5414.40039 -1216 -1046.39954
v 5440 -1216 -1016.00037
v 5440 -1216 -1008
v 5426.66699 -1216 -1028
v 5428.00049 -1216 -1028
v 5440 -1216 -1028
v 5384.00049 -1216 -1072
v 5376 -1216 -1072
v 5376 -1216 -1080.00037
v 5424 -1216 -1032.00024
v 5400.00146 -1216 -1055.99915
v 5414.40088 -1216 -1046.39929
v 5400 -1216 -1055.99988
v 5424.00049 -1216 -1032.00012
v 5344 -872 -530
v 5344 -872 -520
v 5344 -864 -520
v 5344 -864 -530
v 5344 -1080 -530
v 5344 -1080 -520
v 5344 -1056 -520
v 5344 -1056 -530
v 5344 -1056 -536
v 5344 -1080 -536
v 5344 -1080 -532
v 5344 -1056 -532
v 5344 -864 -532
v 5344 -856 -520
v 5344 -856 -532
v 5344 -840 -520
v 5344 -840 -532
v 5344 -1056 -480
v 5344 -1080 -480
v 5344 -1080 -368
v 5344 -1056 -368
v 5344 -872 -368
v 5344 -872 -480
v 5344 -1016 -520
v 5344 -1016 -480
v 5344 -875.999451 -520
v 5344 -875.999451 -480
v 5344 -968.399963 -520
v 5344 -968.399963 -480
v 5344 -984 -520
v 5344 -984 -480
v 5344 -864 -480
v 5344 -864 -368
v 5344 -1016 -530
v 5344 -875.999451 -530
v 5344 -968.399963 -530
v 5344 -984 -530
v 5344 -856 -480
v 5344 -856 -368
v 5344 -840 -480
v 5344 -840 -368
v 5344 -1016 -536
v 5344 -1016 -532
v 5344 -872 -536
v 5344 -875.999451 -536
v 5344 -875.999451 -532
v 5344 -872 -532
v 5344 -968.399963 -536
v 5344 -968.399963 -532
v 5344 -984 -536
v 5344 -984 -532
v 5352 -1216 -1832
v 5356 -1216 -1832
v 5356 -1216 -1776
v 5352 -1216 -1776
v 5344 -1216 -1832
v 5344 -1216 -1776
v 5424 -1216 -1832
v 5424 -1216 -1776
v 5356 -1216 -1756
v 5344 -1216 -1756
v 5356 -1216 -1740
v 5344 -1216 -1740
v 5424 -1216 -1756
v 5408 -1216 -1740
v 5408 -1216 -1756
v 5384 -872 -744
v 5384 -880 -744
v 5376 -880 -744
v 5376 -872 -744
v 5384 -912.000183 -744
v 5384 -1056 -744
v 5376 -1056 -744
v 5376 -920.000183 -744
v 5384 -872 -536
v 5376 -872 -536
v 5376 -880 -536
v 5384 -880 -536
v 5376 -920.000183 -536
v 5376 -1056 -536
v 5384 -1056 -536
v 5384 -912.000183 -536
v 6184 -1164 -1008
v 6184 -1156 -1008
v 6168 -1164 -1008
v 6184 -1151.99988 -1008
v 6136 -1163.99988 -1008
v 6136 -1200 -1008
v 6168 -1200 -1008
v 6184 -1200 -1008
v 6136 -1228 -1008
v 6168 -1228 -1008
v 6184 -1228 -1008
v 2692 -1216 -848
v 2692 -1216 -880
v 2708 -1216 -880
v 2708 -1216 -848
v 2692 -1216 -840
v 2708 -1216 -840
v 2816 -1216 -832
v 2708 -1216 -832
v 2816 -1216 -840
v 2816 -1216 -880
v 2816 -1216 -848
v 2832 -1216 -880
v 2832 -1216 -848
v 2832 -1216 -840
v 4768 -1072 -816
v 4768 -1030 -816
v 4896 -1030 -816
v 4896 -1072 -816
v 4896 -1072 -784
v 4896 -1030 -784
v 4768 -1030 -784
v 4768 -1072 -784
v 5584 -1216 -1228
v 5600 -1216 -1228
v 5600 -1216 -1044
v 5584 -1216 -1044
v 5568 -1216 -1076.00049
v 5568 -1216 -1195.99963
v 5208 -1048 -848
v 5208 -1048 -864
v 5208 -1052 -864
v 5336 -1048 -864
v 5336 -1048 -848
v 5336 -1052 -864
v 5208 -1048 -840
v 5208 -1052 -841.032227
v 5208 -1052 -836
v 5208 -1048 -836
v 5208 -1048 -836.709656
v 5208 -1052 -837.870972
v 5208 -1049 -837
v 5336 -1048 -840
v 5336 -1052 -841.032227
v 5336 -1048 -836.709656
v 5336 -1048 -836
v 5336 -1052 -836
v 5336 -1052 -837.870972
v 5336 -1049 -837
v 3650 -1000 -1457.99988
v 3650 -1000 -1442
v 3650 -1004 -1442
v 3522 -1000 -1442
v 3522 -1000 -1457.99988
v 3522 -1004 -1442
v 3650 -1000 -1466
v 3650 -1004 -1464.96765
v 3650 -1004 -1470
v 3650 -1000 -1470
v 3650 -1000 -1469.29041
v 3650 -1004 -1468.12903
v 3650 -1001 -1469
v 3522 -1000 -1466
v 3522 -1004 -1464.96765
v 3522 -1000 -1469.29041
v 3522 -1000 -1470
v 3522 -1004 -1470
v 3522 -1004 -1468.12903
v 3522 -1001 -1469
v 1344 -1104 -1512.00012
v 1344 -1104 -1528
v 1344 -1108 -1528
v 1472 -1104 -1528
v 1472 -1104 -1512.00012
v 1472 -1108 -1528
v 1344 -1104 -1504
v 1344 -1108 -1505.03235
v 1344 -1108 -1500
v 1344 -1104 -1500
v 1344 -1104 -1500.70972
v 1344 -1108 -1501.87097
v 1344 -1105 -1501
v 1472 -1104 -1504
v 1472 -1108 -1505.03235
v 1472 -1104 -1500.70972
v 1472 -1104 -1500
v 1472 -1108 -1500
v 1472 -1108 -1501.87097
v 1472 -1105 -1501
v 6880 -1119 -859.999878
v 6880 -1119 -844
v 6880 -1123 -844
v 6752 -1119 -844
v 6752 -1119 -859.999878
v 6752 -1123 -844
v 6880 -1119 -868
v 6880 -1123 -866.967773
v 6880 -1123 -872
v 6880 -1119 -872
v 6880 -1119 -871.290344
v 6880 -1123 -870.129028
v 6880 -1120 -871
v 6752 -1119 -868
v 6752 -1123 -866.967773
v 6752 -1119 -871.290344
v 6752 -1119 -872
v 6752 -1123 -872
v 6752 -1123 -870.129028
v 6752 -1120 -871
v 7064 -1119 -1564
v 7064 -1119 -1548
v 7064 -1123 -1548
v 6936 -1119 -1548
v 6936 -1119 -1564
v 6936 -1123 -1548
v 7064 -1119 -1572
v 7064 -1123 -1570.96777
v 7064 -1123 -1576
v 7064 -1119 -1576
v 7064 -1119 -1575.29028
v 7064 -1123 -1574.12903
v 7064 -1120 -1575
v 6936 -1119 -1572
v 6936 -1123 -1570.96777
v 6936 -1119 -1575.29028
v 6936 -1119 -1576
v 6936 -1123 -1576
v 6936 -1123 -1574.12903
v 6936 -1120 -1575
v 4576 -1148 -1072
v 4864 -1148 -1072
v 4864 -1148 -1264
v 4576 -1148 -1264
v 5344 -1216 -1328
v 4784 -1216 -1328
v 5344 -1216 -1904
v 4784 -1216 -1904
v 5392 -1096 -1304
v 5408 -1092 -1328
v 5344 -1092 -1328
v 5343.99951 -1216 -1328.00012
v 5368 -1216 -1279.99976
v 5368 -1096 -1279.99988
v 5368 -1096 -1279.99976
v 5343.99951 -1092 -1328.00024
v 5344 -1092 -1327.99951
v 5344 -1092 -1264
v 5344 -1216 -1327.99951
v 5280 -1088 -1264
v 5280 -1088 -1328
v 5280 -1216 -1264
v 5280 -1216 -1328
v 5408 -1088 -1392
v 5344 -1088 -1392
v 5408 -1216 -1392
v 5344 -1216 -1392
v 3840 -1032 -1480
v 3840 -872 -1480
v 3840 -872 -1744
v 3840 -1032 -1744
v 3856 -1032 -1480
v 3856 -872 -1480
v 3856 -1032 -1744
v 3856 -872 -1744
v 3840 -1032 -1488
v 3840 -840 -1488
v 3696 -840 -1488
v 3696 -1032 -1488
v 3696 -1032 -1744
v 3696 -840 -1744
v 3840 -840 -1744
v 4208 -872 -1472
v 4208 -840 -1472
v 4208 -840 -1744
v 4208 -872 -1744
v 4224 -872 -1472
v 4224 -840 -1472
v 4224 -872 -1744
v 4224 -840 -1744
v 3536 -872 -1472
v 3536 -840 -1472
v 3520 -840 -1472
v 3520 -872 -1472
v 3536 -872 -1744
v 3536 -840 -1744
v 3520 -872 -1744
v 3520 -840 -1744
v 4384 -840 -1464
v 4384 -824 -1464
v 3520 -824 -1464
v 3520 -840 -1464
v 3520 -824 -1744
v 4384 -824 -1744
v 4384 -840 -1744
v 4384 -559.999939 -1744
v 3520 -559.999939 -1744
v 3520 -696 -1608
v 4384 -696 -1608
v 3520 -808 -1744
v 4384 -808 -1744
v 3520 -840 -2064
v 3520 -840 -1432
v 3520 -888 -1456
v 3520 -888 -2064
v 3488 -840 -1432
v 3488 -888 -1456
v 3488 -888 -1455.99988
v 3488 -840 -1431.99988
v 3488 -840 -2064
v 3488 -888 -2064
v 3520 -1032 -2064
v 3520 -1032 -1456
v 3488 -1032 -1456
v 3488 -1032 -2064
v 4368 -872 -1472
v 4368 -840 -1472
v 4368 -840 -1744
v 4368 -872 -1744
v 4384 -872 -1472
v 4384 -840 -1472
v 4384 -872 -1744
v 3488 -792 -2064
v 3488 -792 -1432
v 3520 -792 -1432
v 3520 -792 -2064
v 3520 -792 -1744
v 3520 -543.999878 -1744
v 3520 -679.999878 -1608
v 3520 -792 -1608
v 3520 -680 -1608
v 3520 -544 -1744
v 3488 -544 -1744
v 3488 -680.000061 -1608
v 3488 -792 -1744
v 3488 -792 -1608
v 4384 -888 -1456
v 4384 -840 -1432
v 4384 -888 -1744
v 4416 -888 -1456
v 4416 -840 -1432
v 4416 -840 -1744
v 4416 -888 -1744
v 3520 -792 -1520
v 3520 -744 -1520
v 3488 -744.000061 -1520
v 3488 -792 -1520
v 4000 -1032 -1488
v 4000 -840 -1488
v 3952 -840 -1488
v 3952 -1032 -1488
v 3952 -1032 -1744
v 3952 -840 -1744
v 4000 -840 -1744
v 4000 -1032 -1744
v 3680 -1032 -1480
v 3680 -872 -1480
v 3680 -872 -1744
v 3680 -1032 -1744
v 3696 -1032 -1480
v 3696 -872 -1480
v 3696 -872 -1744
v 4384 -744 -1520
v 4384 -680 -1608
v 4384 -792 -1608
v 4384 -792 -1520
v 4416 -680 -1608
v 4416 -744 -1520
v 4384 -544.000061 -1744
v 4384 -792 -1744
v 4416 -544 -1744
v 4384 -543.999939 -1744
v 4416 -543.999878 -1744
v 4416 -792 -1744
v 4416 -679.999878 -1608
v 4416 -792 -1608
v 4208 -1032 -1488
v 4208 -840 -1488
v 4064 -840 -1488
v 4064 -1032 -1488
v 4064 -1032 -1744
v 4064 -840 -1744
v 4208 -1032 -1744
v 4048 -1032 -1480
v 4048 -872 -1480
v 4048 -872 -1744
v 4048 -1032 -1744
v 4064 -1032 -1480
v 4064 -872 -1480
v 4064 -872 -1744
v 3904 -840 -1488
v 3904 -1032 -1488
v 3904 -1032 -1744
v 3904 -840 -1744
v 4384 -824 -1432
v 4384 -808 -1432
v 3520 -808 -1432
v 3520 -824 -1432
v 3520 -680 -1904
v 3520 -792 -1904
v 3488 -680 -1904
v 3488 -792 -1904
v 4048 -1032 -1488
v 4048 -840 -1488
v 4048 -840 -1744
v 3680 -1032 -1488
v 3680 -840 -1488
v 3536 -840 -1488
v 3536 -1032 -1488
v 3536 -1032 -1744
v 3680 -840 -1744
v 4384 -792 -1432
v 4416 -792 -1432
v 3488 -1032 -1328
v 4208 -1032 -1328
v 4208 -1032 -2064
v 3488 -1216 -1328
v 3488 -1216 -2064
v 4208 -1216 -1328
v 4208 -1216 -2064
v 3536 -1032 -1480
v 3536 -872 -1480
v 3520 -872 -1480
v 3520 -1032 -1480
v 3520 -1032 -1744
v 4048 -872 -1472
v 4048 -840 -1472
v 4064 -872 -1472
v 4064 -840 -1472
v 3840 -872 -1472
v 3840 -840 -1472
v 3856 -872 -1472
v 3856 -840 -1472
v 3856 -840 -1744
v 3856 -840 -1488
v 3856 -1032 -1488
v 4384 -808 -1432.00012
v 4384 -760.000061 -1520
v 3520 -760.000061 -1520
v 3520 -808 -1432.00012
v 4208 -1032 -1480
v 4208 -872 -1480
v 4224 -1032 -1480
v 4224 -872 -1480
v 4224 -1032 -1744
v 4384 -1032 -1456
v 4384 -1032 -1744
v 4416 -1032 -1456
v 4416 -1032 -1744
v 4368 -1032 -1488
v 4368 -840 -1488
v 4224 -840 -1488
v 4224 -1032 -1488
v 4368 -1032 -1744
v 4368 -1032 -1480
v 4368 -872 -1480
v 4384 -1032 -1480
v 4384 -872 -1480
v 3520 -759.999939 -1520
v 4384 -759.999939 -1520
v 3680 -872 -1472
v 3680 -840 -1472
v 3696 -872 -1472
v 3696 -840 -1472
v 4416 -792 -1520
v 4864 -1136 -1264
v 4864 -1136 -1328
v 5280 -1088.00012 -1264
v 4864 -1136.00012 -1264
v 4864 -1216 -1264
v 4864 -1216 -1328
v 5352 -1016 -1000
v 5352 -1016 -984
v 5368 -1016 -984
v 5368 -1016 -1000
v 5368 -1080 -1000
v 5368 -1080 -984
v 5352 -1080 -984
v 5352 -1080 -1000
v 5312 -1088 -1008
v 5376 -1092 -1008
v 5376 -1092 -1072
v 5312 -1088 -1072
v 5312 -1216 -1072
v 5376 -1216 -1008
v 5312 -1216 -1008
v 5400 -1096 -1055.99976
v 5376 -1092 -1071.99988
v 5376 -1092 -1007.99957
v 5400 -1096 -1055.99988
v 5376 -1216 -1071.99988
v 5400 -1216 -1055.99976
v 5376 -1216 -1007.99957
v 5424 -1216 -1032
v 5376.00049 -1216 -1008.00018
v 5424 -1096 -1032
v 5376.00049 -1092 -1008.00031
v 5424 -1096 -1032.00012
v 5400 -1096 -1056
v 5440 -1092 -1008
v 5440 -1084 -944
v 5376 -1084 -944
v 5440 -1216 -944
v 5376 -1216 -944
v 4640 -1136 -1008
v 4864 -1136 -1008
v 4864 -1136 -1072
v 4640 -1136 -1072
v 4640 -1216 -1072
v 4864 -1216 -1072
v 4192 -1080 -496
v 4576 -1080 -496
v 4576 -1080 -752
v 4192 -1080 -752
v 4576 -1216 -496
v 4192 -1216 -496
v 4192 -1216 -752
v 4576 -1216 -752
v 4576 -1136 -944
v 4576 -1140 -1008
v 4512 -1140 -1008
v 4512 -1136 -944
v 4512 -1216 -1008
v 4512 -1216 -944
v 4528 -1144 -1032
v 4528 -1216 -1032
v 4552 -1144 -1055.99988
v 4552 -1216 -1055.99988
v 4552 -1144 -1056
v 4528 -1144 -1032.00012
v 4575.99951 -1140 -1008.00018
v 4576 -1140 -1007.99969
v 4576 -1140 -1072
v 4576 -1216 -1072
v 4256 -1136 -944
v 4256 -1140 -1008
v 4192 -1140 -1008
v 4192 -1136 -944
v 4256 -1216 -1008
v 4256 -1216 -944
v 4240 -1216 -1032
v 4240 -1144 -1032
v 4216 -1216 -1056
v 4216 -1144 -1056
v 4192 -1140 -1072
v 4192 -1216 -1071.99988
v 4192 -1140 -1071.99988
v 4216 -1144 -1055.99988
v 4216 -1216 -1055.99988
v 4128 -1136 -1008
v 4128 -1136 -1072
v 4128 -1216 -1072
v 4192 -1216 -1072
v 4192 -1148 -1072
v 4192 -1148 -1264
v 4192 -1148 -1008
v 4576 -1148 -1008
v 4304 -1080 -767.999939
v 4304 -1127 -864
v 4304 -1136 -864
v 4304 -1136 -752
v 4304 -1080 -752
v 4304 -1080 -768.000061
v 4320 -1080 -768
v 4320 -1127 -864
v 4320 -1080 -752
v 4320 -1136 -752
v 4320 -1136 -864
v 4448 -1080 -752
v 4448 -1080 -768.000061
v 4320 -1136 -768
v 4448 -1136 -768
v 4320 -1088 -784
v 4320 -1088 -768
v 4448 -1088 -768
v 4448 -1088 -784
v 4320 -1136 -784
v 4448 -1136 -784
v 4320 -1096 -800
v 4320 -1096 -784
v 4448 -1096 -784
v 4448 -1096 -800
v 4320 -1136 -800
v 4448 -1136 -800
v 4320 -1104 -816
v 4320 -1104 -800
v 4448 -1104 -800
v 4448 -1104 -816
v 4320 -1136 -816
v 4448 -1136 -816
v 4320 -1112 -832
v 4320 -1112 -816
v 4448 -1112 -816
v 4448 -1112 -832
v 4320 -1136 -832
v 4448 -1136 -832
v 4320 -1120 -848
v 4320 -1120 -832
v 4448 -1120 -832
v 4448 -1120 -848
v 4320 -1136 -848
v 4448 -1136 -848
v 4320 -1128 -864
v 4320 -1128 -848
v 4448 -1128 -848
v 4448 -1128 -864
v 4448 -1136 -864
v 4448 -1080 -767.999878
v 4448 -1127 -864
v 4448 -1136 -752
v 4464 -1080 -768.000061
v 4464 -1127 -864
v 4464 -1080 -752
v 4464 -1136 -752
v 4464 -1136 -864
v 4464 -1080 -767.999939
v 4512 -1136 -912
v 4576 -1136 -848
v 4512 -1216 -912
v 4576 -1216 -944
v 4576 -1216 -848
v 4192 -1136 -848.000122
v 4256 -1136 -912.000122
v 4256 -1216 -912.000122
v 4192 -1216 -848.000122
v 4192 -1216 -944
v 4576 -1136 -752
v 4304 -1136 -848
v 4304 -1216 -848
v 4304 -1216 -752
v 4192 -1136 -752
v 4192 -1136 -848
v 4192 -1216 -848
v 4448 -1064 -496
v 4448 -904 -496
v 4320 -904 -496
v 4320 -1064 -496
v 4320 -1064 -624
v 4320 -904 -624
v 4448 -904 -624
v 4448 -1064 -624
v 4208 -1080 -744
v 4208 -888 -744
v 4208 -888 -728
v 4208 -1080 -728
v 4192 -1080 -744
v 4192 -888 -744
v 4192 -888 -728
v 4192 -1080 -728
v 4320 -1080 -744
v 4320 -888 -744
v 4320 -888 -728
v 4320 -1080 -728
v 4304 -1080 -744
v 4304 -888 -744
v 4304 -1080 -728
v 4304 -888 -728
v 4464 -1080 -744
v 4464 -888 -744
v 4464 -888 -728
v 4464 -1080 -728
v 4448 -1080 -744
v 4448 -888 -744
v 4448 -1080 -728
v 4448 -888 -728
v 4560 -1080 -744
v 4560 -888 -744
v 4576 -888 -744
v 4576 -1080 -744
v 4560 -1080 -728
v 4560 -888 -728
v 4576 -1080 -728
v 4576 -888 -728
v 4192 -856 -744
v 4576 -856 -744
v 4576 -856 -728
v 4192 -856 -728
v 4576 -760 -624
v 4576 -851 -776
v 4192 -851 -776
v 4192 -760 -624
v 4192 -856 -776
v 4576 -856 -776
v 4576 -856 -624
v 4192 -856 -624
v 4192 -904 -496
v 4192 -1064 -496
v 4192 -1064 -624
v 4192 -904 -624
v 4576 -1064 -496
v 4576 -904 -496
v 4576 -904 -624
v 4576 -1064 -624
v 4576 -1064 -632
v 4192 -1064 -632
v 4192 -1080 -632
v 4576 -1080 -632
v 4216 -760 -496
v 4216 -632 -496
v 4192 -632 -496
v 4192 -760 -496
v 4216 -760 -624
v 4216 -632 -624
v 4192 -632 -624
v 4192 -904 -632
v 4192 -872 -632
v 4576 -872 -632
v 4576 -904 -632
v 4576 -872 -496
v 4192 -872 -496
v 4288 -744 -496
v 4288 -648 -496
v 4216 -648 -496
v 4216 -744 -496
v 4216 -744 -616
v 4216 -648 -616
v 4288 -648 -616
v 4288 -744 -616
v 4304 -760 -496
v 4304 -632 -496
v 4288 -632 -496
v 4288 -760 -496
v 4304 -760 -624
v 4304 -632 -624
v 4288 -760 -624
v 4288 -632 -624
v 4288 -744 -624
v 4216 -744 -624
v 4216 -648 -624
v 4288 -648 -624
v 4376 -744 -496
v 4376 -648 -496
v 4304 -648 -496
v 4304 -744 -496
v 4304 -744 -616
v 4304 -648 -616
v 4376 -648 -616
v 4376 -744 -616
v 4392 -760 -496
v 4392 -632 -496
v 4376 -632 -496
v 4376 -760 -496
v 4392 -760 -624
v 4392 -632 -624
v 4376 -760 -624
v 4376 -632 -624
v 4464 -744 -496
v 4464 -648 -496
v 4392 -648 -496
v 4392 -744 -496
v 4392 -744 -616
v 4392 -648 -616
v 4464 -648 -616
v 4464 -744 -616
v 4480 -760 -496
v 4480 -632 -496
v 4464 -632 -496
v 4464 -760 -496
v 4480 -760 -624
v 4480 -632 -624
v 4464 -760 -624
v 4464 -632 -624
v 4552 -744 -496
v 4552 -648 -496
v 4480 -648 -496
v 4480 -744 -496
v 4480 -744 -616
v 4480 -648 -616
v 4552 -648 -616
v 4552 -744 -616
v 4576 -760 -496
v 4576 -632 -496
v 4552 -632 -496
v 4552 -760 -496
v 4552 -760 -624
v 4552 -632 -624
v 4576 -632 -624
v 4376 -744 -624
v 4304 -744 -624
v 4304 -648 -624
v 4376 -648 -624
v 4392 -648 -624
v 4464 -648 -624
v 4464 -744 -624
v 4392 -744 -624
v 4480 -648 -624
v 4552 -648 -624
v 4552 -744 -624
v 4480 -744 -624
v 4576 -536 -496
v 4576 -627 -648
v 4192 -627.000061 -648
v 4192 -536 -496
v 4576 -632 -648
v 4192 -632 -648
v 4192 -872 -640
v 4192 -856 -640
v 4576 -856 -640
v 4576 -872 -640
v 4576 -856 -496
v 4192 -856 -496
v 4784 -1140 -1328
v 4784 -1140 -1264
v 4848 -1136 -1264
v 4848 -1136 -1328
v 4848 -1216 -1264
v 4784 -1216 -1264
v 4736 -1144 -1304
v 4736 -1216 -1304
v 4760 -1216 -1279.99988
v 4760 -1144 -1279.99988
v 4736 -1144 -1303.99988
v 4784 -1140 -1327.99988
v 4760 -1144 -1280.00012
v 4784 -1140 -1264.00012
v 4760 -1144 -1280
v 4760 -1216 -1280
v 4720 -1140 -1328
v 4720 -1216 -1328
v 4720 -1136 -1392
v 4784 -1136 -1392
v 4720 -1216 -1392
v 4720 -1136 -1423.99988
v 4784 -1136 -1487.99988
v 4720 -1216 -1423.99988
v 4784 -1216 -1487.99988
v 4784 -1216 -1392
v 4480 -1136 -1392
v 4480 -1136 -1423.99988
v 4416 -1136 -1488
v 4416 -1136 -1392
v 4480 -1216 -1423.99988
v 4480 -1216 -1392
v 4416 -1216 -1487.99988
v 4416 -1216 -1392
v 4416 -1140 -1328
v 4480 -1140 -1328
v 4480 -1216 -1328
v 4464 -1144 -1304.00012
v 4464 -1216 -1304.00012
v 4440 -1144 -1280
v 4440 -1216 -1280
v 4415.99951 -1140 -1328.00024
v 4416 -1140 -1327.99976
v 4416 -1140 -1264
v 4440 -1144 -1279.99988
v 4440 -1216 -1279.99988
v 4416 -1216 -1264
v 4352 -1136 -1264
v 4352 -1136 -1328
v 4352 -1216 -1264
v 4416 -1148 -1264
v 4784 -1148 -1264
v 4784 -1148 -1328
v 4416 -1148 -1328
v 3552 -1136 -1264
v 3552 -1136 -1328
v 3552 -1216 -1264
v 3680 -1148 -1072
v 3680 -1148 -1264
v 3680 -1128 -988
v 4108 -1128 -988
v 4128 -1128 -1008
v 3680 -1128 -1008
v 3680 -1216 -1008
v 4128 -1216 -1008
v 4172 -1132 -988
v 4192 -1132 -1007.99994
v 4192 -1216 -1007.99994
v 4192 -1128 -943.999878
v 4172 -1128 -923.999878
v 4192 -1216 -943.999878
v 4172 -1128 -816
v 4192 -1128 -816
v 4192 -1216 -816
v 3680 -1128 -496
v 4172 -1128 -496
v 3712 -832 -1000
v 3712 -832 -496
v 4160 -832 -496
v 4160 -832 -1000
v 3712 -912 -1000
v 4160 -912 -1000
v 4160 -912 -496
v 3712 -912 -496
v 4172 -912 -988
v 4172 -912 -960
v 4172 -1132 -960
v 4144 -1132 -988
v 4144 -912 -988
v 4144 -1132 -960
v 4144 -912 -960
v 4160 -511.999939 -752
v 4160 -616 -1008
v 3712 -616 -1008
v 3712 -511.999939 -752
v 3712 -632 -1008
v 4160 -632 -1008
v 4160 -632 -752
v 3712 -632 -752
v 3712 -656 -1000
v 3712 -632 -1000
v 4160 -632 -1000
v 4160 -656 -1000
v 4160 -656 -496
v 4160 -632 -496
v 3712 -632 -496
v 3712 -656 -496
v 4160 -615.999939 -496
v 3712 -615.999939 -496
v 4012 -1132 -988
v 4012 -912 -988
v 4012 -912 -960
v 4012 -1132 -960
v 3984 -1132 -988
v 3984 -912 -988
v 3984 -1132 -960
v 3984 -912 -960
v 3852 -1132 -988
v 3852 -912 -988
v 3852 -912 -960
v 3852 -1132 -960
v 3824 -1132 -988
v 3824 -912 -988
v 3824 -1132 -960
v 3824 -912 -960
v 5280 -1088 -1008
v 5280 -1088 -1072
v 5280 -1216 -1072
v 5280 -1216 -1008
v 4864 -1216 -1008
v 5280 -1100 -1072
v 5280 -1100 -1264
v 4160 -832 -1008
v 4160 -600 -1008
v 4192 -600 -1008
v 4192 -832 -1008
v 4192 -496 -752
v 4192 -600 -496
v 4192 -832 -496
v 4160 -600 -496
v 4160 -496 -752
v 4192 -912 -1008
v 4160 -912 -1008
v 4192 -912 -496
v 3680 -832 -1008
v 3680 -600 -1008
v 3712 -600 -1008
v 3712 -832 -1008
v 3712 -496 -752
v 3712 -600 -496
v 3680 -600 -496
v 3680 -832 -496
v 3680 -496 -752
v 3712 -912 -1008
v 3680 -912 -1008
v 3680 -912 -496
v 3744 -1140 -1072
v 3744 -1216 -1072
v 3728 -1216 -1096
v 3728 -1144 -1096
v 3680 -1140 -1072
v 3704 -1216 -1120
v 3704 -1144 -1120
v 3680.00024 -1140 -1072.00012
v 3727.99976 -1144 -1096
v 3704 -1144 -1119.99976
v 3704 -1144 -1119.99988
v 3680 -1140 -1135.99988
v 3680 -1140 -1071.99988
v 3680 -1216 -1136
v 3680 -1140 -1136
v 3616 -1136 -1072
v 3616 -1136 -1136
v 3616 -1216 -1136
v 3680 -1136 -1008
v 3808 -1136 -1008.00006
v 3808 -1136 -1072
v 3808 -1216 -1072
v 3744 -1139.99988 -1072
v 3808 -1135.99988 -1072
v 3424 -1136 -1072
v 3424 -1136 -1136
v 3424 -1216 -1136
v 3392 -380 -1104
v 3424 -380 -1072
v 3680 -380 -1072
v 3712 -380 -1104
v 3392 -412 -1104
v 3712 -412 -1104
v 3680 -412 -1072
v 3424 -412 -1072
v 2912 -1136 -1008
v 2912 -1140 -1072
v 2848 -1140 -1072
v 2848 -1136 -1008
v 2848 -1216 -1072
v 2848 -1216 -1008
v 2912 -956 -816
v 2912 -956 -1072
v 2912 -1216 -1072
v 2912 -1216 -816
v 3168 -956 -1072
v 3168 -1216 -1072
v 3168 -956 -816
v 3168 -1216 -816
v 3408 -444 -1088
v 3408 -412 -1088
v 3696 -412 -1088
v 3696 -444 -1088
v 3680 -444 -1072
v 3424 -444 -1072
v 2888 -1144 -1119.99988
v 2888 -1216 -1119.99988
v 2864 -1216 -1095.99988
v 2864 -1144 -1095.99988
v 2912 -1140 -1071.99988
v 3168 -380 -912
v 3168 -380 -496
v 3424 -380 -496
v 3424 -380 -912
v 3424 -956 -496
v 3168 -956 -496
v 3168 -956 -912
v 3424 -956 -912
v 2976 -1136 -1136
v 2912 -1140 -1136
v 2976 -1136 -1072
v 2912 -1216 -1136
v 2976 -1216 -1136
v 3408 -444 -927.999939
v 3408 -412 -927.999939
v 3408 -412 -1088.00012
v 3408 -444 -1088.00012
v 3424 -444 -1072.00012
v 3424 -444 -911.999939
v 2888 -1144 -1120
v 2888 -1216 -1120
v 3392 -380 -1104.00012
v 3392 -380 -943.999939
v 3424 -380 -911.999939
v 3424 -380 -1072.00012
v 3392 -412 -943.999939
v 3392 -412 -1104.00012
v 3424 -412 -1072.00012
v 3424 -412 -911.999939
v 2911.99976 -1140 -1072
v 3696 -444 -1088.00012
v 3696 -412 -1088.00012
v 3696 -412 -496
v 3696 -444 -496
v 3680 -412 -496
v 3680 -444 -496
v 3680 -444 -1072.00012
v 3680 -380 -1072.00012
v 3680 -380 -496
v 3712 -380 -496
v 3712 -380 -1104.00012
v 3712 -412 -1104.00012
v 3712 -412 -496
v 3680 -412 -1072.00012
v 3424 -700 -496
v 3424 -700 -1072
v 3680 -700 -1072
v 3680 -700 -496
v 3424 -956 -1072
v 3680 -956 -1072
v 3680 -956 -496
v 2528 -796 -1240
v 2528 -188 -1104
v 2528 -188 -1240
v 2624 -796 -1240
v 2624 -188 -1240
v 2624 -188 -1104
v 2912 -380 -1072
v 2912 -380 -496
v 3168 -380 -1072
v 3168 -700 -496
v 2912 -700 -496
v 2912 -700 -1072
v 3168 -700 -1072
v 2912 -956 -496
v 3224 -886.000122 -936
v 3296.00024 -832 -936
v 3368 -885.999939 -936
v 3368 -904 -936
v 3224 -904 -936
v 3296 -831.999939 -912
v 3296 -831.999939 -936
v 3224 -886 -936
v 3224 -886 -912
v 3368 -886.000061 -936
v 3296 -832.000061 -936
v 3296 -832.000061 -912
v 3368 -886.000061 -912
v 3368 -885.999939 -912
v 3368 -904 -912
v 3224 -904 -912
v 3224 -886.000122 -912
v 3248 -983 -930
v 3248 -983 -918
v 3252 -983 -918
v 3252 -983 -930
v 3252 -1003 -918
v 3252 -1003 -930
v 3248 -1003 -918
v 3248 -1003 -930
v 3216 -1072 -944
v 3376 -1072 -944
v 3376 -1080 -944
v 3216 -1080 -944
v 3376 -1072 -912
v 3216 -1072 -912
v 3216 -1080 -912
v 3376 -1080 -912
v 3288 -928 -924
v 3288 -912 -924
v 3304 -912 -924
v 3304 -928 -924
v 3304 -912 -920
v 3304 -928 -920
v 3288 -912 -920
v 3288 -928 -920
v 3248 -904 -920
v 3344 -904 -920
v 3344 -936 -920
v 3248 -936 -920
v 3344 -936 -912
v 3248 -936 -912
v 3297 -936 -916
v 3344 -936 -916
v 3344 -1072 -916
v 3297 -1072 -916
v 3224 -904 -932
v 3248 -904 -932
v 3248 -1072 -932
v 3224 -1072 -932
v 3224 -1072 -912
v 3248 -904 -912
v 3248 -1072 -912
v 3344 -904 -932
v 3368 -904 -932
v 3368 -1072 -932
v 3344 -1072 -932
v 3368 -1072 -912
v 3344 -1072 -912
v 3344 -904 -912
v 3416 -956 -1080
v 3688 -956 -1080
v 3416 -972 -1080
v 3688 -972 -1080
v 3680 -972 -1072
v 3424 -972 -1072
v 3488 -1148 -1136
v 3680 -1148 -1136
v 3488 -1148 -1264
v 3424 -1140 -1328
v 3424 -1216 -1328
v 3440 -1216 -1304
v 3440 -1144 -1304
v 3488 -1140 -1328
v 3464 -1144 -1280
v 3488 -1140 -1264
v 3488 -1140 -1328.00012
v 3488 -1216 -1264
v 3464 -1216 -1280
v 3488 -1136 -1392
v 3360 -1136 -1392
v 2976 -1136 -1328
v 3360 -1136 -1328
v 2976 -1136 -1392
v 2976 -1216 -1328
v 3360 -1216 -1328
v 3424 -1140.00012 -1328
v 3360 -1136.00012 -1328
v 4768 -888 -848
v 4768 -856 -848
v 4768 -856 -784
v 4768 -888 -784
v 4752 -888 -848
v 4752 -856 -848
v 4752 -888 -784
v 4752 -856 -784
v 4608 -856 -872
v 4608 -840 -872
v 4608 -840 -784
v 4608 -856 -784
v 5344 -498.424316 -605.128296
v 5344 -345.939453 -368
v 5344 -624 -368
v 5344 -624 -605.128296
v 4608 -498.424316 -605.128296
v 4608 -345.939453 -368
v 4608 -624 -368
v 4608 -624 -605.128296
v 4624 -888 -848
v 4624 -856 -848
v 4624 -856 -784
v 4624 -888 -784
v 4608 -888 -848
v 4608 -856 -848
v 4608 -888 -784
v 4608 -704 -896
v 4608 -656 -920
v 4608 -656 -240
v 4608 -704 -240
v 4576 -704 -896
v 4576 -656 -920
v 4576 -656 -240
v 4576 -704 -240
v 4608 -552.242432 -764.307739
v 4608 -480.484863 -608.615479
v 4608 -606.060608 -608.615479
v 4608 -606.060608 -764.307739
v 4576 -552.242432 -764.307739
v 4576 -480.484863 -608.615479
v 4576 -606.060608 -608.615479
v 4576 -606.060608 -764.307739
v 4608 -328 -368
v 4608 -606.060608 -368
v 4576 -328 -368
v 4576 -606.060608 -368
v 4624 -912 -816
v 4624 -872 -816
v 4752 -872 -816
v 4752 -912 -816
v 4752 -912 -784
v 4752 -872 -784
v 4624 -872 -784
v 4624 -912 -784
v 4608 -640 -912
v 4608 -624 -912
v 5344 -624 -912
v 5344 -640 -912
v 5344 -640 -784
v 5344 -624 -784
v 4608 -624 -784
v 4608 -640 -784
v 4608 -606 -240
v 4608 -606 -920
v 4576 -606 -920
v 4576 -606 -240
v 5344 -570 -759
v 5344 -624 -759
v 4608 -624 -759
v 4608 -570 -759
v 4608 -624 -912.000122
v 5344 -624 -912.000122
v 4624 -1022 -816
v 4752 -1022 -816
v 4752 -1022 -784
v 4624 -1022 -784
v 4624 -1080 -824
v 4624 -888 -824
v 4624 -1080 -784
v 4608 -1080 -824
v 4608 -888 -824
v 4608 -1080 -784
v 5344 -570.181824 -758.564148
v 5344 -624 -758.564148
v 4608 -570.181824 -758.564148
v 4608 -624 -758.564148
v 4608 -552 -764
v 4608 -606 -764
v 4576 -606 -764
v 4576 -552 -764
v 4608 -1080 -896
v 4608 -840 -896
v 4608 -840 -240
v 4608 -1080 -240
v 4576 -1080 -896
v 4576 -840 -896
v 4576 -1080 -240
v 4576 -840 -240
v 4640 -1080 -240
v 4640 -1080 -1008
v 4576 -1080 -1008
v 4640 -1216 -1008
v 4640 -1216 -240
v 4576 -1216 -1008
v 4576 -1216 -240
v 4768 -1080 -824
v 4768 -888 -824
v 4768 -1080 -784
v 4752 -1080 -824
v 4752 -888 -824
v 4752 -1080 -784
v 4752 -1022 -820
v 4624 -1022 -820
v 4624 -1030 -820
v 4752 -1030 -820
v 4752 -1030 -784
v 4624 -1030 -784
v 4624 -872 -840
v 4624 -856 -840
v 4752 -856 -840
v 4752 -872 -840
v 5344 -808 -784
v 5344 -808 -872
v 4608 -808 -872
v 4608 -808 -784
v 4768 -1022 -816
v 4768 -912 -816
v 4896 -912 -816
v 4896 -1022 -816
v 4896 -1022 -784
v 4896 -912 -784
v 4768 -912 -784
v 4768 -1022 -784
v 4768 -1080 -816
v 4896 -1080 -816
v 4896 -1080 -784
v 4768 -872 -816
v 4896 -872 -816
v 4896 -872 -784
v 4768 -872 -784
v 4768 -872 -840
v 4768 -856 -840
v 4896 -856 -840
v 4896 -872 -840
v 4896 -856 -784
v 4912 -888 -848
v 4912 -856 -848
v 4912 -856 -784
v 4912 -888 -784
v 4896 -888 -848
v 4896 -856 -848
v 4896 -888 -784
v 4912 -1080 -824
v 4912 -888 -824
v 4912 -1080 -784
v 4896 -1080 -824
v 4896 -888 -824
v 4912 -872 -840
v 4912 -856 -840
v 5040 -856 -840
v 5040 -872 -840
v 5040 -872 -784
v 5040 -856 -784
v 4912 -872 -784
v 4912 -912 -816
v 4912 -872 -816
v 5040 -872 -816
v 5040 -912 -816
v 5040 -912 -784
v 4912 -912 -784
v 4912 -1072 -816
v 5040 -1072 -816
v 5040 -1072 -784
v 4912 -1072 -784
v 4912 -1080 -816
v 5040 -1080 -816
v 5040 -1080 -784
v 5056 -1080 -824
v 5056 -888 -824
v 5056 -888 -784
v 5056 -1080 -784
v 5040 -1080 -824
v 5040 -888 -824
v 5040 -888 -784
v 5056 -888 -848
v 5056 -856 -848
v 5056 -856 -784
v 5040 -888 -848
v 5040 -856 -848
v 4624 -1080 -816
v 4624 -1030 -816
v 4752 -1030 -816
v 4752 -1080 -816
v 4896 -1022 -820
v 4768 -1022 -820
v 4768 -1030 -820
v 4896 -1030 -820
v 5056 -912 -816
v 5056 -872 -816
v 5184 -872 -816
v 5184 -912 -816
v 5184 -912 -784
v 5184 -872 -784
v 5056 -872 -784
v 5056 -912 -784
v 5056 -1080 -816
v 5056 -1030 -816
v 5184 -1030 -816
v 5184 -1080 -816
v 5184 -1080 -784
v 5184 -1030 -784
v 5056 -1030 -784
v 5056 -1022 -816
v 5184 -1022 -816
v 5184 -1022 -784
v 5056 -1022 -784
v 5184 -1022 -820
v 5056 -1022 -820
v 5056 -1030 -820
v 5184 -1030 -820
v 5200 -1080 -824
v 5200 -888 -824
v 5200 -888 -784
v 5200 -1080 -784
v 5184 -1080 -824
v 5184 -888 -824
v 5184 -888 -784
v 5200 -888 -848
v 5200 -856 -848
v 5200 -856 -784
v 5184 -888 -848
v 5184 -856 -848
v 5184 -856 -784
v 5056 -872 -840
v 5056 -856 -840
v 5184 -856 -840
v 5184 -872 -840
v 5200 -872 -840
v 5200 -856 -840
v 5328 -856 -840
v 5328 -872 -840
v 5328 -872 -784
v 5328 -856 -784
v 5200 -872 -784
v 5328 -888 -848
v 5328 -856 -848
v 5328 -888 -784
v 5328 -1080 -824
v 5328 -888 -824
v 5328 -1080 -784
v 5200 -912 -816
v 5200 -872 -816
v 5328 -872 -816
v 5328 -912 -816
v 5328 -912 -784
v 5200 -912 -784
v 5200 -1022 -816
v 5328 -1022 -816
v 5328 -1022 -784
v 5200 -1022 -784
v 5328 -1022 -820
v 5200 -1022 -820
v 5200 -1030 -820
v 5328 -1030 -820
v 5328 -1030 -784
v 5200 -1030 -784
v 5200 -1080 -816
v 5200 -1030 -816
v 5328 -1030 -816
v 5328 -1080 -816
v 4624 -808 -864
v 4624 -696 -864
v 4752 -696 -864
v 4752 -808 -864
v 4752 -808 -784
v 4752 -696 -784
v 4624 -696 -784
v 4624 -808 -784
v 4624 -656 -864
v 4752 -656 -864
v 4752 -656 -784
v 4624 -656 -784
v 4624 -808 -872
v 4624 -672 -872
v 4624 -672 -784
v 4608 -672 -872
v 4608 -672 -784
v 4768 -808 -872
v 4768 -672 -872
v 4768 -672 -784
v 4768 -808 -784
v 4752 -808 -872
v 4752 -672 -872
v 4752 -672 -784
v 4624 -672 -896
v 4624 -640 -896
v 4624 -640 -784
v 4608 -672 -896
v 4608 -640 -896
v 4624 -656 -888
v 4624 -640 -888
v 4752 -640 -888
v 4752 -656 -888
v 4752 -640 -784
v 4768 -672 -896
v 4768 -640 -896
v 4768 -640 -784
v 4752 -672 -896
v 4752 -640 -896
v 4768 -656 -888
v 4768 -640 -888
v 4896 -640 -888
v 4896 -656 -888
v 4896 -656 -784
v 4896 -640 -784
v 4768 -656 -784
v 4912 -808 -872
v 4912 -672 -872
v 4912 -672 -784
v 4912 -808 -784
v 4896 -808 -872
v 4896 -672 -872
v 4896 -808 -784
v 4896 -672 -784
v 4768 -696 -864
v 4768 -656 -864
v 4896 -656 -864
v 4896 -696 -864
v 4896 -696 -784
v 4768 -696 -784
v 4912 -696 -864
v 4912 -656 -864
v 5040 -656 -864
v 5040 -696 -864
v 5040 -696 -784
v 5040 -656 -784
v 4912 -656 -784
v 4912 -696 -784
v 4912 -656 -888
v 4912 -640 -888
v 5040 -640 -888
v 5040 -656 -888
v 5040 -640 -784
v 4912 -640 -784
v 4912 -672 -896
v 4912 -640 -896
v 4896 -672 -896
v 4896 -640 -896
v 4912 -808 -864
v 5040 -808 -864
v 5040 -808 -784
v 4768 -808 -864
v 4896 -808 -864
v 5056 -656 -888
v 5056 -640 -888
v 5184 -640 -888
v 5184 -656 -888
v 5184 -656 -784
v 5184 -640 -784
v 5056 -640 -784
v 5056 -656 -784
v 5056 -672 -896
v 5056 -640 -896
v 5056 -672 -784
v 5040 -672 -896
v 5040 -640 -896
v 5040 -672 -784
v 5200 -656 -888
v 5200 -640 -888
v 5328 -640 -888
v 5328 -656 -888
v 5328 -656 -784
v 5328 -640 -784
v 5200 -640 -784
v 5200 -656 -784
v 5200 -672 -896
v 5200 -640 -896
v 5200 -672 -784
v 5184 -672 -896
v 5184 -640 -896
v 5184 -672 -784
v 5328 -672 -896
v 5328 -640 -896
v 5344 -640 -896
v 5344 -672 -896
v 5328 -672 -784
v 5344 -672 -784
v 5200 -696 -864
v 5200 -656 -864
v 5328 -656 -864
v 5328 -696 -864
v 5328 -696 -784
v 5200 -696 -784
v 5056 -696 -864
v 5056 -656 -864
v 5184 -656 -864
v 5184 -696 -864
v 5184 -696 -784
v 5056 -696 -784
v 5056 -808 -864
v 5184 -808 -864
v 5184 -808 -784
v 5056 -808 -784
v 5056 -808 -872
v 5056 -672 -872
v 5040 -808 -872
v 5040 -672 -872
v 5200 -808 -872
v 5200 -672 -872
v 5200 -808 -784
v 5184 -808 -872
v 5184 -672 -872
v 5200 -808 -864
v 5328 -808 -864
v 5328 -808 -784
v 5328 -808 -872
v 5328 -672 -872
v 5344 -672 -872
v 5344 -606.060608 -608.615479
v 5344 -606.060608 -368
v 5344 -328 -368
v 5344 -480.484863 -608.615479
v 5376 -328 -368
v 5376 -480.484863 -608.615479
v 5376 -606.060608 -368
v 5376 -606.060608 -608.615479
v 5344 -606.060608 -764.307739
v 5344 -552.242432 -764.307739
v 5376 -552.242432 -764.307739
v 5376 -606.060608 -764.307739
v 5344 -606 -764
v 5344 -552 -764
v 5344 -606 -920
v 5376 -552 -764
v 5376 -606 -764
v 5376 -606 -920
v 5344 -606 -368
v 5376 -606 -368
v 5344 -656 -368
v 5344 -656 -920
v 5376 -656 -920
v 5376 -656 -368
v 5344 -704 -896
v 5344 -704 -368
v 5376 -704 -896
v 5376 -704 -368
v 5376 -840 -896
v 5376 -840 -368
v 5376 -1080 -896
v 5376 -840 -744
v 4800 -1080 -784
v 4800 -1080 -912
v 4640 -1080 -912
v 4640 -1080 -784
v 4800 -1216 -784
v 4640 -1216 -784
v 4640 -1216 -912
v 4800 -1216 -912
v 5376 -1080 -1008
v 4800 -1080 -1008
v 4800 -1216 -1008
v 4656 -1128 -1024
v 4656 -1128 -1008
v 4784 -1128 -1008
v 4784 -1128 -1024
v 4656 -1136 -1024
v 4784 -1136 -1024
v 4656 -1120 -1008
v 4656 -1120 -992
v 4784 -1120 -992
v 4784 -1120 -1008
v 4656 -1136 -1008
v 4784 -1136 -1008
v 4656 -1112 -992
v 4656 -1112 -976
v 4784 -1112 -976
v 4784 -1112 -992
v 4656 -1136 -992
v 4784 -1136 -992
v 4656 -1104 -976
v 4656 -1104 -960
v 4784 -1104 -960
v 4784 -1104 -976
v 4656 -1136 -976
v 4784 -1136 -976
v 4656 -1096 -960
v 4656 -1096 -944
v 4784 -1096 -944
v 4784 -1096 -960
v 4656 -1136 -960
v 4784 -1136 -960
v 4656 -1088 -944
v 4656 -1088 -928
v 4784 -1088 -928
v 4784 -1088 -944
v 4656 -1136 -944
v 4784 -1136 -944
v 4656 -1080 -928.000061
v 4656 -1080 -912
v 4784 -1080 -912
v 4784 -1080 -928.000061
v 4656 -1136 -928
v 4784 -1136 -928
v 4640 -1080 -928.000061
v 4640 -1127 -1024
v 4640 -1136 -1024
v 4640 -1136 -912
v 4656 -1127 -1024
v 4656 -1136 -912
v 4784 -1127 -1024
v 4784 -1136 -912
v 4800 -1080 -928.000061
v 4800 -1127 -1024
v 4800 -1136 -912
v 4800 -1136 -1024
v 4920 -804 -1320
v 4920 -636 -1320
v 4920 -636 -1368
v 4920 -804 -1368
v 4968 -804 -1320
v 4968 -636 -1320
v 4824 -684 -1320
v 4824 -636 -1320
v 4824 -636 -1368
v 4824 -684 -1368
v 4920 -684 -1320
v 4920 -684 -1368
v 4824 -804 -1328
v 4824 -684 -1328
v 4824 -804 -1368
v 4920 -804 -1328
v 4920 -684 -1328
v 4920 -996 -1320
v 4920 -828 -1320
v 4920 -828 -1368
v 4920 -996 -1368
v 4968 -996 -1320
v 4968 -828 -1320
v 4920 -876 -1320
v 4824 -828 -1320
v 4824 -876 -1320
v 4824 -876 -1368
v 4920 -876 -1368
v 4776 -996 -1368
v 4776 -828 -1368
v 4824 -828 -1368
v 4824 -996 -1368
v 4776 -996 -1320
v 4776 -828 -1320
v 4824 -996 -1320
v 4920 -996 -1328
v 4920 -876 -1328
v 4824 -876 -1328
v 4824 -996 -1328
v 5016 -804 -1320
v 5016 -636 -1320
v 5016 -804 -1368
v 5016 -636 -1368
v 5112 -684 -1320
v 5112 -636 -1320
v 5016 -684 -1320
v 5016 -684 -1368
v 5112 -684 -1368
v 5112 -804 -1320
v 5112 -636 -1368
v 5112 -804 -1368
v 5160 -804 -1320
v 5160 -636 -1320
v 5112 -804 -1328
v 5112 -684 -1328
v 5016 -684 -1328
v 5016 -804 -1328
v 5016 -996 -1320
v 5016 -828 -1320
v 5016 -996 -1368
v 5016 -828 -1368
v 5112 -876 -1320
v 5112 -828 -1320
v 5016 -876 -1320
v 5016 -876 -1368
v 5112 -876 -1368
v 5112 -996 -1320
v 5112 -828 -1368
v 5112 -996 -1368
v 5160 -996 -1320
v 5160 -828 -1320
v 5112 -996 -1328
v 5112 -876 -1328
v 5016 -876 -1328
v 5016 -996 -1328
v 5304 -684 -1320
v 5304 -636 -1320
v 5208 -636 -1320
v 5208 -684 -1320
v 5208 -684 -1368
v 5304 -684 -1368
v 5208 -804 -1320
v 5208 -804 -1368
v 5208 -636 -1368
v 5304 -876 -1320
v 5304 -828 -1320
v 5208 -828 -1320
v 5208 -876 -1320
v 5208 -876 -1368
v 5304 -876 -1368
v 5208 -996 -1320
v 5208 -996 -1368
v 5208 -828 -1368
v 5304 -996 -1328
v 5304 -876 -1328
v 5208 -876 -1328
v 5208 -996 -1328
v 5304 -804 -1328
v 5304 -684 -1328
v 5208 -684 -1328
v 5208 -804 -1328
v 5360 -612 -1904
v 4768 -612 -1904
v 4768 -612 -1312
v 5360 -612 -1312
v 4768 -636 -1904
v 5360 -636 -1904
v 4768 -636 -1312
v 5360 -636 -1312
v 5356 -996 -1904
v 4776 -996 -1904
v 4776 -996 -1316
v 5356 -996 -1316
v 4768 -1064 -1508
v 4768 -872 -1508
v 4488 -872 -1508
v 4488 -1064 -1508
v 4488 -1064 -1664
v 4488 -872 -1664
v 4768 -872 -1664
v 4768 -1064 -1664
v 4488 -1216 -1528
v 4488 -992 -1528
v 4424 -992 -1528
v 4424 -1216 -1528
v 4424 -1216 -1664
v 4424 -992 -1664
v 4488 -992 -1664
v 4488 -1216 -1664
v 4776 -876 -1368
v 4776 -828 -1464
v 4776 -876 -1464
v 4824 -876 -1464
v 4784 -996 -1368
v 4784 -876 -1368
v 4784 -876 -1464
v 4784 -996 -1464
v 4776 -828 -1904
v 4824 -828 -1904
v 4824 -996 -1904
v 4776 -996 -1464
v 4824 -996 -1464
v 4824 -828 -1464
v 4416 -1128 -1488
v 4784 -1128 -1488
v 4784 -1128 -1508
v 4416 -1128 -1508
v 4416 -1216 -1488
v 4784 -1216 -1488
v 4416 -1216 -1508
v 4784 -1216 -1508
v 4424 -1120 -1508
v 4488 -1120 -1508
v 4488 -1120 -1528
v 4424 -1120 -1528
v 4424 -1216 -1508
v 4488 -1216 -1508
v 4424 -1064 -1508
v 4416 -1064 -1508
v 4424 -1064 -1664
v 4416 -1216 -1664
v 4416 -1064 -1664
v 4424 -992 -1508
v 4416 -992 -1508
v 4416 -992 -1664
v 4544 -1136 -1488
v 4480 -1136 -1424
v 4544 -1216 -1488
v 4480 -1216 -1424
v 4720 -1136 -1423.99963
v 4784.00049 -1136 -1488
v 4656 -1136 -1488
v 4656 -1216 -1488
v 4784.00049 -1216 -1488
v 4720 -1216 -1423.99963
v 4600 -1144 -1424
v 4544 -1136 -1488.00012
v 4600 -1216 -1424
v 4720 -1136 -1424
v 4720 -1216 -1424
v 4600 -1148 -1424
v 4480 -1140 -1424
v 4480 -1148 -1327.99988
v 4480 -1216 -1327.99988
v 4480 -1148 -1328
v 4720 -1148 -1328
v 4720 -1148 -1327.99988
v 4720 -1140 -1424
v 4720 -1216 -1327.99988
v 4776 -872 -1508
v 4776 -828 -1508
v 4416 -828 -1508
v 4416 -872 -1508
v 4416 -872 -1664
v 4416 -828 -1664
v 4776 -828 -1664
v 4776 -872 -1664
v 4784 -1064 -1508
v 4784 -1064 -1664
v 4784 -1216 -1664
v 4336 -1148 -912
v 4432 -1148 -912
v 4432 -1148 -1008
v 4336 -1148 -1008
v 4336 -1148 -911.999878
v 4256 -1148 -1008
v 4512 -1140 -912
v 4512 -1148 -1008
v 4256 -1148 -1007.99988
v 4256 -1140 -912
v 4336 -1136 -879.999939
v 4432 -1136 -880.000061
v 4432 -1144 -912
v 4336 -1144 -912
v 4432 -1216 -912
v 4336 -1216 -912
v 4432 -1216 -880
v 4336 -1216 -879.999939
v 4336 -1136 -848
v 4432 -1136 -848
v 4432 -1216 -848
v 4336 -1216 -848
v 4288 -1136 -912
v 4288 -1216 -912
v 4256 -1136 -912
v 4256 -1216 -912
v 4480 -1136 -912
v 4480 -1216 -912
v 3712 -832 -984
v 3712 -656 -984
v 3840 -656 -984
v 3840 -832 -984
v 3840 -656 -496
v 3840 -832 -496
v 3872 -832 -984
v 3872 -656 -984
v 4000 -656 -984
v 4000 -832 -984
v 4000 -656 -496
v 3872 -656 -496
v 3872 -832 -496
v 4000 -832 -496
v 4032 -832 -984
v 4032 -656 -984
v 4160 -656 -984
v 4160 -832 -984
v 4032 -656 -496
v 4032 -832 -496
v 3840 -656 -992
v 3840 -832 -992
v 3872 -656 -992
v 3872 -832 -992
v 4000 -656 -992
v 4000 -832 -992
v 4032 -656 -992
v 4032 -832 -992
v 4776 -612 -1904
v 4776 -572 -1904
v 5352 -572 -1904
v 5352 -612 -1904
v 4776 -612 -1320
v 4776 -572 -1320
v 5352 -612 -1320
v 5352 -572 -1320
v 4488 -992 -1508
v 4488 -976 -1508
v 4416 -976 -1508
v 4416 -976 -1664
v 4488 -976 -1664
v 2592 -1084 -1104
v 2592 -1216 -1104
v 2624 -1216 -1104
v 2592 -1084 -1164
v 2624 -1216 -1164
v 2624 -1084 -1164
v 2592 -1008 -1104
v 2592 -1008 -1164
v 2624 -1008 -1164
v 2592 -982 -1104
v 2592 -982 -1168
v 2624 -982 -1168
v 2592 -828 -1179
v 2592 -963.000061 -1179
v 2624 -828 -1179
v 2592 -962.999939 -1179
v 2624 -962.999939 -1179
v 2624 -963.000061 -1179
v 2592 -889 -1179
v 2592 -889 -1199
v 2592 -950 -1199
v 2624 -950 -1199
v 2624 -889 -1179
v 2624 -950.000061 -1199
v 2624 -889 -1199
v 2592 -946 -1218
v 2592 -889 -1218
v 2624 -946.000061 -1218
v 2624 -889 -1218
v 2592 -889 -1232
v 2592 -945 -1232
v 2624 -945 -1232
v 2624 -889 -1232
v 2592 -828 -1232
v 2624 -828 -1232
v 2592 -828 -1285
v 2592 -889 -1285
v 2624 -828 -1285
v 2624 -889 -1285
v 2592 -889 -1246
v 2592 -946 -1246
v 2624 -946 -1246
v 2624 -889 -1246
v 2592 -889 -1265
v 2592 -950 -1265
v 2624 -950 -1265
v 2624 -889 -1265
v 2592 -962.999939 -1285
v 2624 -963.000061 -1285
v 2592 -963.000061 -1285
v 2592 -828 -1360
v 2592 -982 -1360
v 2592 -982 -1296
v 2624 -828 -1360
v 2624 -962.999939 -1285
v 2624 -982 -1296
v 2624 -982 -1360
v 2592 -1008 -1360
v 2592 -1008 -1300
v 2624 -1008 -1300
v 2624 -1008 -1360
v 2592 -1084 -1360
v 2592 -1084 -1300
v 2624 -1084 -1300
v 2624 -1084 -1360
v 2592 -1216 -1360
v 2624 -1216 -1300
v 2624 -1216 -1360
v 3680 -956 -1072.00012
v 3680 -956 -988
v 3688 -956 -988
v 3688 -956 -1080.00012
v 3688 -972 -1080.00012
v 3688 -972 -988
v 3680 -972 -988
v 3680 -972 -1072.00012
v 3176 -956 -1080
v 2904 -956 -1080
v 2904 -972 -1080
v 3176 -972 -1080
v 3168 -972 -1072
v 2912 -972 -1072
v 2912 -956 -848
v 2912 -956 -1071.99988
v 2904 -956 -1079.99988
v 2904 -956 -848
v 2904 -972 -848
v 2904 -972 -1079.99988
v 2912 -972 -1071.99988
v 2912 -972 -848
v 3424 -956 -816
v 3424 -1216 -1072
v 3424 -1216 -816
v 3680 -1216 -1072
v 3680 -956 -816
v 3184 -1096 -992
v 3184 -1096 -976
v 3408 -1096 -976
v 3408 -1096 -992
v 3184 -1136 -992
v 3408 -1136 -992
v 3168 -1124 -1056
v 3168 -1068 -944
v 3184 -1068 -943.999939
v 3184 -1124 -1056
v 3184 -1068 -912
v 3184 -1136 -912
v 3184 -1136 -1056
v 3168 -1136 -1056
v 3168 -1068 -912
v 3408 -1068 -943.999939
v 3408 -1124 -1056
v 3408 -1136 -1056
v 3408 -1136 -912
v 3408 -1068 -912
v 3424 -1068 -943.999939
v 3424 -1124 -1056
v 3424 -1136 -1056
v 3424 -1068 -912
v 3184 -1104 -1008
v 3184 -1104 -992
v 3408 -1104 -992
v 3408 -1104 -1008
v 3184 -1136 -1008
v 3408 -1136 -1008
v 3184 -1112 -1024
v 3184 -1112 -1008
v 3408 -1112 -1008
v 3408 -1112 -1024
v 3184 -1136 -1024
v 3408 -1136 -1024
v 3184 -1120 -1040
v 3184 -1120 -1024
v 3408 -1120 -1024
v 3408 -1120 -1040
v 3184 -1136 -1040
v 3408 -1136 -1040
v 3184 -1128 -1056
v 3184 -1128 -1040
v 3408 -1128 -1040
v 3408 -1128 -1056
v 3184 -1088 -976
v 3184 -1088 -960
v 3408 -1088 -960
v 3408 -1088 -976
v 3184 -1136 -976
v 3408 -1136 -976
v 3184 -1080 -960
v 3184 -1080 -912
v 3408 -1080 -912
v 3408 -1080 -960
v 3184 -1136 -960
v 3408 -1136 -960
v 3176 -956 -920
v 3176 -972 -920
v 3168 -972 -912
v 3424 -956 -1072.00012
v 3416 -956 -1080.00012
v 3416 -956 -920
v 3416 -972 -920
v 3416 -972 -1080.00012
v 3424 -972 -1072.00012
v 3424 -972 -912
v 3168 -1216 -912
v 3424 -1216 -912
v 3168 -1216 -496
v 3424 -1216 -496
v 3224 -956 -912
v 3224 -956 -920
v 3224 -972 -920
v 3224 -972 -912
v 3368 -956 -920
v 3368 -956 -912
v 3368 -972 -920
v 3368 -972 -912
v 3184 -444 -928
v 3184 -412 -927.999939
v 3408 -444 -928
v 3168 -444 -911.999939
v 3200 -380 -943.999939
v 3200 -412 -943.999939
v 3168 -412 -911.999939
v 2912 -380 -1071.99988
v 2880 -380 -1103.99988
v 2880 -380 -496
v 2880 -412 -496
v 2880 -412 -1103.99988
v 2912 -412 -496
v 2912 -412 -1071.99988
v 2896 -444 -496
v 2896 -412 -496
v 2896 -412 -1087.99988
v 2896 -444 -1087.99988
v 2912 -444 -496
v 2912 -444 -1071.99988
v 2911.99976 -380 -1072
v 3200 -380 -1104
v 2880 -380 -1104
v 2880 -412 -1104
v 3200 -412 -1104
v 3168 -412 -1072
v 2911.99976 -412 -1072
v 2896 -444 -1088
v 2896 -412 -1088
v 3184 -412 -1088
v 3184 -444 -1088
v 3168 -444 -1072
v 2911.99976 -444 -1072
v 3184 -444 -927.999939
v 3168 -1136 -1072
v 3168 -1136 -1136
v 3168 -1216 -1136
v 3200 -1144 -1136
v 3200 -1216 -1136
v 3392 -1144 -1136
v 3392 -1216 -1136
v 3168 -1136 -912
v 3424 -1136 -912
v 4200 -652 -844
v 4200 -652 -956
v 4192 -652 -956
v 4192 -652 -844
v 4200 -764 -972
v 4200 -668 -972
v 4200 -780 -844
v 4200 -780 -956
v 4192 -764 -972
v 4192 -668 -972
v 4192 -780 -844
v 4192 -780 -956
v 4192 -652 -796
v 4200 -652 -796
v 4200 -668 -780
v 4200 -764 -780
v 4200 -780 -796
v 4192 -668 -780
v 4192 -764 -780
v 4192 -780 -796
v 4092 -1128 -836
v 4092 -1120 -836
v 4180 -1120 -836
v 4180 -1128 -836
v 4180 -1120 -808
v 4180 -1128 -808
v 4092 -1120 -808
v 4092 -1128 -808
v 4096 -1064 -808
v 3952 -1064 -808
v 3952 -920 -808
v 4096 -920 -808
v 4096 -1064 -496
v 4096 -920 -496
v 3952 -920 -496
v 3952 -1064 -496
v 3680 -1136 -816
v 3680 -912 -816
v 3720 -912 -816
v 3720 -1136 -816
v 3720 -912 -496
v 4168 -912 -816
v 4192 -912 -816
v 4168 -912 -496
v 4168 -992 -808
v 4168 -1120 -808
v 4104 -1120 -808
v 4104 -992 -808
v 4168 -1120 -496
v 4168 -992 -496
v 4104 -992 -496
v 4104 -1120 -496
v 4104 -984 -808
v 4104 -920 -808
v 4168 -920 -808
v 4168 -984 -808
v 4104 -984 -496
v 4168 -984 -496
v 4168 -920 -496
v 4104 -920 -496
v 3720 -984 -808
v 3720 -920 -808
v 3784 -920 -808
v 3784 -984 -808
v 3784 -920 -496
v 3720 -920 -496
v 3720 -984 -496
v 3784 -984 -496
v 3720 -1120 -808
v 3720 -992 -808
v 3784 -992 -808
v 3784 -1120 -808
v 3720 -992 -496
v 3720 -1120 -496
v 3784 -1120 -496
v 3784 -992 -496
v 3792 -920 -808
v 3936 -920 -808
v 3936 -1064 -808
v 3792 -1064 -808
v 3936 -1064 -496
v 3936 -920 -496
v 3792 -920 -496
v 3792 -1064 -496
v 3708 -1128 -836
v 3708 -1120 -836
v 3796 -1120 -836
v 3796 -1128 -836
v 3796 -1120 -808
v 3708 -1120 -808
v 3796 -1128 -808
v 3708 -1128 -808
v 3936 -920 -816
v 3936 -1064 -816
v 3952 -920 -816
v 3952 -1064 -816
v 3720 -920 -816
v 4168 -920 -816
v 3792 -1064 -816
v 4096 -1064 -816
v 3792 -1128 -816
v 4096 -1128 -816
v 4096 -1128 -496
v 4104 -984 -816
v 4168 -984 -816
v 4104 -992 -816
v 4168 -992 -816
v 3720 -984 -816
v 3784 -984 -816
v 3720 -992 -816
v 3784 -992 -816
v 4096 -920 -816
v 4104 -920 -816
v 4104 -1128 -816
v 3784 -920 -816
v 3792 -920 -816
v 3784 -1128 -816
v 3784 -1128 -496
v 2624 -857 -1223.00012
v 2633 -857 -1232.00012
v 2624 -857 -1241.00012
v 2633 -881 -1232.00012
v 2624 -881 -1223.00012
v 2624 -881 -1241
v 2624 -857 -1241
v 2633 -857 -1232
v 2633 -881 -1232
v 2624 -881 -1241.00012
v 4784 -872 -1508
v 4784 -872 -1664
v 2848 -1136 -928
v 2912 -1136 -928
v 2848 -1216 -928
v 2676 -1148 -1072
v 2912 -1148 -1072
v 2912 -1148 -1392
v 2676 -1148 -1392
v 2676 -1144 -1124
v 2656 -1140 -1124
v 2676 -1216 -1124
v 2656 -1216 -1124
v 2624 -1140 -1124
v 2624 -1216 -1124
v 2656 -1216 -1104
v 2676 -1140 -848
v 2676 -1140 -1104
v 2676 -1216 -848
v 2676 -1216 -1104
v 2656 -1216 -848
v 2676 -1140 -912
v 2848 -1140 -912
v 2848 -1148 -1072
v 2656 -796 -1104
v 2656 -796 -847.999878
v 2672 -796 -864
v 2672 -796 -1120
v 2672 -828 -864
v 2672 -828 -1120
v 2672 -828 -863.999878
v 2656 -828 -848
v 2624 -1140 -1360
v 2624 -1140 -1340
v 2656 -1140 -1340
v 2656 -1140 -1360
v 2624 -1216 -1340
v 2656 -1216 -1340
v 2676 -1144 -1340
v 2676 -1216 -1340
v 2676 -1144 -1339.99988
v 2676 -1140 -1360
v 2676 -1216 -1339.99988
v 2676 -1216 -1360
v 2624 -796 -1359.99988
v 2624 -796 -1104.00012
v 2640 -796 -1120.00012
v 2640 -796 -1343.99988
v 2624 -828 -1359.99988
v 2624 -828 -1104.00012
v 2640 -828 -1120.00012
v 2640 -828 -1343.99988
v 2640 -828 -1120
v 2640 -796 -1120
v 2692 -1216 -496
v 2692 -1024 -496
v 2656 -1024 -496
v 2656 -1216 -496
v 2692 -1024 -848
v 2656 -1024 -848
v 2692 -796 -496
v 2656 -796 -496
v 2692 -796 -848
v 2656 -796 -848
v 2912 -796 -848
v 2912 -796 -864
v 2912 -828 -864
v 2912 -828 -848
v 2676 -1112 -880.000061
v 2676 -1136 -928
v 2676 -1216 -928
v 2676 -1112 -848
v 2692 -1112 -880.000061
v 2692 -1136 -928
v 2692 -1216 -928
v 2692 -1112 -848
v 2692 -1132 -912
v 2692 -1132 -896
v 2832 -1132 -896
v 2832 -1132 -912
v 2692 -1216 -912
v 2832 -1216 -912
v 2832 -1216 -896
v 2692 -1216 -896
v 2692 -1124 -896
v 2692 -1124 -880
v 2832 -1124 -880
v 2832 -1124 -896
v 2692 -1116 -880
v 2692 -1116 -832
v 2832 -1116 -832
v 2832 -1116 -880
v 2832 -1112 -880.000061
v 2832 -1136 -928
v 2832 -1216 -928
v 2832 -1112 -848
v 2848 -1112 -880.000061
v 2848 -1216 -848
v 2848 -1112 -848
v 2848 -1128 -848
v 2912 -1128 -848
v 2912 -1216 -928
v 2912 -1216 -848
v 2912 -1024 -496
v 2912 -796 -496
v 2832 -796 -496
v 2832 -1024 -496
v 2832 -1024 -848
v 2832 -796 -848
v 2912 -1024 -848
v 2912 -1216 -496
v 2832 -1216 -496
v 2832 -956 -496
v 2692 -956 -496
v 2692 -956 -848
v 2832 -956 -848
v 2816 -1216 -496
v 2816 -972 -496
v 2708 -972 -496
v 2708 -1216 -496
v 2708 -972 -832
v 2816 -972 -832
v 2832 -972 -496
v 2692 -972 -496
v 2692 -972 -840
v 2692 -956 -840
v 2832 -956 -840
v 2832 -972 -840
v 2816 -972 -840
v 2708 -972 -840
v 2848 -1128 -1616
v 2848 -1136 -1456
v 2912 -1136 -1456
v 2912 -1128 -1616
v 2848 -1216 -1616
v 2848 -1216 -1456
v 2912 -1216 -1616
v 2912 -1216 -1456
v 2656 -796 -1872
v 2656 -796 -1359.99988
v 2672 -796 -1343.99988
v 2672 -796 -1872
v 2672 -828 -1872
v 2672 -828 -1343.99988
v 2656 -828 -1872
v 2656 -828 -1359.99988
v 2640 -796 -1344
v 2672 -796 -1344
v 2656 -796 -1360
v 2624 -796 -1360
v 2640 -828 -1344
v 2672 -828 -1344
v 2656 -828 -1360
v 2639.99976 -828 -1344
v 2863 -961 -1616
v 2872 -961 -1607
v 2881 -961 -1616
v 2872 -985 -1607
v 2863 -985 -1616
v 2881 -985 -1616
v 2872 -961 -1606.99988
v 2872 -985 -1606.99988
v 2881 -961 -847
v 2872 -961 -856
v 2863 -961 -847
v 2863 -985 -847
v 2872 -985 -856
v 2881 -985 -847
v 3848 -918 -920
v 3848 -912 -920
v 3848 -912 -856
v 3848 -918 -856
v 3832 -918 -856
v 3832 -912 -856
v 3832 -912 -920
v 3832 -918 -920
v 4008 -918 -920
v 4008 -912 -920
v 4008 -912 -856
v 4008 -918 -856
v 3992 -918 -856
v 3992 -912 -856
v 3992 -912 -920
v 3992 -918 -920
v 4168 -918 -920
v 4168 -912 -920
v 4168 -912 -856
v 4168 -918 -856
v 4152 -918 -856
v 4152 -912 -856
v 4152 -912 -920
v 4152 -918 -920
v 3708 -912 -848
v 3708 -912 -816
v 3708 -1132 -816
v 3708 -1132 -848
v 3680 -1132 -848
v 3680 -912 -848
v 3708 -1132 -988
v 3708 -912 -988
v 3708 -912 -952
v 3708 -1132 -952
v 3680 -1132 -988
v 3680 -912 -988
v 3680 -912 -952
v 3680 -1132 -952
v 3708 -928 -952
v 3708 -928 -848
v 3680 -928 -848
v 3680 -928 -952
v 3708 -1088 -848
v 3708 -1088 -952
v 3680 -1088 -952
v 3680 -1088 -848
v 3696 -1080 -944
v 3696 -936 -944
v 3696 -936 -856
v 3696 -1080 -856
v 3704 -936 -952
v 3704 -928 -952
v 3704 -928 -848
v 3704 -936 -848
v 3680 -936 -848
v 3680 -936 -952
v 3704 -1080 -856
v 3704 -936 -856
v 3704 -1080 -848
v 3680 -1080 -856
v 3680 -936 -856
v 3704 -1080 -952
v 3704 -936 -944
v 3704 -1080 -944
v 3680 -936 -944
v 3680 -1080 -944
v 3704 -1088 -952
v 3704 -1088 -848
v 3680 -1080 -952
v 3680 -1080 -848
v 4208 -1032 -1440
v 4416 -1032 -1440
v 4416 -1032 -2064
v 4416 -1216 -1440
v 4208 -1216 -1440
v 4416 -1216 -2064
v 4416 -1132 -1344
v 4416 -1132 -1440
v 4400 -1132 -1440
v 4400 -1132 -1344
v 4416 -1140 -1440
v 4416 -1140 -1344
v 4400 -1124 -1344
v 4400 -1124 -1440
v 4384 -1124 -1440
v 4384 -1124 -1344
v 4400 -1140 -1440
v 4400 -1140 -1344
v 4384 -1116 -1344
v 4384 -1116 -1440
v 4368 -1116 -1440
v 4368 -1116 -1344
v 4384 -1140 -1440
v 4384 -1140 -1344
v 4368 -1108 -1344
v 4368 -1108 -1440
v 4352 -1108 -1440
v 4352 -1108 -1344
v 4368 -1140 -1440
v 4368 -1140 -1344
v 4352 -1100 -1344
v 4352 -1100 -1440
v 4336 -1100 -1440
v 4336 -1100 -1344
v 4352 -1140 -1440
v 4352 -1140 -1344
v 4336 -1092 -1344
v 4336 -1092 -1440
v 4320 -1092 -1440
v 4320 -1092 -1344
v 4336 -1140 -1440
v 4336 -1140 -1344
v 4320 -1084 -1344
v 4320 -1084 -1440
v 4304 -1084 -1440
v 4304 -1084 -1344
v 4320 -1140 -1440
v 4320 -1140 -1344
v 4304 -1076 -1344
v 4304 -1076 -1440
v 4288 -1076 -1440
v 4288 -1076 -1344
v 4304 -1140 -1440
v 4304 -1140 -1344
v 4288 -1068 -1344
v 4288 -1068 -1440
v 4272 -1068 -1440
v 4272 -1068 -1344
v 4288 -1140 -1440
v 4288 -1140 -1344
v 4272 -1060 -1344
v 4272 -1060 -1440
v 4256 -1060 -1440
v 4256 -1060 -1344
v 4272 -1140 -1440
v 4272 -1140 -1344
v 4256 -1052 -1344
v 4256 -1052 -1440
v 4240 -1052 -1440
v 4240 -1052 -1344
v 4256 -1140 -1440
v 4256 -1140 -1344
v 4240 -1044 -1344
v 4240 -1044 -1440
v 4224 -1044 -1440
v 4224 -1044 -1344
v 4240 -1140 -1440
v 4240 -1140 -1344
v 4224 -1036 -1344
v 4224 -1036 -1440
v 4208 -1036 -1440
v 4208 -1036 -1344
v 4224 -1140 -1440
v 4224 -1140 -1344
v 4768 -804 -1664
v 4416 -804 -1664
v 4416 -804 -1500
v 4768 -804 -1500
v 4768 -828 -1664
v 4768 -828 -1500
v 4416 -828 -1500
v 4731 -804 -1664
v 4731 -636 -1664
v 4776 -636 -1664
v 4776 -804 -1664
v 4731 -804 -1508
v 4731 -636 -1508
v 4776 -804 -1508
v 4776 -636 -1508
v 4641 -804 -1664
v 4641 -684 -1664
v 4731 -684 -1664
v 4731 -804 -1516
v 4731 -684 -1516
v 4641 -684 -1516
v 4641 -804 -1516
v 4641 -636 -1664
v 4731 -684 -1508
v 4641 -636 -1508
v 4641 -684 -1508
v 4596 -804 -1664
v 4596 -636 -1664
v 4641 -804 -1508
v 4596 -636 -1508
v 4596 -804 -1508
v 4551 -804 -1664
v 4551 -636 -1664
v 4551 -804 -1508
v 4551 -636 -1508
v 4461 -684 -1664
v 4461 -636 -1664
v 4551 -684 -1664
v 4551 -684 -1508
v 4461 -636 -1508
v 4461 -684 -1508
v 4461 -804 -1664
v 4551 -804 -1516
v 4551 -684 -1516
v 4461 -684 -1516
v 4461 -804 -1516
v 4416 -636 -1664
v 4416 -804 -1508
v 4416 -636 -1508
v 4461 -804 -1508
v 4768 -612 -1664
v 4416 -612 -1664
v 4416 -612 -1500
v 4768 -612 -1500
v 4768 -636 -1664
v 4416 -636 -1500
v 4768 -636 -1500
v 4416 -977 -1471
v 4425 -977 -1480
v 4416 -977 -1489
v 4416 -1001 -1471
v 4425 -1001 -1480
v 4416 -1001 -1489
v 5208 -1020 -1000
v 5208 -1020 -984
v 5224 -1020 -984
v 5224 -1020 -1000
v 5224 -1080 -1000
v 5224 -1080 -984
v 5208 -1080 -984
v 5208 -1080 -1000
v 5224 -1048 -996
v 5224 -1048 -988
v 5352 -1048 -988
v 5352 -1048 -996
v 5224 -1080 -988
v 5352 -1080 -988
v 5224 -1080 -996
v 5352 -1080 -996
v 5224 -1024 -996
v 5224 -1024 -988
v 5352 -1024 -988
v 5352 -1024 -996
v 5224 -1032 -988
v 5352 -1032 -988
v 5224 -1032 -996
v 5352 -1032 -996
v 5292 -1048 -996
v 5292 -1032 -996
v 5292 -1032 -988
v 5292 -1048 -988
v 5284 -1032 -988
v 5284 -1048 -988
v 5284 -1032 -996
v 5284 -1048 -996
v 5064 -1020 -1000
v 5064 -1020 -984
v 5080 -1020 -984
v 5080 -1020 -1000
v 5080 -1080 -1000
v 5080 -1080 -984
v 5064 -1080 -984
v 5064 -1080 -1000
v 5080 -1024 -996
v 5080 -1024 -988
v 5208 -1024 -988
v 5208 -1024 -996
v 5080 -1032 -988
v 5208 -1032 -988
v 5080 -1032 -996
v 5208 -1032 -996
v 5148 -1048 -996
v 5148 -1032 -996
v 5148 -1032 -988
v 5148 -1048 -988
v 5140 -1032 -988
v 5140 -1048 -988
v 5140 -1032 -996
v 5140 -1048 -996
v 5080 -1048 -996
v 5080 -1048 -988
v 5208 -1048 -988
v 5208 -1048 -996
v 5080 -1080 -988
v 5208 -1080 -988
v 5080 -1080 -996
v 5208 -1080 -996
v 4920 -1020 -1000
v 4920 -1020 -984
v 4936 -1020 -984
v 4936 -1020 -1000
v 4936 -1080 -1000
v 4936 -1080 -984
v 4920 -1080 -984
v 4920 -1080 -1000
v 4936 -1024 -996
v 4936 -1024 -988
v 5064 -1024 -988
v 5064 -1024 -996
v 4936 -1032 -988
v 5064 -1032 -988
v 4936 -1032 -996
v 5064 -1032 -996
v 5004 -1048 -996
v 5004 -1032 -996
v 5004 -1032 -988
v 5004 -1048 -988
v 4996 -1032 -988
v 4996 -1048 -988
v 4996 -1032 -996
v 4996 -1048 -996
v 4936 -1048 -996
v 4936 -1048 -988
v 5064 -1048 -988
v 5064 -1048 -996
v 4936 -1080 -988
v 5064 -1080 -988
v 4936 -1080 -996
v 5064 -1080 -996
v 4808 -1020 -1000
v 4808 -1020 -984
v 4824 -1020 -984
v 4824 -1020 -1000
v 4824 -1080 -1000
v 4824 -1080 -984
v 4808 -1080 -984
v 4808 -1080 -1000
v 4824 -1048 -996
v 4824 -1048 -988
v 4920 -1048 -988
v 4920 -1048 -996
v 4824 -1080 -988
v 4920 -1080 -988
v 4824 -1080 -996
v 4920 -1080 -996
v 4824 -1024 -996
v 4824 -1024 -988
v 4920 -1024 -988
v 4920 -1024 -996
v 4824 -1032 -988
v 4920 -1032 -988
v 4824 -1032 -996
v 4920 -1032 -996
v 4584 -1020 -1000
v 4584 -1020 -984
v 4600 -1020 -984
v 4600 -1020 -1000
v 4600 -1080 -1000
v 4600 -1080 -984
v 4584 -1080 -984
v 4584 -1080 -1000
v 4596 -1048 -896
v 4596 -1048 -984
v 4588 -1048 -984
v 4588 -1048 -896
v 4588 -1080 -984
v 4588 -1080 -896
v 4596 -1080 -984
v 4596 -1080 -896
v 4596 -1024 -896
v 4596 -1024 -984
v 4588 -1024 -984
v 4588 -1024 -896
v 4588 -1032 -984
v 4588 -1032 -896
v 4596 -1032 -984
v 4596 -1032 -896
v 5364 -1048 -896
v 5364 -1048 -984
v 5356 -1048 -984
v 5356 -1048 -896
v 5356 -1080 -984
v 5356 -1080 -896
v 5364 -1080 -984
v 5364 -1080 -896
v 5364 -1024 -896
v 5364 -1024 -984
v 5356 -1024 -984
v 5356 -1024 -896
v 5356 -1032 -984
v 5356 -1032 -896
v 5364 -1032 -984
v 5364 -1032 -896
v 4172 -688 -1016
v 4184 -688 -1016
v 4184 -688 -1080
v 4172 -688 -1080
v 4172 -880 -1016
v 4184 -880 -1016
v 4184 -880 -1080
v 4172 -880 -1080
v 3656 -816 -1080
v 3668 -816 -1080
v 3668 -816 -1144
v 3656 -816 -1144
v 3656 -944 -1080
v 3668 -944 -1080
v 3668 -944 -1144
v 3656 -944 -1144
v 3680 -696 -1016
v 3692 -696 -1016
v 3692 -696 -1064
v 3680 -696 -1064
v 3680 -888 -1016
v 3692 -888 -1016
v 3692 -888 -1064
v 3680 -888 -1064
v 4416 -1216 -1344
v 4208 -1216 -1344
v 4224 -1036 -1328
v 4416 -1132 -1328
v 4208 -1036 -1328
v 4416 -1216 -1328
v 4570 -1032 -889
v 4570 -1026 -889
v 4576 -1026 -889
v 4576 -1032 -889
v 4570 -1032 -811
v 4570 -1026 -811
v 4576 -1032 -811
v 4576 -1026 -811
v 4570 -894 -811
v 4570 -894 -817
v 4570 -1026 -817
v 4576 -894 -811
v 4576 -894 -817
v 4576 -1026 -817
v 4570 -894 -883
v 4570 -1026 -883
v 4576 -894 -883
v 4576 -1026 -883
v 3500 -1000 -1456
v 3500 -1000 -1352
v 3508 -1000 -1352
v 3508 -1000 -1456
v 3508 -1032 -1352
v 3508 -1032 -1456
v 3500 -1032 -1352
v 3500 -1032 -1456
v 3500 -976 -1456
v 3500 -976 -1352
v 3508 -976 -1352
v 3508 -976 -1456
v 3508 -984 -1352
v 3508 -984 -1456
v 3500 -984 -1352
v 3500 -984 -1456
v 3496 -968 -1352
v 3496 -968 -1336
v 3512 -968 -1336
v 3512 -968 -1352
v 3496 -1032 -1336
v 3496 -1032 -1352
v 3512 -1032 -1352
v 3512 -1032 -1336
v 3512 -976 -1340
v 3640 -976 -1340
v 3640 -976 -1348
v 3512 -976 -1348
v 3640 -984 -1348
v 3512 -984 -1348
v 3640 -984 -1340
v 3512 -984 -1340
v 3512 -1000 -1340
v 3640 -1000 -1340
v 3640 -1000 -1348
v 3512 -1000 -1348
v 3640 -1032 -1348
v 3512 -1032 -1348
v 3640 -1032 -1340
v 3512 -1032 -1340
v 3572 -1000 -1340
v 3572 -984 -1340
v 3572 -984 -1348
v 3572 -1000 -1348
v 3580 -984 -1348
v 3580 -1000 -1348
v 3580 -984 -1340
v 3580 -1000 -1340
v 3656 -976 -1340
v 3784 -976 -1340
v 3784 -976 -1348
v 3656 -976 -1348
v 3784 -984 -1348
v 3656 -984 -1348
v 3784 -984 -1340
v 3656 -984 -1340
v 3716 -1000 -1340
v 3716 -984 -1340
v 3716 -984 -1348
v 3716 -1000 -1348
v 3724 -984 -1348
v 3724 -1000 -1348
v 3724 -984 -1340
v 3724 -1000 -1340
v 3656 -1000 -1340
v 3784 -1000 -1340
v 3784 -1000 -1348
v 3656 -1000 -1348
v 3784 -1032 -1348
v 3656 -1032 -1348
v 3784 -1032 -1340
v 3656 -1032 -1340
v 3640 -968 -1352
v 3640 -968 -1336
v 3656 -968 -1336
v 3656 -968 -1352
v 3640 -1032 -1336
v 3640 -1032 -1352
v 3656 -1032 -1352
v 3656 -1032 -1336
v 3800 -976 -1340
v 3928 -976 -1340
v 3928 -976 -1348
v 3800 -976 -1348
v 3928 -984 -1348
v 3800 -984 -1348
v 3928 -984 -1340
v 3800 -984 -1340
v 3860 -1000 -1340
v 3860 -984 -1340
v 3860 -984 -1348
v 3860 -1000 -1348
v 3868 -984 -1348
v 3868 -1000 -1348
v 3868 -984 -1340
v 3868 -1000 -1340
v 3800 -1000 -1340
v 3928 -1000 -1340
v 3928 -1000 -1348
v 3800 -1000 -1348
v 3928 -1032 -1348
v 3800 -1032 -1348
v 3928 -1032 -1340
v 3800 -1032 -1340
v 3784 -968 -1352
v 3784 -968 -1336
v 3800 -968 -1336
v 3800 -968 -1352
v 3784 -1032 -1336
v 3784 -1032 -1352
v 3800 -1032 -1352
v 3800 -1032 -1336
v 3944 -976 -1340
v 4072 -976 -1340
v 4072 -976 -1348
v 3944 -976 -1348
v 4072 -984 -1348
v 3944 -984 -1348
v 4072 -984 -1340
v 3944 -984 -1340
v 4004 -1000 -1340
v 4004 -984 -1340
v 4004 -984 -1348
v 4004 -1000 -1348
v 4012 -984 -1348
v 4012 -1000 -1348
v 4012 -984 -1340
v 4012 -1000 -1340
v 3944 -1000 -1340
v 4072 -1000 -1340
v 4072 -1000 -1348
v 3944 -1000 -1348
v 4072 -1032 -1348
v 3944 -1032 -1348
v 4072 -1032 -1340
v 3944 -1032 -1340
v 3928 -968 -1352
v 3928 -968 -1336
v 3944 -968 -1336
v 3944 -968 -1352
v 3928 -1032 -1336
v 3928 -1032 -1352
v 3944 -1032 -1352
v 3944 -1032 -1336
v 4088 -976 -1340
v 4184 -976 -1340
v 4184 -976 -1348
v 4088 -976 -1348
v 4184 -984 -1348
v 4088 -984 -1348
v 4184 -984 -1340
v 4088 -984 -1340
v 4132 -1000 -1340
v 4132 -984 -1340
v 4132 -984 -1348
v 4132 -1000 -1348
v 4140 -984 -1348
v 4140 -1000 -1348
v 4140 -984 -1340
v 4140 -1000 -1340
v 4088 -1000 -1340
v 4184 -1000 -1340
v 4184 -1000 -1348
v 4088 -1000 -1348
v 4184 -1032 -1348
v 4088 -1032 -1348
v 4184 -1032 -1340
v 4088 -1032 -1340
v 4072 -968 -1352
v 4072 -968 -1336
v 4088 -968 -1336
v 4088 -968 -1352
v 4072 -1032 -1336
v 4072 -1032 -1352
v 4088 -1032 -1352
v 4088 -1032 -1336
v 4184 -968 -1352
v 4184 -968 -1336
v 4200 -968 -1336
v 4200 -968 -1352
v 4184 -1032 -1336
v 4184 -1032 -1352
v 4200 -1032 -1352
v 4200 -1032 -1336
v 2912 -1140 -1392
v 2912 -1140 -1328
v 2912 -1216 -1328
v 2888 -1144 -1344
v 2888 -1216 -1344
v 2864 -1143.99988 -1368
v 2864 -1216 -1368
v 2888 -1143.99988 -1344
v 2864 -1144 -1368
v 2848 -1140 -1392
v 2848 -1216 -1392
v 2912 -1216 -1392
v 2912 -384 -1376
v 2912 -384 -1888
v 2880 -384 -1888
v 2880 -384 -1344.00012
v 2880 -416 -1888
v 2912 -416 -1888
v 2880 -416 -1344
v 2880 -384 -1344
v 2912 -416 -1376
v 2896 -448 -1888
v 2896 -416 -1888
v 2912 -448 -1888
v 2896 -448 -1360
v 2896 -416 -1360
v 2912 -448 -1376
v 3424 -384 -1376
v 3456 -384 -1344
v 3456 -416 -1344
v 3424 -416 -1376
v 3440 -448 -1360
v 3440 -416 -1360
v 3424 -448 -1376
v 2976 -384 -1376
v 2976 -384 -1888
v 2976 -604 -1888
v 2976 -604 -1376
v 2912 -604 -1888
v 2912 -604 -1376
v 3072 -384 -1376
v 3072 -384 -1888
v 2976 -484 -1888
v 3072 -484 -1888
v 3072 -484 -1376
v 2976 -484 -1376
v 3120 -384 -1376
v 3120 -384 -1888
v 3120 -604 -1888
v 3120 -604 -1376
v 3072 -604 -1888
v 3072 -604 -1376
v 3072 -604 -1392
v 3072 -484 -1392
v 2976 -484 -1392
v 2976 -604 -1392
v 3424 -604 -1888
v 2912 -604 -1368
v 3424 -604 -1368
v 2912 -628 -1888
v 3424 -628 -1888
v 2912 -628 -1368
v 3424 -628 -1368
v 2976 -792 -1888
v 2976 -628 -1888
v 2976 -628 -1376
v 2976 -792 -1376
v 2912 -792 -1888
v 2912 -792 -1376
v 2912 -628 -1376
v 2976 -672 -1888
v 3072 -628 -1888
v 3072 -672 -1888
v 3072 -672 -1376
v 3072 -628 -1376
v 2976 -672 -1376
v 3072 -792 -1888
v 3072 -792 -1392
v 3072 -672 -1392
v 2976 -672 -1392
v 2976 -792 -1392
v 3424 -792 -1888
v 2912 -792 -1368
v 3424 -792 -1368
v 2912 -816 -1888
v 3424 -816 -1888
v 2912 -816 -1368
v 3424 -816 -1368
v 2912 -880 -1376
v 2912 -816 -1376
v 2912 -816 -1520
v 2912 -880 -1520
v 2960 -816 -1376
v 2960 -880 -1376
v 2960 -816 -1520
v 2960 -880 -1520
v 3424 -912 -1888
v 3424 -816 -1520
v 3424 -912 -1520
v 2912 -912 -1888
v 2912 -912 -1520
v 3424 -880 -1376
v 3424 -880 -1520
v 3424 -912 -1376
v 2912 -912 -1376
v 3376 -816 -1384
v 2960 -816 -1384
v 2960 -880 -1384
v 3376 -880 -1384
v 2944 -1140 -1424
v 2944 -912 -1424
v 2944 -912 -1392
v 2944 -1140 -1392
v 2912 -1140 -1424
v 2912 -912 -1424
v 2912 -912 -1392
v 3104 -1136 -1424
v 3104 -912 -1424
v 3104 -912 -1392
v 3104 -1136 -1392
v 3072 -1136 -1424
v 3072 -912 -1424
v 3072 -1136 -1392
v 3072 -912 -1392
v 3424 -384 -1888
v 3424 -384 -1376.00012
v 3456 -384 -1344.00012
v 3456 -384 -1888
v 3456 -416 -1888
v 3456 -416 -1344.00012
v 3424 -416 -1888
v 3424 -416 -1376.00012
v 3440 -448 -1888
v 3440 -416 -1888
v 3440 -416 -1360.00012
v 3440 -448 -1360.00012
v 3424 -448 -1888
v 3424 -448 -1376.00012
v 3360 -384 -1888
v 3360 -384 -1376
v 3424 -604 -1376
v 3360 -604 -1888
v 3360 -604 -1376
v 3424 -628 -1376
v 3424 -792 -1376
v 3360 -792 -1888
v 3360 -628 -1888
v 3360 -792 -1376
v 3360 -628 -1376
v 3396 -600 -1304
v 3408 -600 -1304
v 3408 -600 -1368
v 3396 -600 -1368
v 3396 -856 -1304
v 3408 -856 -1304
v 3408 -856 -1368
v 3396 -856 -1368
v 3424 -816 -1376
v 3376 -816 -1376
v 3376 -880 -1376
v 3376 -816 -1520
v 3376 -880 -1520
v 3424 -1216 -1888
v 3424 -912 -1392
v 3424 -1216 -1392
v 3392 -912 -1392
v 3392 -912 -1888
v 3392 -1216 -1888
v 3264 -384 -1376
v 3264 -384 -1888
v 3216 -384 -1888
v 3216 -384 -1376
v 3264 -604 -1888
v 3264 -604 -1376
v 3216 -604 -1888
v 3216 -604 -1376
v 3264 -484 -1888
v 3360 -484 -1888
v 3360 -604 -1392
v 3360 -484 -1392
v 3264 -484 -1392
v 3264 -604 -1392
v 3120 -484 -1888
v 3216 -484 -1888
v 3216 -604 -1392
v 3216 -484 -1392
v 3120 -484 -1392
v 3120 -604 -1392
v 3216 -484 -1376
v 3120 -484 -1376
v 3360 -484 -1376
v 3264 -484 -1376
v 3264 -1136 -1424
v 3264 -912 -1424
v 3264 -912 -1392
v 3264 -1136 -1392
v 3232 -1136 -1424
v 3232 -912 -1424
v 3232 -1136 -1392
v 3232 -912 -1392
v 3264 -792 -1888
v 3264 -628 -1888
v 3264 -628 -1376
v 3264 -792 -1376
v 3216 -792 -1888
v 3216 -628 -1888
v 3216 -792 -1376
v 3216 -628 -1376
v 3264 -672 -1888
v 3360 -672 -1888
v 3360 -792 -1392
v 3360 -672 -1392
v 3264 -672 -1392
v 3264 -792 -1392
v 3120 -792 -1888
v 3120 -672 -1888
v 3216 -672 -1888
v 3216 -792 -1392
v 3216 -672 -1392
v 3120 -672 -1392
v 3120 -792 -1392
v 3120 -628 -1888
v 3120 -628 -1376
v 3120 -792 -1376
v 3072 -792 -1376
v 3360 -672 -1376
v 3264 -672 -1376
v 3216 -672 -1376
v 3120 -672 -1376
v 2971.99976 -1136 -1392
v 3392 -1136 -1392
v 3392 -1136 -1520
v 2912 -1136 -1520
v 2912 -1136 -1455.99988
v 2971.99976 -1216 -1392
v 2972 -1216 -1392
v 2972 -1136 -1392
v 3392 -912 -1504
v 3376 -912 -1504
v 3376 -1216 -1888
v 3376 -912 -1888
v 3376 -920 -1520
v 3056 -920 -1520
v 3056 -1216 -1888
v 2960 -912 -1504
v 2944 -912 -1504
v 2944 -1216 -1888
v 2960 -1216 -1888
v 2960 -912 -1888
v 3424 -860 -2064
v 3424 -860 -1712
v 3488 -860 -1712
v 3488 -860 -2064
v 3488 -1216 -1712
v 3424 -1216 -1712
v 3424 -1216 -2064
v 3488 -1116 -1648
v 3488 -1096 -1712
v 3456 -1100 -1712
v 3456 -1216 -1712
v 3488 -1216 -1648
v 3424 -1116 -1648
v 3424 -1124 -1584
v 3488 -1124 -1584
v 3488 -1216 -1584
v 3424 -1216 -1584
v 3424 -1216 -1648
v 3424 -1092 -1712
v 3424 -1116 -1647.99988
v 3424 -1216 -1647.99988
v 3456 -1100 -1711.99988
v 3456 -1216 -1711.99988
v 3488 -1136 -1520
v 3424 -1136 -1520
v 3488 -1216 -1520
v 3424 -1216 -1520
v 3424 -1136 -1392
v 3488 -1216 -1392
v 3656 -506 -1080
v 3668 -506 -1080
v 3668 -506 -1144
v 3656 -506 -1144
v 3656 -762 -1080
v 3668 -762 -1080
v 3668 -762 -1144
v 3656 -762 -1144
v 4192 -808 -816
v 4204 -808 -816
v 4204 -808 -984
v 4192 -808 -984
v 4192 -872 -816
v 4204 -872 -816
v 4204 -872 -984
v 4192 -872 -984
v 4576 -676 -716
v 4576 -676 -844
v 4564 -676 -844
v 4564 -676 -716
v 4576 -724 -688
v 4576 -716 -688
v 4564 -716 -688
v 4564 -724 -688
v 4576 -764 -716
v 4576 -764 -844
v 4576 -752 -856
v 4576 -688 -856
v 4564 -752 -856
v 4564 -688 -856
v 4564 -764 -844
v 4564 -764 -716
v 2906 -804 -1392
v 2912 -804 -1392
v 2912 -804 -1568
v 2906 -804 -1568
v 2906 -876 -1392
v 2912 -876 -1392
v 2912 -876 -1568
v 2906 -876 -1568
v 3412 -848 -928
v 3424 -848 -928
v 3424 -848 -1064
v 3412 -848 -1064
v 3412 -920 -928
v 3424 -920 -928
v 3424 -920 -1064
v 3412 -920 -1064
v 4764 -648 -1336
v 4824 -648 -1336
v 4824 -648 -1472
v 4764 -648 -1472
v 4764 -720 -1336
v 4824 -720 -1336
v 4824 -720 -1472
v 4764 -720 -1472
v 4764 -732 -1328
v 4824 -732 -1328
v 4824 -732 -1504
v 4764 -732 -1504
v 4764 -804 -1328
v 4764 -804 -1504
v 4824 -804 -1504
v 5336 -614 -1248
v 5348 -614 -1248
v 5348 -614 -1312
v 5336 -614 -1312
v 5336 -870 -1248
v 5348 -870 -1248
v 5348 -870 -1312
v 5336 -870 -1312
v 5358 -733 -899
v 5366 -733 -899
v 5366 -733 -941
v 5358 -733 -941
v 5358 -903 -899
v 5366 -903 -899
v 5366 -903 -941
v 5358 -903 -941
v 2916 -630 -1080
v 2928 -630 -1080
v 2928 -630 -1144
v 2916 -630 -1144
v 2916 -918 -1080
v 2928 -918 -1080
v 2928 -918 -1144
v 2916 -918 -1144
v 3436 -504 -1416
v 3436 -504 -1408
v 3436 -680 -1408
v 3436 -680 -1416
v 3424 -504 -1408
v 3424 -680 -1408
v 3424 -680 -1416
v 3424 -504 -1416
v 3424 -496 -1408
v 3436 -496 -1408
v 3436 -496 -1512
v 3424 -496 -1512
v 3424 -504 -1512
v 3436 -504 -1512
v 3424 -680 -1512
v 3436 -680 -1512
v 3436 -504 -1504
v 3436 -680 -1504
v 3424 -504 -1504
v 3424 -680 -1504
v 3424 -688 -1512
v 3436 -688 -1512
v 3436 -688 -1408
v 3424 -688 -1408
v 4592 -516 -1512
v 4464 -516 -1512
v 4464 -516 -1508
v 4592 -516 -1508
v 4592 -612 -1512
v 4464 -612 -1512
v 4464 -612 -1508
v 4592 -612 -1508
v 4570 -894 -889
v 4570 -888 -889
v 4576 -888 -889
v 4576 -894 -889
v 4570 -888 -811
v 4576 -888 -811
v 4527 -524 -1512
v 4527 -604 -1592
v 4527 -604 -1584
v 4527 -532 -1512
v 4529 -524 -1512
v 4529 -604 -1592
v 4529 -604 -1584
v 4529 -532 -1512
v 4479 -524 -1512
v 4479 -604 -1592
v 4479 -604 -1584
v 4479 -532 -1512
v 4481 -524 -1512
v 4481 -604 -1592
v 4481 -604 -1584
v 4481 -532 -1512
v 4575 -524 -1512
v 4575 -604 -1592
v 4575 -604 -1584
v 4575 -532 -1512
v 4577 -524 -1512
v 4577 -604 -1592
v 4577 -604 -1584
v 4577 -532 -1512
v 4527 -524 -1516
v 4527 -524 -1508
v 4527 -500 -1480
v 4527 -496 -1480
v 4527 -516 -1512
v 4529 -524 -1508
v 4529 -524 -1516
v 4529 -500 -1480
v 4529 -496 -1480
v 4529 -516 -1512
v 4527 -504 -1456
v 4527 -500.000031 -1456
v 4529 -504 -1456
v 4529 -500 -1456
v 4527 -512 -1448
v 4527 -512 -1444
v 4529 -512 -1448
v 4529 -512 -1444
v 4529 -512 -1448.00012
v 4529 -504.000122 -1456
v 4523 -511 -1449
v 4523 -515 -1454
v 4523 -525 -1447
v 4523 -512 -1444
v 4533 -511 -1449
v 4533 -515 -1454
v 4533 -525.000061 -1447
v 4533 -512 -1444
v 4257 -628.999756 -881
v 4250 -618.999939 -881
v 4255 -615 -881
v 4260 -616 -881
v 4255 -615 -871
v 4250 -619 -871
v 4257 -628.999756 -871
v 4257 -629.000061 -881
v 4260 -616 -871
v 4257 -629.000061 -871
v 4257 -628.999878 -871
v 4256 -616 -877
v 4248 -608 -877
v 4248 -604 -877
v 4260 -616 -877
v 4248 -608 -875
v 4256 -616 -875
v 4248 -604 -875
v 4260 -616 -875
v 4224 -600.000061 -877
v 4224 -603.999939 -877
v 4224 -604 -875
v 4224 -600.000061 -875
v 4196 -628 -877
v 4188 -628 -877
v 4192 -620.000122 -877
v 4196 -628 -875
v 4188 -628 -875
v 4192 -619.999817 -877
v 4192 -619.999817 -875
v 4192 -620.000122 -875
v 3457 -444.000153 -1461
v 3457 -448 -1461
v 3429 -472 -1461
v 3421 -472 -1461
v 3424.99976 -464.000214 -1461
v 3429 -472 -1459
v 3421 -472 -1459
v 3457 -448 -1459
v 3457 -444 -1459
v 3457 -444 -1461
v 3425 -463.999969 -1461
v 3425 -463.999969 -1459
v 3425 -464.000214 -1459
v 3425 -464.000214 -1461
v 3457 -444.000153 -1459
v 3424.99976 -464.000214 -1459
v 3481 -447.999969 -1461
v 3481 -452 -1461
v 3481 -452 -1459
v 3481 -448 -1459
v 3489 -460 -1461
v 3493 -460 -1461
v 3489 -460 -1459
v 3493 -460 -1459
v 3490 -472.999817 -1465
v 3483 -463.000031 -1465
v 3488 -459 -1465
v 3493 -460 -1465
v 3488 -459 -1455
v 3483 -462.999969 -1455
v 3490 -473 -1465
v 3490 -472.999939 -1455
v 3493 -460 -1455
v 3490 -472.999817 -1455
v 5208 -1050 -872
v 5336 -1050 -872
v 5208 -1054 -872
v 5336 -1054 -872
v 5208 -1017.00006 -832
v 5336 -1017.00006 -832
v 5208 -1018 -828
v 5336 -1018 -828
v 5320 -1080 -836
v 5320 -1052 -836
v 5320 -1052 -864
v 5320 -1080 -864
v 5328 -1080 -836
v 5328 -1052 -836
v 5328 -1080 -864
v 5328 -1052 -864
v 5216 -1080 -836
v 5216 -1052 -836
v 5216 -1052 -864
v 5216 -1080 -864
v 5224 -1080 -836
v 5224 -1052 -836
v 5224 -1080 -864
v 5224 -1052 -864
v 3642 -1032 -1470
v 3642 -1004 -1470
v 3642 -1004 -1442
v 3642 -1032 -1442
v 3634 -1032 -1470
v 3634 -1004 -1470
v 3634 -1032 -1442
v 3634 -1004 -1442
v 3650 -969 -1474
v 3522 -969 -1474
v 3650 -970 -1478
v 3522 -970 -1478
v 3650 -1002 -1434
v 3522 -1002.00006 -1434
v 3650 -1002.00006 -1434
v 3650 -1006 -1434
v 3522 -1006 -1434
v 3538 -1032 -1470
v 3538 -1004 -1470
v 3538 -1004 -1442
v 3538 -1032 -1442
v 3530 -1032 -1470
v 3530 -1004 -1470
v 3530 -1032 -1442
v 3530 -1004 -1442
v 3024 -912 -1504
v 3024 -912 -1888
v 3024 -1216 -1888
v 3056 -912 -1504
v 3056 -912 -1888
v 2912 -912 -1488
v 2912 -1216 -1888
v 2944 -912 -1488
v 2944 -912 -1888
v 3024 -963 -1520
v 3024 -920 -1520
v 2960 -920 -1520
v 2960 -963 -1520
v 2960 -970 -1520
v 3024 -970 -1520
v 3376 -912 -1512
v 3056 -912 -1512
v 3056 -920 -1512
v 3376 -920 -1512
v 3056 -920 -1888
v 3376 -920 -1888
v 3024 -912 -1512
v 2960 -912 -1512
v 2960 -920 -1512
v 3024 -920 -1512
v 2960 -920 -1888
v 3024 -920 -1888
v 2960 -963 -1512
v 3024 -963 -1512
v 3024 -963 -1888
v 2960 -963 -1888
v 2960 -970 -1512
v 3024 -970 -1512
v 2960 -970 -1888
v 3024 -970 -1888
v 3064 -912 -1458
v 3064 -912 -1470
v 3064 -916 -1470
v 3064 -916 -1458
v 3112 -916 -1470
v 3112 -916 -1458
v 3112 -912 -1470
v 3112 -912 -1458
v 3224 -912 -1458
v 3224 -912 -1470
v 3224 -916 -1470
v 3224 -916 -1458
v 3272 -916 -1470
v 3272 -916 -1458
v 3272 -912 -1470
v 3272 -912 -1458
v 3312 -912 -1458
v 3312 -912 -1470
v 3312 -916 -1470
v 3312 -916 -1458
v 3360 -916 -1470
v 3360 -916 -1458
v 3360 -912 -1470
v 3360 -912 -1458
v 2968 -912 -1458
v 2968 -912 -1470
v 2968 -916 -1470
v 2968 -916 -1458
v 3016 -916 -1470
v 3016 -916 -1458
v 3016 -912 -1470
v 3016 -912 -1458
v 3040 -1136 -1492
v 3040 -1128 -1492
v 2944 -1128 -1492
v 2944 -1136 -1492
v 3040 -1128 -1520
v 3040 -1136 -1520
v 2944 -1128 -1520
v 3344 -1136 -1508
v 3344 -1128 -1508
v 3272 -1128 -1508
v 3272 -1136 -1508
v 3344 -1128 -1520
v 3344 -1136 -1520
v 3272 -1128 -1520
v 3272 -1136 -1520
v 4432 -946 -1508
v 4432 -949 -1508
v 4469 -949 -1508
v 4469 -946 -1508
v 4432 -946 -1512
v 4469 -946 -1512
v 4466 -915 -1512
v 4466 -915 -1540
v 4466 -946 -1540
v 4466 -946 -1512
v 4469 -915 -1508
v 4469 -912 -1508
v 4432 -912 -1508
v 4432 -915 -1508
v 4469 -915 -1512
v 4432 -915 -1512
v 4432 -915 -1540
v 4469 -915 -1540
v 4435 -946 -1508
v 4435 -915 -1508
v 4435 -915 -1512
v 4435 -946 -1512
v 4469 -946 -1540
v 4432 -946 -1540
v 4435 -946 -1540
v 4435 -915 -1540
v 4466 -915 -1508
v 4466 -946 -1508
v 4432 -872 -1508
v 4432 -976 -1508
v 4432 -872 -1664
v 4432 -976 -1664
v 4469 -872 -1508
v 4469 -976 -1508
v 4469 -872 -1664
v 4469 -976 -1664
v 4432 -912 -1664
v 4469 -912 -1664
v 4469 -949 -1664
v 4432 -949 -1664
v 5648 -268 -240
v 5616 -268 -240
v 5600 -268 -224
v 5648 -268 -224
v 5648 -300 -240
v 5616 -300 -240
v 5600 -300 -224
v 5648 -300 -224
v 5616 -236 -240
v 5616 -236 -1008
v 5584 -236 -1040
v 5584 -236 -208
v 5616 -268 -1008
v 5584 -268 -1040
v 5584 -268 -208
v 5696 -268 -1248
v 5696 -268 -1024
v 5712 -268 -1008
v 5712 -268 -1264
v 5712 -300 -1008
v 5712 -300 -1264
v 5696 -300 -1024
v 5696 -300 -1248
v 5600 -268 -1248
v 5616 -268 -1264
v 5616 -300 -1264
v 5600 -300 -1248
v 5600 -268 -1536
v 5616 -268 -1520
v 5616 -300 -1520
v 5600 -300 -1536
v 5648 -236 -240
v 5648 -236 -208
v 5648 -268 -208
v 5776 -268 -1536
v 5792 -268 -1520
v 5792 -300 -1520
v 5776 -300 -1536
v 5584 -236 -1552
v 5584 -236 -1232
v 5616 -236 -1264
v 5616 -236 -1520
v 5584 -268 -1232
v 5584 -268 -1552
v 5600 -268 -1024
v 5616 -300 -1008
v 5600 -300 -1024
v 5760 -236 -1552
v 5792 -236 -1520
v 5760 -268 -1552
v 5680 -236 -1232
v 5680 -236 -1040
v 5712 -236 -1008
v 5712 -236 -1264
v 5680 -268 -1040
v 5680 -268 -1232
v 5616 -1092 -1008
v 5712 -1092 -1008
v 5712 -1092 -1028
v 5616 -1092 -1028
v 5712 -1216 -1028
v 5616 -1216 -1028
v 5712 -1216 -1008
v 5616 -1216 -1008
v 5596 -1095.99988 -1027.99963
v 5596 -1092 -1008
v 5615.99951 -1092 -1008
v 5596 -1092.00012 -1008
v 5596 -1096 -1027.99963
v 5596 -1216 -1027.99963
v 5596 -1216 -1008
v 5615.99951 -1216 -1008
v 5595.99951 -1096.00012 -1028
v 5616 -1092 -1007.99951
v 5595.99951 -1216 -1028
v 5616 -1216 -1007.99957
v 5744 -1100 -1008
v 5744 -1024 -1008
v 5712 -1024 -1008
v 5712 -1100 -1008
v 5744 -1100 -1068
v 5744 -1024 -1068
v 5712 -1024 -1068
v 5712 -1100 -1068
v 5744 -998 -1008
v 5744 -844 -1008
v 5712 -844 -1008
v 5712 -998 -1008
v 5744 -979.000061 -1083
v 5744 -844 -1083
v 5744 -998 -1072
v 5712 -844 -1083
v 5712 -978.999939 -1083
v 5744 -978.999939 -1083
v 5712 -998 -1072
v 5712 -979.000061 -1083
v 5615.99951 -812 -1008
v 5712 -812 -1008
v 5696 -812 -1024
v 5599.99951 -812 -1024
v 5696 -844 -1024
v 5599.99951 -844 -1024
v 5615.99951 -844 -1008
v 5600 -812 -1023.99963
v 5600 -812 -432
v 5616 -812 -432
v 5616 -812 -1007.99969
v 5600 -844 -432
v 5600 -844 -1023.99963
v 5616 -844 -1007.99969
v 5616 -844 -432
v 5744 -961 -1136
v 5744 -905 -1136
v 5744 -905 -1122
v 5744 -962.000061 -1122
v 5712 -961 -1136
v 5712 -962.000061 -1122
v 5712 -905 -1122
v 5712 -905 -1136
v 5744 -844 -1136
v 5744 -905 -1083
v 5712 -844 -1136
v 5712 -905 -1083
v 5744 -905 -1103
v 5744 -966.000061 -1103
v 5712 -966.000061 -1103
v 5712 -905 -1103
v 5696 -812 -1248
v 5696 -812 -1023.99976
v 5712 -812 -1007.99976
v 5712 -812 -1264
v 5712 -844 -1007.99976
v 5712 -844 -1264
v 5696 -844 -1248
v 5696 -844 -1023.99976
v 5744 -905 -1189
v 5744 -844 -1189
v 5712 -844 -1189
v 5712 -905 -1189
v 5744 -905 -1150
v 5744 -962 -1150
v 5712 -962 -1150
v 5712 -905 -1150
v 5744 -966 -1169
v 5744 -905 -1169
v 5712 -966 -1169
v 5712 -905 -1169
v 5744 -978.999939 -1189
v 5712 -979 -1189
v 5744 -844 -1264
v 5744 -998 -1264
v 5712 -998 -1264
v 5744 -998 -1200
v 5712 -998 -1200
v 5744 -1024 -1264
v 5712 -1024 -1264
v 5744 -1024 -1204
v 5712 -1024 -1204
v 5744 -1100 -1264
v 5712 -1100 -1264
v 5744 -1100 -1204
v 5712 -1100 -1204
v 5600 -812 -1248
v 5616 -812 -1264
v 5600 -844 -1248
v 5616 -844 -1264
v 5596 -1092 -1540.00024
v 5596 -1092 -1264
v 5616 -1092 -1264
v 5616 -1092 -1520.00024
v 5596 -1216 -1540.00024
v 5596 -1216 -1264
v 5616 -1216 -1520.00024
v 5616 -1216 -1264
v 5616 -1092 -1244
v 5712 -1092 -1244
v 5712 -1092 -1264
v 5712 -1216 -1244
v 5616 -1216 -1244
v 5712 -1216 -1264
v 5596 -1096 -1244
v 5616 -1092.00012 -1244
v 5596 -1096.00012 -1244
v 5596 -1216 -1244
v 5596 -1096 -1244.00012
v 5596 -1216 -1244.00012
v 2528 -884 -1360
v 2528 -796 -1360
v 2528 -796 -1872
v 2528 -884 -1872
v 2656 -884 -1872
v 2656 -884 -1360
v 2528 -528 -1888
v 2528 -560 -1888
v 2528 -560 -1344
v 2528 -528 -1344
v 2672 -528 -1888
v 2672 -560 -1888
v 2672 -528 -1344
v 2672 -560 -1344
v 2528 -612 -1552
v 2528 -612 -1568
v 2528 -796 -1568
v 2528 -796 -1552
v 2664 -612 -1568
v 2664 -796 -1568
v 2664 -612 -1552
v 2664 -796 -1552
v 2528 -796 -1408
v 2528 -612 -1408
v 2528 -612 -1424
v 2528 -796 -1424
v 2664 -612 -1424
v 2664 -612 -1408
v 2664 -796 -1408
v 2664 -796 -1424
v 2528 -636 -1552
v 2528 -636 -1424
v 2648 -636 -1424
v 2648 -796 -1424
v 2648 -796 -1552
v 2648 -636 -1552
v 2664 -636 -1552
v 2664 -636 -1424
v 2624 -612 -1408
v 2624 -796 -1408
v 2624 -612 -1360
v 2656 -796 -1408
v 2656 -612 -1408
v 2656 -612 -1360
v 2528 -612 -1664
v 2528 -796 -1664
v 2656 -796 -1664
v 2656 -612 -1664
v 2656 -612 -1568
v 2656 -796 -1568
v 2528 -344 -1552
v 2528 -344 -1568
v 2528 -528 -1568
v 2528 -528 -1552
v 2664 -344 -1568
v 2664 -528 -1568
v 2664 -344 -1552
v 2664 -528 -1552
v 2528 -344 -1424
v 2528 -368 -1552
v 2528 -368 -1424
v 2664 -344 -1424
v 2664 -368 -1424
v 2664 -368 -1552
v 2528 -528 -1424
v 2648 -368 -1424
v 2648 -528 -1424
v 2648 -528 -1552
v 2648 -368 -1552
v 2528 -344 -1408
v 2528 -528 -1408
v 2664 -344 -1408
v 2664 -528 -1408
v 2664 -528 -1424
v 2528 -612 -1360
v 2528 -560 -1360
v 2528 -560 -1872
v 2528 -612 -1872
v 2656 -560 -1360
v 2656 -612 -1872
v 2656 -560 -1872
v 2528 -368 -1808
v 2528 -528 -1808
v 2528 -528 -1680
v 2528 -368 -1680
v 2648 -368 -1680
v 2648 -528 -1680
v 2648 -528 -1808
v 2648 -368 -1808
v 2528 -344 -1808
v 2528 -344 -1824
v 2528 -528 -1824
v 2664 -344 -1824
v 2664 -528 -1824
v 2664 -344 -1808
v 2664 -528 -1808
v 2528 -344 -1680
v 2664 -344 -1680
v 2664 -368 -1680
v 2664 -368 -1808
v 2528 -344 -1664
v 2528 -528 -1664
v 2664 -344 -1664
v 2664 -528 -1664
v 2664 -528 -1680
v 2528 -796 -1824
v 2528 -612 -1824
v 2656 -612 -1824
v 2656 -796 -1824
v 2528 -612 -1808
v 2528 -796 -1808
v 2664 -612 -1824
v 2664 -796 -1824
v 2664 -612 -1808
v 2664 -796 -1808
v 2528 -636 -1680
v 2528 -612 -1680
v 2528 -636 -1808
v 2664 -636 -1808
v 2664 -612 -1680
v 2664 -636 -1680
v 2528 -796 -1680
v 2648 -636 -1680
v 2648 -796 -1680
v 2648 -796 -1808
v 2648 -636 -1808
v 2664 -612 -1664
v 2664 -796 -1664
v 2664 -796 -1680
v 2688 -188 -1136
v 2656 -188 -1136
v 2656 -188 -1104
v 2624 -220 -1104
v 2656 -220 -1104
v 2656 -220 -1136
v 2688 -220 -1136
v 2656 -188 -1360
v 2624 -188 -1360
v 2656 -188 -1328
v 2688 -188 -1328
v 2656 -220 -1360
v 2624 -220 -1360
v 2656 -220 -1328
v 2688 -220 -1328
v 2640 -220 -1344
v 2672 -220 -1344
v 2656 -252 -1360
v 2624 -252 -1360
v 2640 -252 -1344
v 2672 -252 -1344
v 2528 -188 -1408
v 2528 -188 -1568
v 2656 -188 -1568
v 2656 -188 -1408
v 2656 -344 -1408
v 2656 -344 -1568
v 2528 -188 -1824
v 2528 -188 -1872
v 2528 -528 -1872
v 2656 -188 -1872
v 2656 -188 -1824
v 2656 -528 -1824
v 2656 -528 -1872
v 2656 -220 -2064
v 2672 -220 -2064
v 2656 -252 -2064
v 2672 -252 -2064
v 2528 -188 -1664
v 2656 -188 -1664
v 2656 -344 -1664
v 2656 -344 -1824
v 2528 -188 -1360
v 2528 -528 -1360
v 2656 -528 -1360
v 2656 -528 -1408
v 2656 -528 -1568
v 2656 -528 -1664
v 2672 -220 -1120
v 2640 -220 -1120
v 2624 -252 -1104
v 2656 -252 -1104
v 2640 -252 -1120
v 2672 -252 -1120
v 2656 -188 -2064
v 2688 -188 -2064
v 2688 -220 -2064
v 2528 -796 -592
v 2528 -612 -592
v 2528 -612 -640
v 2528 -796 -640
v 2656 -796 -592
v 2656 -612 -592
v 2656 -796 -640
v 2656 -612 -640
v 2528 -612 -784
v 2528 -612 -800
v 2528 -796 -800
v 2528 -796 -784
v 2664 -796 -800
v 2664 -612 -800
v 2664 -612 -784
v 2664 -796 -784
v 2528 -344 -800
v 2528 -344 -640
v 2528 -188 -640
v 2528 -188 -800
v 2656 -344 -640
v 2656 -344 -800
v 2656 -188 -800
v 2656 -188 -640
v 2592 -188 -560
v 2688 -188 -560
v 2656 -188 -592
v 2592 -188 -592
v 2656 -220 -592
v 2592 -220 -592
v 2688 -220 -560
v 2592 -220 -560
v 2528 -528 -912
v 2528 -528 -896
v 2528 -344 -896
v 2528 -344 -912
v 2664 -528 -896
v 2664 -344 -896
v 2664 -528 -912
v 2664 -344 -912
v 2528 -612 -656
v 2528 -796 -656
v 2664 -796 -640
v 2664 -612 -640
v 2664 -612 -656
v 2664 -796 -656
v 2528 -344 -1056
v 2528 -188 -896
v 2528 -188 -1056
v 2656 -344 -896
v 2656 -344 -1056
v 2656 -188 -1056
v 2656 -188 -896
v 2528 -636 -1040
v 2528 -796 -1040
v 2528 -796 -912
v 2528 -636 -912
v 2648 -636 -912
v 2648 -796 -912
v 2648 -796 -1040
v 2648 -636 -1040
v 2528 -528 -800
v 2656 -528 -800
v 2656 -528 -896
v 2528 -368 -784
v 2528 -528 -784
v 2528 -528 -656
v 2528 -368 -656
v 2648 -368 -656
v 2648 -528 -656
v 2648 -528 -784
v 2648 -368 -784
v 2672 -220 -576
v 2656 -252 -592
v 2672 -252 -576
v 2528 -368 -1040
v 2528 -528 -1040
v 2528 -368 -912
v 2648 -368 -912
v 2648 -528 -912
v 2648 -528 -1040
v 2648 -368 -1040
v 2528 -560 -1104
v 2528 -612 -1104
v 2528 -560 -592
v 2656 -612 -1104
v 2656 -560 -1104
v 2656 -560 -592
v 2528 -528 -640
v 2528 -344 -656
v 2664 -528 -640
v 2664 -344 -640
v 2664 -528 -656
v 2664 -344 -656
v 2528 -612 -896
v 2528 -796 -896
v 2656 -612 -800
v 2656 -796 -800
v 2656 -796 -896
v 2656 -612 -896
v 2528 -612 -1040
v 2528 -612 -1056
v 2528 -796 -1056
v 2664 -796 -1056
v 2664 -612 -1056
v 2664 -612 -1040
v 2664 -796 -1040
v 2592 -220 -576
v 2592 -252 -592
v 2592 -252 -576
v 2528 -560 -576
v 2528 -528 -576
v 2528 -528 -1120
v 2528 -560 -1120
v 2672 -560 -576
v 2672 -528 -576
v 2672 -560 -1120
v 2672 -528 -1120
v 2528 -636 -784
v 2528 -636 -656
v 2648 -636 -656
v 2648 -796 -656
v 2648 -796 -784
v 2648 -636 -784
v 2528 -612 -912
v 2664 -796 -896
v 2664 -612 -896
v 2664 -612 -912
v 2664 -796 -912
v 2664 -636 -1040
v 2664 -636 -912
v 2528 -344 -784
v 2664 -528 -784
v 2664 -528 -800
v 2664 -344 -800
v 2664 -344 -784
v 2624 -796 -1056
v 2624 -612 -1056
v 2624 -612 -1104
v 2656 -612 -1056
v 2656 -796 -1056
v 2528 -528 -1104
v 2528 -528 -1056
v 2656 -528 -1056
v 2656 -528 -1104
v 2528 -344 -1040
v 2664 -368 -912
v 2664 -368 -1040
v 2664 -344 -1040
v 2664 -528 -1040
v 2664 -528 -1056
v 2664 -344 -1056
v 2664 -368 -656
v 2664 -368 -784
v 2528 -528 -592
v 2528 -188 -592
v 2656 -528 -592
v 2656 -528 -640
v 2664 -636 -784
v 2664 -636 -656
v 2528 -884 -496
v 2528 -884 -1104
v 2528 -1140 -1104
v 2656 -884 -496
v 2528 -796 -496
v 2656 -884 -1616
v 2656 -828 -1616
v 2656 -828 -2064
v 2656 -884 -2064
v 2912 -828 -2064
v 2912 -884 -2064
v 2912 -884 -1616
v 2912 -828 -1616
v 2656 -1216 -1616
v 2656 -1216 -2064
v 2912 -1216 -2064
v 2676 -1140 -1508
v 2676 -1136 -1616
v 2656 -1136 -1616
v 2656 -1140 -1508
v 2676 -1216 -1616
v 2676 -1135.99988 -1616
v 2676 -1139.99988 -1508
v 2676 -1216 -1508
v 2656 -1216 -1508
v 2656 -1216 -1360
v 2806 -673 -1620
v 2806 -666 -1620
v 2806 -666 -1626
v 2806 -673 -1626
v 2894 -673 -1620
v 2894 -666 -1620
v 2894 -673 -1626
v 2894 -666 -1626
v 2894 -821 -1620
v 2887 -673 -1620
v 2887 -821 -1620
v 2894 -821 -1626
v 2887 -673 -1626
v 2887 -821 -1626
v 2887.23071 -672.75 -1620
v 2812.76929 -672.75 -1620
v 2812.76929 -821.25 -1620
v 2887.23071 -821.25 -1620
v 2812.76929 -672.75 -1626
v 2887.23071 -672.75 -1626
v 2887.23071 -821.25 -1626
v 2812.76929 -821.25 -1626
v 2813 -821 -1620
v 2813 -673 -1620
v 2806 -821 -1620
v 2813 -821 -1626
v 2813 -673 -1626
v 2806 -821 -1626
v 2806 -828 -1620
v 2806 -828 -1626
v 2894 -828 -1620
v 2894 -828 -1626
v 2710 -673 -1620
v 2710 -666 -1620
v 2710 -666 -1626
v 2710 -673 -1626
v 2798 -673 -1620
v 2798 -666 -1620
v 2798 -673 -1626
v 2798 -666 -1626
v 2798 -821 -1620
v 2791 -673 -1620
v 2791 -821 -1620
v 2798 -821 -1626
v 2791 -673 -1626
v 2791 -821 -1626
v 2791.23071 -672.75 -1620
v 2716.76929 -672.75 -1620
v 2716.76929 -821.25 -1620
v 2791.23071 -821.25 -1620
v 2716.76929 -672.75 -1626
v 2791.23071 -672.75 -1626
v 2791.23071 -821.25 -1626
v 2716.76929 -821.25 -1626
v 2717 -821 -1620
v 2717 -673 -1620
v 2710 -821 -1620
v 2717 -821 -1626
v 2717 -673 -1626
v 2710 -821 -1626
v 2710 -828 -1620
v 2710 -828 -1626
v 2798 -828 -1620
v 2798 -828 -1626
v 2672 -515 -854
v 2672 -515 -842
v 2736 -515 -842
v 2736 -515 -854
v 2672 -771 -854
v 2672 -771 -842
v 2736 -771 -842
v 2736 -771 -854
v 2672 -715 -850
v 2656 -715 -850
v 2656 -715 -846
v 2672 -715 -846
v 2656 -722 -850
v 2672 -722 -850
v 2672 -722 -846
v 2656 -722 -846
v 2681 -1091 -1536.00012
v 2757 -1091 -1517.00012
v 2775 -1091 -1581.99988
v 2697.99976 -1091 -1600.99988
v 2757 -1107 -1517
v 2757 -1091 -1517
v 2681 -1091 -1536
v 2681 -1107 -1536
v 2775 -1107 -1581.99988
v 2757 -1107 -1517.00012
v 2698 -1107 -1601
v 2698 -1091 -1601
v 2775 -1091 -1582
v 2775 -1107 -1582
v 2681 -1107 -1536.00012
v 2698 -1091 -1600.99988
v 2698 -1107 -1600.99988
v 2697.99976 -1107 -1600.99988
v 3446 -292 -1467
v 3366 -372 -1467
v 3374 -372 -1467
v 3446 -299.999939 -1467
v 3446 -291.999969 -1467
v 3446 -291.999939 -1469
v 3366 -372 -1469
v 3374 -372 -1469
v 3446 -300 -1469
v 3502 -228 -1467
v 3510 -236 -1467
v 3514 -236 -1467
v 3502 -224 -1467
v 3502 -228 -1469
v 3510 -236 -1469
v 3502 -223.999985 -1469
v 3514 -236 -1469
v 3442 -248 -1467
v 3450.00024 -248 -1467
v 3478 -224.000183 -1467
v 3478 -220 -1467
v 3446 -239.999985 -1467
v 3450.00024 -248 -1469
v 3442 -248 -1469
v 3478 -224 -1469
v 3478 -224 -1467
v 3450 -248 -1467
v 3450 -248 -1469
v 3478 -219.999985 -1469
v 3446 -239.999939 -1469
v 3478 -224.000183 -1469
v 3446 -380 -1408
v 3446 -252 -1408
v 3446 -252 -1520
v 3446 -380 -1520
v 3450 -380 -1520
v 3450 -252 -1520
v 3450 -252 -1408
v 3450 -380 -1408
v 3446 -291.999969 -1411
v 3366 -372 -1411
v 3374 -372 -1411
v 3446 -299.999939 -1411
v 3446 -291.999939 -1413
v 3366 -372 -1413
v 3374 -372 -1413
v 3446 -300 -1413
v 3509 -234.999985 -1463
v 3504 -238.999939 -1463
v 3511 -248.999969 -1463
v 3514 -236 -1463
v 3509 -235 -1473
v 3504 -238.999908 -1473
v 3511 -248.999969 -1473
v 3514 -236.000031 -1473
v 3446 -291.999969 -1515
v 3366 -372 -1515
v 3374 -372 -1515
v 3446 -299.999939 -1515
v 3446 -291.999939 -1517
v 3366 -372 -1517
v 3374 -372 -1517
v 3446 -300 -1517
v 3444 -244 -1408
v 3456 -244 -1408
v 3456 -244 -1520
v 3444 -244 -1520
v 3456 -252 -1520
v 3456 -252 -1408
v 3444 -252 -1408
v 3444 -252 -1520
v 3456 -244 -1528
v 3444 -244 -1528
v 3444 -384 -1528
v 3456 -384 -1528
v 3456 -384 -1520
v 3444 -384 -1520
v 3444 -244 -1400
v 3456 -244 -1400
v 3444 -384 -1408
v 3456 -384 -1408
v 3456 -384 -1400
v 3444 -384 -1400
v 2528 -442 -1240
v 2640 -442 -1240
v 2640 -442 -1304
v 2528 -442 -1304
v 2528 -762 -1240
v 2640 -762 -1240
v 2640 -762 -1304
v 2528 -762 -1304
v 3168 -720 -960
v 3180 -720 -960
v 3180 -720 -1024
v 3168 -720 -1024
v 3168 -912 -960
v 3180 -912 -960
v 3180 -912 -1024
v 3168 -912 -1024
v 4784 -1075 -1372
v 4770 -1075 -1372
v 4770 -1049.99976 -1372
v 4772 -1045 -1372
v 4777 -1043 -1372
v 4784 -1043 -1372
v 4784 -1075 -1344
v 4770 -1075 -1344
v 4770 -1049.99976 -1344
v 4772 -1045 -1344
v 4770 -1050 -1372
v 4770 -1050 -1344
v 4777 -1043 -1344
v 4784 -1043 -1344
v 2906 -1003 -966
v 2906 -1003 -930
v 2912 -1003 -930
v 2912 -1003 -966
v 2912 -1045 -930
v 2906 -1045 -930
v 2906 -1045 -966
v 2912 -1045 -966
v 2912 -1096 -1010
v 2898 -1096 -1010
v 2898 -1071 -1010
v 2900 -1066 -1010
v 2905 -1064 -1010
v 2912 -1064 -1010
v 2912 -1096 -982
v 2898 -1096 -982
v 2898 -1071 -982
v 2900 -1066 -982
v 2905 -1064 -982
v 2912 -1064 -982
v 2906 -1000 -1584
v 2906 -1000 -1548
v 2912 -1000 -1548
v 2912 -1000 -1584
v 2912 -1042 -1548
v 2906 -1042 -1548
v 2906 -1042 -1584
v 2912 -1042 -1584
v 2788 -1069 -1606
v 2788 -1072 -1559
v 2836 -1072 -1559
v 2836 -1069 -1606
v 2788 -1136 -1563
v 2788 -1071.99988 -1559
v 2788 -1068.99988 -1606
v 2788 -1133 -1611
v 2836 -1136 -1563
v 2836 -1133 -1611
v 4680 -1116 -1467
v 4680 -1116 -1487
v 4648 -1118 -1487
v 4648 -1118 -1467
v 4681 -1136 -1487
v 4681 -1136 -1467
v 4649 -1138 -1487
v 4649 -1138 -1467
v 4748 -1104 -1394
v 4748 -1106 -1362
v 4780 -1106 -1362
v 4780 -1104 -1394
v 4748 -1137 -1364
v 4748 -1136 -1396
v 4780 -1137 -1364
v 4780 -1136 -1396
v 4684.0332 -1089.93555 -1486.9353
v 4680 -1090 -1440
v 4727.01074 -1087.06189 -1436.0824
v 4731 -1087.00403 -1483.99597
v 4682 -1138 -1440
v 4686.0415 -1137.99231 -1487.00134
v 4730 -1135 -1436
v 4680 -1090.00012 -1440
v 4734 -1135 -1484
v 4781 -1119 -1339
v 4783 -1119 -1359
v 4751 -1119 -1363
v 4749 -1119 -1343
v 4783 -1139 -1359
v 4781 -1139 -1339
v 4751 -1139 -1363
v 4749 -1139 -1343
v 4694 -1117 -1421
v 4694 -1119 -1389
v 4718 -1119 -1389
v 4718 -1117 -1421
v 4694 -1143 -1391
v 4694 -1141 -1423
v 4718 -1143 -1391
v 4718 -1141 -1423
v 3326 -256 -1590
v 3326 -128 -1590
v 3280.99976 -128 -1571
v 3280.99976 -256 -1571
v 3345 -256 -1635
v 3345 -128 -1635
v 3326 -256 -1680.00012
v 3326 -128 -1680.00012
v 3281 -256 -1699
v 3281 -128 -1699
v 3326 -128 -1680
v 3326 -256 -1680
v 3236 -256 -1679.99988
v 3236 -128 -1679.99988
v 3281.00024 -128 -1699
v 3281.00024 -256 -1699
v 3217 -256 -1635
v 3217 -128 -1635
v 3236 -128 -1680
v 3236 -256 -1680
v 3236 -256 -1589.99988
v 3236 -128 -1589.99988
v 3217 -128 -1634.99976
v 3217 -256 -1634.99976
v 3281 -256 -1571
v 3281 -128 -1571
v 3236 -128 -1590
v 3236 -256 -1590
v 3281.00024 -256 -1699.00012
v 3236.00024 -256 -1680.00012
v 3281 -64.0000916 -1635
v 3217 -128 -1634.99988
v 3281.00024 -63.9998932 -1635
v 3281.00024 -63.9997025 -1635
v 3281.00024 -63.9998665 -1634.99988
v 3281 -63.9999466 -1634.99988
v 3326.00024 -128 -1679.99988
v 3281 -64.0000229 -1634.99976
v 3345.00024 -128 -1635.00012
v 3280.99976 -64.0004272 -1634.99951
v 3326 -128 -1590.00012
v 3244 -416 -1592
v 3244 -256 -1592
v 3236 -256 -1592
v 3236 -416 -1592
v 3244 -416 -1600
v 3244 -256 -1600
v 3236 -416 -1600
v 3236 -256 -1600
v 3320 -256 -1592
v 3328 -256 -1592
v 3328 -256 -1600
v 3320 -256 -1600
v 3328 -416 -1592
v 3320 -416 -1592
v 3328 -416 -1600
v 3320 -416 -1600
v 3320 -256 -1672
v 3328 -256 -1672
v 3328 -256 -1680
v 3320 -256 -1680
v 3328 -416 -1672
v 3320 -416 -1672
v 3328 -416 -1680
v 3320 -416 -1680
v 3244 -416 -1672
v 3244 -256 -1672
v 3236 -256 -1672
v 3236 -416 -1672
v 3244 -416 -1680
v 3244 -256 -1680
v 3236 -416 -1680
v 3320 -364.000183 -1592
v 3244 -276.000183 -1592
v 3244 -287.999908 -1592
v 3320 -375.999878 -1592
v 3320 -364 -1600
v 3244 -276.000031 -1600
v 3244 -276.000031 -1592
v 3320 -364 -1592
v 3320 -376 -1600
v 3244 -287.999908 -1600
v 3244 -276.000183 -1600
v 3320 -364.000153 -1600
v 3320 -376 -1592
v 3244 -288.000031 -1592
v 3244 -288.000031 -1600
v 3236 -363.999908 -1600
v 3236 -276 -1672
v 3236 -288 -1672
v 3236 -376 -1600
v 3244 -363.999939 -1600
v 3244 -275.999908 -1672
v 3244 -376 -1600
v 3244 -288 -1672
v 3244 -364.000122 -1680
v 3320 -276.000092 -1680
v 3320 -288.000183 -1680
v 3244 -376.000153 -1680
v 3244 -364 -1672
v 3320 -276.000092 -1672
v 3244 -364 -1680
v 3244 -376.000183 -1672
v 3320 -288.000183 -1672
v 3244 -376 -1680
v 3320 -288.000031 -1680
v 3320 -288.000031 -1672
v 3244 -376 -1672
v 3328 -364 -1672
v 3328 -275.999939 -1600
v 3328 -288 -1600
v 3328 -376 -1672
v 3320 -363.999969 -1672
v 3320 -275.999939 -1600
v 3320 -376 -1672
v 3320 -288 -1600
v 2848 -1132 -1616
v 2676 -1140 -1616
v 2676 -1148 -1392.00012
v 2676 -1216 -1392.00012
v 2848 -1148 -1392
v 2676 -1216 -1392
v 2936 -1148 -1136
v 3488 -1148 -1328
v 2936 -1148 -1328
v 2912 -1148 -1136
v 2912 -1148 -1328
v 5440 -1100 -1168
v 5376 -1100 -1168
v 5376 -1100 -1008
v 5440 -1100 -1008
v 5440 -1100 -1328
v 5344 -1100 -1328
v 5344 -1100 -1168
v 5344 -1100 -1264
v 5280 -1100 -1168
v 5280 -1216 -1168
v 5376 -1100 -1072
v 5600 -812 -1536.00024
v 5616 -812 -1264.00012
v 5616 -812 -1520.00024
v 5600 -812 -1248.00012
v 5600 -844 -1536.00024
v 5600 -844 -1248.00012
v 5616 -844 -1520.00024
v 5616 -844 -1264.00012
v 5840 -368 -1008
v 5840 -368 -1264
v 5840 -236 -1264
v 5840 -236 -1008
v 5712 -368 -1264
v 5712 -368 -1008
v 5840 -812 -1008
v 5840 -812 -1072
v 5840 -368 -1072
v 5712 -812 -1072
v 5712 -368 -1072
v 5840 -812 -1200
v 5840 -812 -1264
v 5840 -368 -1200
v 5712 -812 -1200
v 5712 -368 -1200
v 5712 -800 -1072
v 5712 -800 -1200
v 5840 -800 -1072
v 5840 -800 -1200
v 5728 -624 -1072
v 5728 -624 -1200
v 5728 -800 -1200
v 5728 -800 -1072
v 5840 -624 -1200
v 5840 -624 -1072
v 5840 -544 -1200
v 5840 -544 -1072
v 5712 -544 -1072
v 5712 -544 -1200
v 5712 -624 -1200
v 5712 -624 -1072
v 5728 -544 -1200
v 5728 -544 -1072
v 5728 -368 -1072
v 5728 -368 -1200
v 5840 -368 -752
v 5840 -236 -752
v 5616 -368 -1008
v 5616 -368 -752
v 5616 -236 -752
v 5840 -812 -752
v 5840 -812 -816
v 5840 -368 -816
v 5616 -812 -816
v 5616 -812 -752
v 5616 -368 -816
v 5840 -812 -944
v 5840 -368 -944
v 5616 -812 -1008
v 5616 -812 -944
v 5616 -368 -944
v 5840 -544 -944
v 5840 -544 -816
v 5840 -624 -816
v 5840 -624 -944
v 5616 -544 -816
v 5616 -544 -944
v 5616 -624 -944
v 5616 -624 -816
v 5616 -800 -816
v 5616 -800 -944
v 5840 -800 -816
v 5840 -800 -944
v 5632 -544 -944
v 5632 -544 -816
v 5632 -368 -816
v 5632 -368 -944
v 5632 -624 -816
v 5632 -624 -944
v 5632 -800 -944
v 5632 -800 -816
v 5840 -368 -496
v 5840 -236 -496
v 5616 -368 -496
v 5616 -236 -496
v 5840 -812 -688
v 5840 -368 -688
v 5616 -812 -688
v 5616 -368 -688
v 5840 -544 -560
v 5840 -544 -688
v 5840 -368 -560
v 5632 -544 -688
v 5632 -544 -560
v 5632 -368 -560
v 5632 -368 -688
v 5840 -624 -560
v 5840 -624 -688
v 5616 -544 -560
v 5616 -544 -688
v 5616 -624 -688
v 5616 -624 -560
v 5840 -800 -560
v 5840 -800 -688
v 5632 -624 -560
v 5632 -624 -688
v 5632 -800 -688
v 5632 -800 -560
v 5840 -812 -560
v 5616 -800 -560
v 5616 -800 -688
v 5616 -812 -560
v 5840 -812 -496
v 5616 -812 -496
v 5616 -368 -560
v 5840 -236 -1776
v 5840 -236 -1520
v 5840 -368 -1520
v 5840 -368 -1776
v 5792 -236 -1776
v 5792 -368 -1776
v 5792 -368 -1520
v 5840 -368 -1712
v 5840 -812 -1712
v 5840 -812 -1776
v 5792 -368 -1712
v 5792 -812 -1776
v 5792 -812 -1712
v 5840 -368 -1584
v 5840 -544 -1584
v 5840 -544 -1712
v 5808 -368 -1584
v 5808 -368 -1712
v 5808 -544 -1712
v 5808 -544 -1584
v 5792 -544 -1584
v 5792 -544 -1712
v 5792 -624 -1712
v 5792 -624 -1584
v 5840 -624 -1712
v 5840 -624 -1584
v 5840 -800 -1584
v 5840 -800 -1712
v 5808 -624 -1584
v 5808 -624 -1712
v 5808 -800 -1712
v 5808 -800 -1584
v 5840 -812 -1584
v 5792 -800 -1584
v 5792 -800 -1712
v 5792 -812 -1584
v 5840 -812 -1520
v 5792 -368 -1584
v 5792 -812 -1520
v 5616 -368 -1520
v 5616 -368 -1264
v 5840 -368 -1456
v 5840 -812 -1456
v 5616 -368 -1456
v 5616 -812 -1520
v 5616 -812 -1456
v 5840 -368 -1328
v 5840 -544 -1328
v 5840 -544 -1456
v 5632 -368 -1328
v 5632 -368 -1456
v 5632 -544 -1456
v 5632 -544 -1328
v 5616 -544 -1328
v 5616 -544 -1456
v 5616 -624 -1456
v 5616 -624 -1328
v 5840 -624 -1456
v 5840 -624 -1328
v 5632 -624 -1328
v 5632 -624 -1456
v 5632 -800 -1456
v 5632 -800 -1328
v 5840 -800 -1328
v 5840 -800 -1456
v 5616 -800 -1328
v 5616 -800 -1456
v 5616 -812 -1328
v 5840 -812 -1328
v 5616 -368 -1328
v 5712 -812 -928
v 5712 -1216 -928
v 5616 -812 -928
v 5616 -1216 -928
v 5840 -1024 -672
v 5840 -960 -672
v 5616 -960 -672
v 5616 -1024 -672
v 5616 -960 -832
v 5616 -1024 -832
v 5840 -960 -832
v 5840 -1024 -832
v 5840 -1216 -928
v 5840 -1024 -928
v 5840 -1024 -576
v 5840 -1216 -576
v 5616 -1216 -576
v 5616 -1024 -576
v 5616 -1024 -928
v 5840 -960 -928
v 5840 -812 -928
v 5840 -812 -576
v 5840 -960 -576
v 5616 -960 -576
v 5616 -812 -576
v 5616 -960 -928
v 5632 -1024 -832
v 5632 -960 -832
v 5632 -960 -928
v 5632 -1024 -928
v 5632 -1024 -576
v 5632 -960 -576
v 5632 -960 -672
v 5632 -1024 -672
v 5840 -812 -432
v 5840 -1216 -432
v 5616 -1216 -432
v 5616 -960 -1520
v 5752 -812 -1520
v 5752 -960 -1520
v 5616 -960 -1344
v 5616 -812 -1344
v 5752 -960 -1344
v 5752 -812 -1344
v 5712 -1216 -1344
v 5712 -812 -1344
v 5616 -1216 -1344
v 5616 -1216 -1520
v 5616 -1024 -1520
v 5752 -1024 -1520
v 5752 -1216 -1520
v 5616 -1024 -1344
v 5752 -1216 -1344
v 5752 -1024 -1344
v 5656 -1024 -1520
v 5656 -960 -1520
v 5656 -960 -1440
v 5656 -1024 -1440
v 5616 -1024 -1440
v 5616 -960 -1440
v 5632 -1024 -1344
v 5632 -960 -1344
v 5632 -960 -1440
v 5632 -1024 -1440
v 5464 -1080 -536
v 5464 -1088 -536
v 5464 -1088 -552
v 5464 -1080 -552
v 5416 -1056 -536
v 5416 -1056 -552
v 5376 -1056 -552
v 5384 -927.999817 -552
v 5384 -912.000183 -552
v 5416 -880 -552
v 5432 -880 -552
v 5416 -880 -536
v 5384 -911.999939 -552
v 5384 -912 -536
v 5384 -928 -552
v 5432 -880 -536
v 5384 -928 -536
v 5384 -927.999817 -536
v 5416 -1056 -744
v 5464 -1080 -744
v 5464 -1088 -744
v 5464 -1080 -728
v 5464 -1088 -728
v 5376 -1056 -728
v 5416 -1056 -728
v 5436 -880 -744
v 5436 -872 -744
v 5436 -872 -728
v 5436 -880 -728
v 5384 -872 -728
v 5384 -880 -728
v 5436 -880 -552
v 5436 -872 -552
v 5436 -872 -536
v 5436 -880 -536
v 5384 -872 -552
v 5384 -880 -552
v 5384 -927.999817 -744
v 5416 -880 -744
v 5432 -880 -744
v 5416 -880 -728
v 5384 -911.999939 -744
v 5384 -912 -728
v 5384 -928 -744
v 5432 -880 -728
v 5384 -928 -728
v 5384 -927.999817 -728
v 5384 -1080 -744
v 5384 -1080 -728
v 5344 -1080 -728
v 5344 -872 -728
v 5344 -887.999939 -552
v 5344 -872 -552
v 5344 -888 -728
v 5384 -888 -728
v 5384 -888 -552
v 5384 -1080 -552
v 5344 -1080 -552
v 5384 -1080 -536
v 5438 -864 -530
v 5438 -864 -750
v 5438 -872 -530
v 5438 -872 -750
v 5344 -1022 -688
v 5344 -900 -688
v 5344 -900 -716.000061
v 5344 -1022 -716
v 5360 -900 -716
v 5360 -900 -688
v 5360 -1022 -688
v 5360 -1022 -716
v 5344 -1056 -640
v 5344 -900 -640
v 5344 -1056 -688
v 5360 -900 -640
v 5360 -1056 -640
v 5360 -1056 -688
v 5344 -900 -592
v 5344 -1056 -592
v 5360 -900 -592
v 5360 -1056 -592
v 5344 -900 -564
v 5344 -1022 -592
v 5344 -1022 -564
v 5360 -1022 -592
v 5360 -900 -564
v 5360 -1022 -564
v 5448 -1080 -728
v 5448 -1080 -552
v 5448 -1088 -728
v 5448 -1072 -728
v 5448 -1072 -552
v 5448 -1088 -552
v 5432 -1072 -728
v 5432 -1072 -552
v 5432 -1088 -728
v 5432 -1064 -728
v 5432 -1064 -552
v 5432 -1088 -552
v 5416 -1064 -728
v 5416 -1064 -552
v 5416 -1080 -728
v 5416 -1080 -552
v 5344 -1056 -728
v 5344 -1056 -552
v 5344 -1056 -716
v 5376 -888 -728
v 5376 -900 -716
v 5376 -1056 -716
v 5376 -888.000061 -552
v 5376 -900 -564
v 5344 -1056 -564
v 5376 -1056 -564
v 5360 -1056 -716
v 5360 -1056 -564
v 5440 -1080 -432
v 5440 -1080 -904
v 5376 -1080 -904
v 5440 -1216 -904
v 5440 -1216 -432
v 5376 -1216 -904
v 5712 -1164 -1008
v 5744 -1164 -1008
v 5712 -1164 -1068
v 5744 -1164 -1068
v 5712 -1164 -1272
v 5744 -1164 -1272
v 5744 -1164 -1204
v 5712 -1164 -1204
v 5712 -1100 -1272
v 5744 -1100 -1272
v 5744 -1156 -1040
v 6168 -1156 -1040
v 6168 -1164 -1040
v 5744 -1164 -1040
v 6168 -1156 -1008
v 5744 -1156 -1008
v 5784 -908 -976
v 5976 -908 -976
v 5976 -908 -1008
v 5784 -908 -1008
v 5784 -1156 -976
v 5976 -1156 -976
v 5976 -1156 -1008
v 5784 -1156 -1008
v 5744 -908 -976
v 5744 -908 -1008
v 5744 -1156 -976
v 5744 -880 -1264
v 5744 -880 -1008
v 5760 -880 -1008
v 5760 -880 -1264
v 5760 -932 -1008
v 5744 -932 -1008
v 5744 -932 -1264
v 5760 -932 -1264
v 5876 -880 -1008
v 5896 -880 -1008
v 5896 -880 -1264
v 5876 -880 -1264
v 5876 -932 -1264
v 5896 -932 -1264
v 5896 -932 -1008
v 5876 -932 -1008
v 5760 -844 -1008
v 5876 -844 -1008
v 5876 -844 -1264
v 5760 -844 -1264
v 5760 -908 -1264
v 5876 -908 -1264
v 5876 -908 -1008
v 5760 -908 -1008
v 6016 -880 -1008
v 6016 -880 -1264
v 5896 -908 -1264
v 6016 -908 -1264
v 6016 -908 -1008
v 5896 -908 -1008
v 6032 -908 -976
v 6032 -908 -1008
v 5976 -1112 -976
v 6032 -1112 -976
v 5976 -1112 -1008
v 6032 -1112 -1008
v 6036 -880 -1008
v 6036 -880 -1264
v 6016 -932 -1264
v 6036 -932 -1264
v 6036 -932 -1008
v 6016 -932 -1008
v 6168 -1112 -976
v 6168 -1156 -976
v 5828 -1034 -1008
v 5828 -1034 -1014
v 5792 -1034 -1014
v 5792 -1034 -1008
v 5828 -1076 -1014
v 5828 -1076 -1008
v 5792 -1076 -1014
v 5792 -1076 -1008
v 6152 -880 -1008
v 6152 -880 -1264
v 6036 -908 -1264
v 6152 -908 -1264
v 6152 -908 -1008
v 6036 -908 -1008
v 6168 -880 -1008
v 6168 -880 -1264
v 6168 -932 -1008
v 6168 -932 -1264
v 6152 -932 -1264
v 6152 -932 -1008
v 6116 -950 -1014
v 6116 -908 -1014
v 6116 -908 -1008
v 6116 -950 -1008
v 6080 -950 -1014
v 6080 -908 -1014
v 6080 -950 -1008
v 6080 -908 -1008
v 6043 -968 -1017.00012
v 6043 -908 -1017.00012
v 6042 -908 -1020.00055
v 6042 -968 -1020.00055
v 6046 -968 -1016
v 6046 -908 -1016
v 6043 -908 -1016.99994
v 6043 -968 -1016.99994
v 6049 -968 -1017.00006
v 6049 -908 -1017
v 6050 -968 -1020
v 6050 -908 -1020
v 6049 -968 -1023
v 6049 -908 -1023
v 6050 -908 -1019.99945
v 6050 -968 -1019.99945
v 6046 -968 -1024
v 6046 -908 -1024
v 6042.99951 -968 -1022.99988
v 6042.99951 -908 -1022.99988
v 6042 -968 -1020.00018
v 6042 -908 -1020.00018
v 6043 -908 -1023
v 6043 -968 -1023
v 6034 -968 -1020.00006
v 6036 -968 -1013.99951
v 6039.99951 -968 -1010.00012
v 6046 -968 -1007.99994
v 6052 -968 -1010.00006
v 6056 -968 -1014.00012
v 6058 -968 -1019.99982
v 6056 -968 -1025.99976
v 6051.99951 -968 -1030.00024
v 6046 -968 -1032
v 6040 -968 -1030
v 6036 -968 -1025.99976
v 6036 -1000 -1013.99963
v 6036 -968 -1013.99963
v 6034 -1000 -1020.00006
v 6040.00049 -1000 -1009.99982
v 6040.00049 -968 -1009.99982
v 6036.00049 -968 -1013.99969
v 6036.00049 -1000 -1013.99969
v 6046 -1000 -1007.99994
v 6039.99951 -1000 -1010.00018
v 6052 -1000 -1010.00006
v 6056 -1000 -1014.00012
v 6058 -1000 -1019.99982
v 6056 -968 -1013.99976
v 6056 -1000 -1013.99976
v 6056 -1000 -1025.99976
v 6052 -1000 -1030.00012
v 6052 -968 -1030.00012
v 6056 -968 -1026.00012
v 6056 -1000 -1026.00012
v 6046 -1000 -1032
v 6051.99951 -968 -1030.00012
v 6051.99951 -1000 -1030.00012
v 6040.00049 -1000 -1030.00012
v 6040.00049 -968 -1030.00012
v 6046 -968 -1032.00012
v 6046 -1000 -1032.00012
v 6036 -1000 -1025.99988
v 6036 -968 -1025.99988
v 6040 -968 -1029.99988
v 6040 -1000 -1029.99988
v 6034 -1000 -1020.00037
v 6034 -968 -1020.00037
v 6036 -1000 -1013.99951
v 6036 -1000 -1025.99976
v 6040 -1000 -1030
v 6051.99951 -1000 -1030.00024
v 6048 -1000 -1008
v 6048 -1000 -1024
v 6044 -1000 -1024
v 6044 -1000 -1008
v 6048 -1004 -1024
v 6048 -1012 -1008
v 6044 -1004.00006 -1024
v 6044 -1012 -1008
v 6168 -908 -976
v 6168 -1020 -976
v 6032 -1020 -976
v 6032 -1020 -1008
v 6142 -1114 -1008
v 6142 -1114 -1022
v 6142 -1089 -1022
v 6142 -1084 -1020
v 6142 -1082 -1014.99994
v 6142 -1082 -1008
v 6114 -1114 -1022
v 6114 -1114 -1008
v 6114 -1089 -1022
v 6114 -1084 -1020
v 6114 -1082 -1015
v 6114 -1082 -1008
v 5720 -844 -1296
v 5720 -844 -1264
v 5908 -844 -1264
v 5908 -844 -1296
v 5720 -1100 -1264
v 5720 -1100 -1296
v 5908 -1100 -1296
v 5908 -1100 -1264
v 5908 -988 -1248
v 5884 -988 -1248
v 5884 -1156 -1248
v 5908 -1156 -1248
v 5884 -988 -1264
v 5884 -1156 -1264
v 5908 -1156 -1264
v 5908 -988 -1264
v 6028 -970.000366 -1240
v 5956 -916.000244 -1240
v 5884 -970.000305 -1240
v 5884 -988 -1240
v 6028 -988 -1240
v 5956 -916.000122 -1264
v 5956 -916.000122 -1240
v 6028 -970 -1240
v 6028 -970 -1264
v 5884 -970.000061 -1240
v 5884 -970.000061 -1264
v 5884 -970.000305 -1264
v 6028 -988 -1264
v 6028 -970.000122 -1264
v 6028 -970.000122 -1240
v 6004 -988 -1260
v 5908 -988 -1260
v 5908 -1020 -1260
v 6004 -1020 -1260
v 5908 -988 -1296
v 6004 -988 -1296
v 6004 -1020 -1296
v 5908 -1020 -1296
v 6028 -988 -1248
v 6004 -988 -1248
v 6004 -1156 -1248
v 6028 -1156 -1248
v 6028 -1156 -1264
v 6004 -988 -1264
v 6004 -1156 -1264
v 6004 -1020 -1264
v 5955 -1020 -1264
v 5955 -1156 -1264
v 5955 -1020 -1268
v 6004 -1020 -1268
v 6004 -1156 -1268
v 5955 -1156 -1268
v 5908 -1020 -1264
v 5908 -1020 -1268
v 5908 -1156 -1268
v 6168 -1156 -1232
v 5744 -1156 -1232
v 5744 -1164 -1232
v 6168 -1164 -1232
v 6168 -1164 -1264
v 5744 -1164 -1264
v 5744 -1156 -1264
v 6168 -1156 -1264
v 5720 -1156 -1264
v 5720 -1156 -1296
v 5908 -1156 -1296
v 6000 -1073 -1262
v 6000 -1073 -1250
v 6004 -1073 -1250
v 6004 -1073 -1262
v 6000 -1093 -1262
v 6000 -1093 -1250
v 6004 -1093 -1262
v 6004 -1093 -1250
v 6168 -1100 -1264
v 6168 -1156 -1296
v 6168 -1100 -1296
v 6004 -1156 -1296
v 6004 -1100 -1296
v 6004 -1100 -1264
v 6060 -1056 -1264
v 6060 -1056 -1248
v 6092 -1056 -1248
v 6092 -1056 -1264
v 6060 -1088 -1248
v 6092 -1088 -1248
v 6060 -1088 -1264
v 6092 -1088 -1264
v 6004 -880 -1264
v 6168 -880 -1296
v 6004 -880 -1296
v 6126 -1034 -1264
v 6126 -1034 -1258
v 6162 -1034 -1258
v 6162 -1034 -1264
v 6126 -1076 -1258
v 6126 -1076 -1264
v 6162 -1076 -1258
v 6162 -1076 -1264
v 6004 -844 -1264
v 6004 -844 -1296
v 5964 -1012 -1256
v 5964 -996 -1256
v 5948 -996 -1256
v 5948 -1012 -1256
v 5948 -996 -1260
v 5948 -1012 -1260
v 5964 -996 -1260
v 5964 -1012 -1260
v 6200 -1164 -1264
v 6200 -1164 -1204
v 6168 -1164 -1204
v 6168 -908 -1264
v 6200 -908 -1264
v 6168 -908 -1204
v 6200 -908 -1204
v 6168 -908 -1068
v 6168 -1164 -1068
v 6200 -908 -1068
v 6200 -1164 -1008
v 6200 -1164 -1068
v 6168 -953 -1041
v 6160 -953 -1031
v 6168 -953 -1021
v 6160 -977 -1031
v 6168 -977 -1021
v 6168 -977 -1041
v 6168 -945 -1031
v 6164 -949.000122 -1025.99988
v 6164 -949.000061 -1036
v 6160 -953 -1030.99976
v 6164 -948.999939 -1026.00012
v 6160 -953 -1031.00012
v 6164 -949 -1035.99988
v 6160 -953 -1030.99988
v 6168 -985 -1031
v 6164 -980.999939 -1036
v 6164 -980.999878 -1025.99988
v 6160 -977 -1031.00012
v 6164 -981.000061 -1036
v 6160 -977 -1030.99988
v 6164 -981.000061 -1026
v 6168 -977 -1251
v 6168 -985 -1241
v 6164 -981.000061 -1245.99988
v 6168 -977 -1231
v 6164 -980.999939 -1235.99988
v 6160 -977 -1240.99988
v 6160 -977 -1241.00012
v 6164 -981.000061 -1236
v 6168 -953 -1251
v 6160 -953 -1241
v 6168 -953 -1231
v 6160 -977 -1241
v 6168 -945 -1241
v 6164 -949.000061 -1235.99988
v 6164 -948.999939 -1245.99988
v 6160 -953 -1240.99976
v 6164 -948.999939 -1236
v 6160 -953 -1241.00012
v 6164 -948.999939 -1246
v 6160 -953 -1240.99988
v 5684 -1216 -1228
v 5712 -1216 -1228
v 5712 -1216 -1044
v 5684 -1216 -1044
v 5712 -1152 -1228
v 5712 -1152 -1044
v 5684 -1152 -1228
v 5684 -1152 -1044
v 5656 -1216 -1228
v 5656 -1216 -1044
v 5684 -1140 -1228
v 5684 -1140 -1044
v 5656 -1140 -1228
v 5656 -1140 -1044
v 5628 -1216 -1228
v 5628 -1216 -1044
v 5656 -1128 -1228
v 5656 -1128 -1044
v 5628 -1128 -1228
v 5628 -1128 -1044
v 5628 -1116 -1228
v 5628 -1116 -1044
v 5600 -1116 -1228
v 5600 -1116 -1044
v 5600 -1104 -1228
v 5600 -1104 -1044
v 5568 -1104 -1228
v 5568 -1104 -1044
v 5596 -1100 -1328
v 5440 -1100 -1244
v 5596 -1100 -1244
v 5596 -1216 -1328
v 5552 -1100 -1244
v 5440 -1100 -1028
v 5552 -1100 -1028
v 5552 -1216 -1244
v 5552 -1216 -1028
v 5552 -1216 -1044
v 5712 -1100 -1028
v 5712 -1100 -1044
v 5552 -1100 -1044
v 5552 -1216 -1228
v 5552 -1100 -1228
v 5712 -1100 -1228
v 5712 -1100 -1244
v 5440 -1088 -904
v 5440 -1088 -452
v 5596 -1088 -452
v 5596 -1088 -904
v 5596 -1216 -904
v 5596 -1216 -452
v 5440 -1216 -452
v 5596 -1100 -1008
v 5596 -1100 -1028
v 5596 -1216 -1028
v 5596 -1092 -944
v 5440 -1092 -944
v 5596 -1216 -944
v 5596 -1084 -944
v 5596 -1080 -904
v 5616 -1080 -904
v 5616 -1084 -944
v 5616 -1216 -944
v 5616 -1216 -904
v 5596 -1080 -451.999725
v 5616 -1080 -431.999695
v 5596 -1216 -451.999786
v 5616 -1216 -431.999786
v 5584 -1104 -1044
v 5568 -1104 -1076
v 5568 -1216 -1076
v 5552 -1100 -1228.00024
v 5552 -1100 -1043.99988
v 5568 -1104 -1196.00024
v 5568 -1216 -1196.00024
v 5568 -1216 -1075.99988
v 5552 -1216 -1043.99988
v 5552 -1216 -1228.00024
v 5568 -1104 -1196
v 5584 -1104 -1228
v 5568 -1216 -1196.00012
v 5376 -840 -536
v 5376 -1080 -368
v 5412 -768.000122 -549.999939
v 5412 -828.000122 -489.999878
v 5424 -825.000122 -489.999878
v 5424 -777.000061 -537.999939
v 5424 -825 -537.999939
v 5424 -825 -490
v 5412 -828 -489.999969
v 5412 -828 -549.999939
v 5412 -768.000122 -730.000122
v 5412 -828 -790
v 5376 -828 -790
v 5376 -732 -694
v 5412 -828 -730.000061
v 5376 -828 -694.000061
v 5478 -810 -760
v 5478 -798 -772
v 5466 -785.999939 -772
v 5454 -786 -760
v 5466 -798 -772
v 5454 -810 -760
v 5454 -780 -760
v 5466 -779.999939 -772
v 5460 -780 -778.000061
v 5448 -780 -766
v 5454 -819 -759.999939
v 5466 -806.999878 -772.000061
v 5460 -806.999939 -778.000122
v 5448 -819.000061 -766
v 5460 -780 -501.999969
v 5472 -777.000061 -490.000031
v 5478 -777 -496.000031
v 5466 -780 -507.999969
v 5478 -789.000061 -496.000031
v 5466 -806.999939 -507.999969
v 5460 -807 -501.999939
v 5472 -789.000122 -490.000031
v 5478 -777 -784.000122
v 5472 -777 -790.000122
v 5478 -788.999695 -784.000122
v 5472 -788.999695 -790.000122
v 5460 -806.999878 -778
v 5472 -788.999817 -790.000183
v 5478 -825 -736
v 5478 -819 -748
v 5442 -783 -748
v 5430 -777 -736
v 5442 -819 -748
v 5430 -825 -736
v 5471.99951 -783.000183 -789.999695
v 5460 -797.999634 -789.999756
v 5460 -786 -778.000122
v 5460 -798.000122 -790.000122
v 5472 -783.000122 -790
v 5460 -798.000122 -778.000061
v 5382 -731.999939 -688
v 5382 -731.999939 -592
v 5478 -828 -592
v 5478 -828 -688
v 5382 -828 -592
v 5382 -828 -688.000061
v 5454 -780 -520.000061
v 5442 -777 -531.999939
v 5436 -777 -525.999939
v 5448 -780 -514.000061
v 5454 -819 -520
v 5442 -827.999939 -532
v 5436 -828 -525.999939
v 5448 -819.000061 -514
v 5478 -776.999756 -784.000122
v 5484 -771.000122 -789.999817
v 5478 -771.000122 -795.999939
v 5472 -776.999878 -790.000183
v 5478 -777.000061 -796.000061
v 5478 -770.999878 -796.000061
v 5484 -770.999878 -790
v 5484 -777.000122 -790
v 5484 -777.000244 -789.999878
v 5484 -771 -789.999878
v 5472 -776.999756 -790.000122
v 5478 -771 -795.999878
v 5478 -777.000244 -795.999878
v 5478 -777.000366 -795.999939
v 5484 -777.000366 -789.999756
v 5436 -864 -532
v 5436 -840 -532
v 5436 -864 -748
v 5436 -840 -748
v 5478 -828 -724
v 5418 -768 -724
v 5418 -828 -724.000061
v 5436 -776.999817 -753.999817
v 5424 -771 -742.000061
v 5430 -771 -736.000061
v 5442 -776.999878 -747.999756
v 5442 -776.999939 -747.999878
v 5430 -828 -736.000061
v 5442 -828.000061 -747.999878
v 5436 -776.999939 -753.999878
v 5436 -828 -753.999878
v 5424 -828 -742.000122
v 5454 -786.000061 -520
v 5478 -810 -520
v 5478 -819 -532
v 5442 -783 -532
v 5454 -810 -520
v 5442 -819 -532
v 5412 -762 -730.000061
v 5376 -726.000122 -694.000061
v 5382 -726.000122 -688.000061
v 5418 -762.000061 -724.000061
v 5412 -762.000122 -730
v 5478 -825 -544
v 5430 -777 -544
v 5430 -825 -544
v 5478 -828 -556
v 5418 -768 -556
v 5418 -828 -556
v 5430 -770.999939 -544.000122
v 5418 -762.000061 -556
v 5412 -761.999878 -550
v 5424 -770.999878 -538.000061
v 5430 -828 -544.000061
v 5412 -762 -550
v 5424 -828 -538.000061
v 5436 -818.999878 -490.000122
v 5448 -809.999878 -490.000122
v 5448 -786.000061 -513.999939
v 5436 -783.000061 -525.999939
v 5448 -810 -513.999939
v 5448 -810 -490.000092
v 5436 -819 -490
v 5436 -819 -525.999939
v 5442 -776.999939 -532.000122
v 5448 -810.000244 -489.999847
v 5460 -798.000244 -489.999878
v 5460 -786.000183 -501.999939
v 5448 -786.000183 -513.999939
v 5460 -798 -501.999939
v 5460 -798 -489.999878
v 5448 -810 -489.999878
v 5424 -824.999878 -490.000061
v 5448 -786.000061 -766.000122
v 5448 -809.999817 -789.999878
v 5436 -818.999817 -789.999878
v 5436 -783.000061 -754.000122
v 5436 -819 -789.999817
v 5448 -810 -789.999817
v 5448 -810 -766.000061
v 5436 -819 -754.000061
v 5460 -786.000244 -778.000061
v 5460 -798.000244 -790.000122
v 5448 -810.000244 -790.000122
v 5448 -786.000244 -766.000061
v 5448 -810 -790.000061
v 5460 -798 -790.000061
v 5460 -798 -778.000061
v 5382 -726.000061 -591.999939
v 5376 -726.000122 -585.999939
v 5412 -762.000122 -550
v 5376 -828 -585.999939
v 5376 -732 -586
v 5376 -828 -490.000031
v 5466 -786.000061 -508
v 5478 -798 -508
v 5454 -785.999939 -520
v 5466 -798 -508
v 5424 -777.000061 -742.000061
v 5424 -825.000122 -790.000122
v 5412 -828.000122 -790.000122
v 5424 -825 -790
v 5424 -825 -742.000122
v 5430 -771.000122 -736.000122
v 5424 -771.000122 -742.000122
v 5472 -776.999939 -489.999969
v 5478 -770.999939 -483.999969
v 5484 -770.999939 -489.999969
v 5484 -777.000122 -490
v 5484 -771.000122 -490
v 5478 -771.000122 -483.999969
v 5478 -777.000122 -483.999969
v 5478 -777.000122 -496
v 5484 -776.999878 -489.999969
v 5478 -776.999878 -483.999969
v 5478 -783.000061 -496.000031
v 5478 -783.000061 -784
v 5466 -786.000061 -772
v 5442 -828.000244 -747.999878
v 5454 -819.000122 -760
v 5436 -828.000244 -753.999878
v 5436 -828.000122 -753.999878
v 5424 -824.999878 -789.999939
v 5436 -819 -790
v 5448 -840 -520
v 5448 -804 -520
v 5376 -804 -520
v 5376 -840 -520
v 5448 -840 -760
v 5448 -804 -760
v 5376 -840 -760
v 5376 -804 -760
v 5460 -797.999756 -490.000214
v 5471.99951 -783.000305 -490.000244
v 5460 -786.000061 -501.999939
v 5460 -798 -490.000153
v 5376 -722 -694
v 5382 -722 -694
v 5382 -732 -694
v 5382 -722 -586
v 5376 -722 -586
v 5382 -732 -586
v 5376 -1216 -112
v 5376 -856 -112
v 5376 -856 -432
v 5616 -1216 -112
v 5616 -856 -112
v 5616 -856 -432
v 5376 -812 -432
v 5376 -812 -112
v 5616 -812 -112
v 5840 -368 -240
v 5840 -236 -240
v 5616 -368 -240
v 5840 -368 -432
v 5616 -368 -432
v 5840 -544 -304
v 5840 -544 -432
v 5840 -368 -304
v 5632 -544 -432
v 5632 -544 -304
v 5632 -368 -304
v 5632 -368 -432
v 5840 -1216 -240
v 5840 -1216 -304
v 5616 -1216 -304
v 5616 -1216 -240
v 5616 -368 -304
v 5840 -624 -304
v 5840 -624 -432
v 5616 -544 -304
v 5616 -544 -432
v 5616 -624 -432
v 5616 -624 -304
v 5840 -800 -304
v 5840 -800 -432
v 5632 -624 -304
v 5632 -624 -432
v 5632 -800 -432
v 5632 -800 -304
v 5595.99951 -1080 -452
v 5440 -1080 -452
v 5615.99951 -1080 -432
v 5595.99951 -1216 -452
v 5615.99951 -1216 -432
v 2860 -616 -1528
v 2860 -600 -1528
v 2852 -600 -1520
v 2852 -616 -1520
v 2852 -616 -1522
v 2852 -600 -1522
v 2858 -600 -1528
v 2858 -616 -1528
v 2852 -594 -1527.99988
v 2852 -594 -1538
v 2824 -594 -1538
v 2824 -594 -1527.99988
v 2852 -600 -1519.99988
v 2860 -600 -1527.99976
v 2856 -597.000061 -1523.99988
v 2856 -597.000061 -1542.00012
v 2860 -600 -1538.00012
v 2852 -600 -1546
v 2824 -600 -1546
v 2816 -600 -1538
v 2820 -597 -1542
v 2820 -597 -1524
v 2816 -600 -1528
v 2824 -600 -1519.99988
v 2860 -600 -1538
v 2816 -600 -1528.00012
v 2856 -597.000061 -1524
v 2860 -600 -1537.99988
v 2856 -596.999939 -1542
v 2855.99976 -596.999939 -1541.99988
v 2851.99976 -600 -1546
v 2852 -594 -1528
v 2824 -594 -1528
v 2824 -600 -1520
v 2860 -604 -1538
v 2868 -604 -1538
v 2860 -612.000061 -1538
v 2860 -611.999939 -1538
v 2868 -604 -1528
v 2860 -611.999939 -1528
v 2860 -604 -1528
v 2881 -600 -1538
v 2881 -604 -1538
v 2881 -600 -1528
v 2881 -604 -1528
v 2824 -616 -1520
v 2816 -616 -1528
v 2818 -616 -1528
v 2818 -600 -1528
v 2824 -600 -1522
v 2824 -616 -1522
v 2824 -616 -1521.99988
v 2858 -600 -1538
v 2858 -616 -1538
v 2860 -616 -1538
v 2900 -600 -1530
v 2903 -594 -1530
v 2881 -594 -1530
v 2881 -600 -1530
v 2881 -594 -1536
v 2903 -594 -1536
v 2900 -600 -1536
v 2881 -600 -1536
v 2818 -616 -1538
v 2818 -600 -1538
v 2816 -616 -1538
v 2912 -603 -1530
v 2909 -597 -1530
v 2903 -601 -1530
v 2904 -604 -1530
v 2909 -597 -1536
v 2912 -603 -1536
v 2903 -601 -1536
v 2904 -604 -1536
v 2852 -616 -1546
v 2852 -600 -1544
v 2852 -616 -1544
v 2852 -616 -1545.99976
v 2859.99976 -616 -1538
v 2852 -616 -1544.00012
v 2912 -701 -1530
v 2904 -701 -1530
v 2912 -701 -1536
v 2904 -701 -1536
v 2824 -616 -1546
v 2824 -600 -1544
v 2824 -616 -1544
v 2881 -594 -1538
v 2881 -594 -1528
v 5608 -448 -488
v 5608 -448 -504
v 5544 -448 -504
v 5544 -448 -488
v 5608 -768 -488
v 5608 -768 -504
v 5544 -768 -504
v 5544 -768 -488
v 5360 -548 -1904
v 4768 -548 -1904
v 4768 -548 -1312
v 5360 -548 -1312
v 4768 -572 -1904
v 5360 -572 -1904
v 4768 -572 -1312
v 5360 -572 -1312
v 5376 -1016 -480
v 5390 -1016 -480
v 5390 -990.999451 -480
v 5388.00049 -986.000061 -480
v 5383.00049 -984 -480
v 5376 -984 -480
v 5390 -1016 -508
v 5376 -1016 -508
v 5390 -990.999451 -508
v 5388 -985.999939 -508
v 5388 -985.999939 -480
v 5390 -991.000061 -480
v 5390 -991.000061 -508
v 5383 -984 -508
v 5383 -984 -480
v 5388 -986.000061 -480
v 5388 -986.000061 -508
v 5376 -984 -508
v 5352 -804 -1464
v 5352 -636 -1464
v 5304 -636 -1464
v 5304 -804 -1464
v 5352 -804 -1512
v 5352 -636 -1512
v 5352 -684 -1464
v 5352 -636 -1368
v 5352 -684 -1368
v 5304 -684 -1464
v 5344 -804 -1464
v 5344 -684 -1464
v 5344 -684 -1368
v 5344 -804 -1368
v 5304 -804 -1320
v 5304 -636 -1368.00012
v 5304 -804 -1368.00012
v 5352 -636 -1320
v 5352 -804 -1320
v 5304 -636 -1368
v 5352 -804 -1368
v 5304 -804 -1368
v 5352 -996 -1464
v 5352 -828 -1464
v 5304 -828 -1464
v 5304 -996 -1464
v 5352 -996 -1512
v 5352 -828 -1512
v 5352 -876 -1464
v 5352 -828 -1368
v 5352 -876 -1368
v 5304 -876 -1464
v 5344 -996 -1464
v 5344 -876 -1464
v 5344 -876 -1368
v 5344 -996 -1368
v 5304 -828 -1368
v 5352 -996 -1368
v 5304 -996 -1368
v 5352 -828 -1320
v 5352 -996 -1320
v 5304 -996 -1320
v 5304 -828 -1368.00012
v 5304 -996 -1368.00012
v 5352 -996 -1656
v 5352 -828 -1656
v 5304 -828 -1656
v 5304 -996 -1656
v 5352 -996 -1704
v 5352 -828 -1704
v 5352 -876 -1656
v 5352 -828 -1560
v 5352 -876 -1560
v 5304 -876 -1560
v 5304 -876 -1656
v 5352 -684 -1656
v 5352 -636 -1656
v 5352 -636 -1560
v 5352 -684 -1560
v 5304 -684 -1560
v 5304 -684 -1656
v 5344 -804 -1656
v 5344 -684 -1656
v 5344 -684 -1560
v 5344 -804 -1560
v 5344 -996 -1656
v 5344 -876 -1656
v 5344 -876 -1560
v 5344 -996 -1560
v 5352 -996 -1560
v 5304 -996 -1560
v 5304 -828 -1560
v 5352 -804 -1560
v 5304 -804 -1560
v 5304 -636 -1560
v 5352 -996 -1904
v 5352 -828 -1904
v 5304 -996 -1904
v 5304 -828 -1904
v 5352 -804 -1904
v 5352 -636 -1904
v 5352 -636 -1704
v 5352 -804 -1704
v 5304 -804 -1904
v 5304 -636 -1904
v 5596 -1100 -1540
v 5408 -1100 -1540
v 5408 -1100 -1328
v 5408 -1216 -1540
v 5596 -1216 -1540
v 5500 -1020 -1776
v 5500 -712 -1776
v 5352 -712 -1776
v 5352 -1020 -1776
v 5352 -712 -1832
v 5500 -712 -1832
v 5500 -1020 -1832
v 5360 -804 -1732
v 5432 -804 -1732
v 5432 -804 -1776
v 5360 -804 -1776
v 5432 -828 -1776
v 5432 -828 -1732
v 5360 -828 -1732
v 5360 -828 -1776
v 5840 -236 -2032
v 5840 -368 -2032
v 5792 -236 -2032
v 5792 -368 -2032
v 5840 -368 -1840
v 5840 -1216 -1776
v 5840 -1216 -1840
v 5792 -368 -1840
v 5792 -1216 -1840
v 5792 -1216 -1776
v 5840 -368 -1968
v 5840 -544 -1840
v 5840 -544 -1968
v 5808 -368 -1840
v 5808 -368 -1968
v 5808 -544 -1968
v 5808 -544 -1840
v 5840 -624 -1968
v 5840 -624 -2032
v 5792 -368 -1968
v 5792 -624 -2032
v 5792 -624 -1968
v 5840 -624 -1840
v 5792 -544 -1840
v 5792 -544 -1968
v 5792 -624 -1840
v 5616 -800 -304
v 5616 -800 -432
v 5792 -268 -2032
v 5776 -268 -2016
v 5792 -300 -2032
v 5776 -300 -2016
v 5760 -236 -2000
v 5760 -268 -2000
v 5776 -812 -1536
v 5600 -812 -1536
v 5776 -844 -1536
v 5600 -844 -1536
v 5792 -844 -1520
v 5616 -844 -1520
v 5776 -812 -1776
v 5776 -812 -1536.00012
v 5792 -812 -1520.00012
v 5776 -844 -1776
v 5776 -844 -1536.00012
v 5792 -844 -1776
v 5792 -844 -1520.00012
v 5840 -1216 -1344
v 5840 -812 -1344
v 5840 -1216 -1520
v 5656 -1024 -1504
v 5656 -960 -1504
v 5752 -960 -1504
v 5752 -1024 -1504
v 5840 -1216 -2032
v 5792 -1216 -2032
v 5840 -1216 -1600
v 5840 -812 -1600
v 5792 -1216 -1600
v 5792 -812 -1600
v 5792 -1216 -1520
v 5840 -960 -1776
v 5840 -960 -1600
v 5792 -960 -1776
v 5792 -960 -1600
v 5840 -1024 -1776
v 5840 -960 -1696
v 5840 -1024 -1696
v 5792 -1024 -1776
v 5792 -1024 -1696
v 5792 -960 -1696
v 5840 -1024 -1600
v 5792 -1024 -1600
v 5808 -1024 -1600
v 5808 -960 -1600
v 5808 -960 -1696
v 5808 -1024 -1696
v 5424 -996 -1740
v 5424 -828 -1740
v 5352 -828 -1740
v 5352 -996 -1740
v 5424 -996 -1776
v 5424 -828 -1776
v 5356 -996 -1732
v 5432 -996 -1732
v 5432 -996 -1776
v 5356 -996 -1776
v 5432 -1020 -1776
v 5432 -1020 -1732
v 5356 -1020 -1776
v 5424 -1216 -1740
v 5424 -1020 -1740
v 5424 -1020 -1832
v 5514 -780.000122 -1740
v 5454 -840 -1740
v 5454 -837 -1728
v 5502 -789.000122 -1728
v 5502 -837 -1728
v 5514 -840 -1740
v 5694 -780.000122 -1740
v 5754 -840 -1740
v 5754 -840 -1776
v 5658 -744.000122 -1776
v 5658 -840 -1776
v 5694 -840 -1740
v 5724 -821.999756 -1674.00024
v 5736 -809.999756 -1674.00024
v 5736 -798 -1686.00012
v 5724 -798.000061 -1698.00012
v 5736 -810 -1686.00012
v 5736 -810 -1674.00024
v 5724 -822 -1674.00024
v 5724 -822 -1698.00012
v 5724 -792 -1698.00012
v 5736 -792 -1686
v 5742 -792.000061 -1692
v 5730 -792 -1704.00012
v 5724 -831.000122 -1698.00012
v 5736 -819.000061 -1686
v 5730 -792 -1704
v 5742 -792 -1691.99988
v 5742 -819.000061 -1691.99988
v 5730 -831.000183 -1704
v 5730 -831 -1704.00012
v 5742 -818.999878 -1692
v 5736 -818.999939 -1686
v 5724 -831 -1698
v 5466 -792 -1692
v 5454 -789 -1679.99988
v 5460 -789 -1673.99988
v 5472 -792.000061 -1686
v 5460 -800.999817 -1673.99988
v 5472 -819 -1686
v 5466 -819 -1692
v 5454 -800.999817 -1679.99988
v 5748 -789 -1674
v 5754 -789 -1680.00012
v 5748 -801.000183 -1674
v 5754 -789.000061 -1680
v 5754 -801.000183 -1680
v 5742 -819.000061 -1692
v 5754 -801 -1680.00012
v 5748 -801.000061 -1674.00012
v 5700 -836.999878 -1674.00012
v 5712 -830.999878 -1674.00012
v 5712 -795 -1710.00012
v 5700 -788.999939 -1722.00012
v 5712 -831 -1710.00012
v 5712 -831 -1673.99988
v 5700 -837 -1673.99988
v 5700 -837 -1722
v 5754 -795.000244 -1680.00012
v 5754 -810 -1692
v 5742 -798.000183 -1692
v 5742 -810 -1692
v 5652 -743.999939 -1770
v 5556 -743.999939 -1770
v 5556 -840 -1674
v 5652 -840 -1674
v 5556 -840 -1770
v 5652 -840 -1770
v 5484 -792 -1698.00012
v 5496 -789 -1710.00024
v 5490 -789 -1716.00024
v 5478 -792 -1704.00012
v 5496 -789 -1710.00012
v 5484 -792.000061 -1698
v 5484 -831.000122 -1698
v 5496 -840.000244 -1710.00012
v 5490 -840.000122 -1716.00024
v 5478 -831 -1704.00012
v 5496 -840.000061 -1710.00024
v 5484 -830.999939 -1698.00012
v 5754 -783 -1668
v 5760 -783 -1674.00012
v 5760 -789.000122 -1674.00012
v 5754 -789 -1668
v 5748 -801.000061 -1674
v 5760 -783 -1674
v 5760 -788.999939 -1674
v 5754 -801.000061 -1680
v 5754 -789 -1667.99988
v 5496 -876 -1716
v 5496 -852 -1716
v 5496 -852 -1776
v 5496 -876 -1776
v 5712 -876 -1716
v 5712 -852 -1716
v 5712 -876 -1776
v 5712 -852 -1776
v 5688 -840 -1674
v 5688 -779.999939 -1734
v 5688 -840 -1734.00012
v 5718 -788.999939 -1716.00012
v 5706 -782.999939 -1728.00012
v 5700 -782.999939 -1722.00012
v 5712 -788.999939 -1710.00012
v 5712 -789 -1710
v 5700 -840 -1722.00012
v 5712 -839.999939 -1710
v 5718 -789 -1716
v 5718 -839.999939 -1716
v 5706 -840 -1728.00012
v 5484 -798 -1698
v 5484 -822.000183 -1673.99988
v 5496 -831.000183 -1673.99988
v 5496 -794.999939 -1710
v 5496 -831 -1674
v 5484 -822 -1674
v 5484 -822 -1698
v 5496 -831 -1710
v 5688 -779.999939 -1734.00012
v 5688 -840.000122 -1673.99988
v 5700 -837.000122 -1673.99988
v 5700 -837 -1722.00012
v 5700 -837 -1674
v 5694 -774.000061 -1740.00012
v 5658 -738.000061 -1776.00012
v 5652 -738.000061 -1770
v 5688 -774 -1734
v 5688 -840 -1734
v 5658 -738.000061 -1776
v 5694 -774 -1740
v 5508 -837 -1674
v 5508 -788.999939 -1722
v 5508 -837 -1722
v 5520 -840 -1674
v 5520 -779.999939 -1734
v 5520 -840 -1674.00012
v 5508 -837 -1674.00012
v 5520 -840 -1734
v 5508 -783 -1722
v 5520 -774.000061 -1734
v 5514 -774 -1740
v 5502 -783.000122 -1728
v 5508 -783.000122 -1722
v 5508 -840 -1722
v 5514 -774.000122 -1740
v 5502 -840 -1728
v 5454 -831 -1716
v 5454 -822 -1704
v 5478 -798.000122 -1704
v 5490 -795.000122 -1716
v 5478 -822 -1704
v 5490 -831 -1716
v 5712 -831.000244 -1673.99988
v 5724 -822.000244 -1673.99988
v 5724 -822 -1673.99976
v 5712 -831 -1673.99976
v 5472 -792 -1686.00012
v 5466 -792 -1692.00012
v 5472 -818.999878 -1686
v 5466 -818.999878 -1692
v 5484 -831.000061 -1698.00012
v 5496 -788.999878 -1710.00024
v 5502 -783 -1728
v 5490 -788.999878 -1716.00024
v 5496 -840 -1710.00012
v 5490 -789.000061 -1716.00012
v 5490 -840 -1716.00012
v 5454 -810 -1692
v 5466 -798.000244 -1692
v 5478 -798.000244 -1704
v 5466 -810 -1692
v 5730 -798.000183 -1704
v 5754 -822.000061 -1704
v 5754 -831 -1716
v 5718 -795.000183 -1716
v 5730 -822 -1704
v 5718 -831 -1716
v 5730 -798.000305 -1704
v 5556 -738.000061 -1770
v 5550 -738.000061 -1776.00012
v 5514 -774.000061 -1740.00012
v 5550 -738.000061 -1776
v 5550 -840 -1776
v 5550 -744.000061 -1776
v 5454 -840 -1776
v 5453.99951 -840 -1740
v 5453.99951 -840 -1776
v 5472 -798.000061 -1686
v 5472 -810 -1674
v 5484 -798.000061 -1698
v 5484 -822 -1674.00012
v 5472 -810 -1674.00012
v 5472 -810 -1686
v 5706 -789.000183 -1728
v 5754 -837 -1728
v 5706 -837 -1728
v 5694 -773.999939 -1740.00012
v 5688 -773.999939 -1734.00012
v 5694 -840 -1740.00012
v 5453.99951 -788.999939 -1680
v 5448 -783.000183 -1674.00024
v 5454 -783.000183 -1668.00024
v 5459.99951 -788.999939 -1674
v 5454 -789.000122 -1668
v 5454 -783.000061 -1668
v 5448 -783.000061 -1674
v 5448 -789.000122 -1674
v 5454 -783.000244 -1668.00012
v 5454 -789.000244 -1668.00012
v 5448 -789.000183 -1674.00012
v 5448 -783.000244 -1674.00012
v 5454 -789.000061 -1679.99988
v 5460 -800.999878 -1674
v 5454 -800.999878 -1680
v 5460 -795.000122 -1673.99988
v 5472 -810.000244 -1673.99988
v 5472 -810.000122 -1674
v 5460 -795.000122 -1674.00012
v 5472 -810.000122 -1686
v 5747.99951 -795.000122 -1674.00037
v 5747.99951 -795.000549 -1674.00061
v 5736 -810 -1674.00049
v 5724 -831 -1698.00012
v 5484 -852 -1704
v 5484 -816 -1704
v 5484 -816 -1776
v 5484 -852 -1776
v 5724 -852 -1704
v 5724 -816 -1704
v 5724 -852 -1776
v 5724 -816 -1776
v 5454 -795.000183 -1680.00012
v 5466 -798.000061 -1692
v 5658 -744 -1776
v 5658 -734 -1776
v 5658 -734 -1770
v 5658 -744 -1770
v 5550 -734 -1770
v 5550 -734 -1776
v 5550 -744 -1770
v 5550 -744 -1776
v 5500 -1091.99988 -1688
v 5500 -1100 -1688
v 5516 -1100 -1688
v 5516 -1091.99988 -1688
v 5500 -1068 -1768
v 5500 -1068 -1735.99988
v 5516 -1068 -1735.99988
v 5516 -1068 -1768
v 5500 -1100 -1768
v 5516 -1100 -1768
v 5516 -1068 -1736
v 5500 -1068 -1736
v 5500 -1092 -1688
v 5516 -1092 -1688
v 5516 -940 -1768
v 5516 -924 -1768
v 5516 -892 -1736
v 5516 -892 -1720
v 5500 -892 -1736
v 5500 -924 -1768
v 5500 -892 -1720
v 5500 -940.000061 -1768
v 5708 -1068 -1768
v 5708 -1068 -1735.99988
v 5708 -1091.99988 -1688
v 5708 -1100 -1688
v 5708 -1100 -1768
v 5692 -1091.99988 -1688
v 5692 -1100 -1688
v 5692 -1068 -1768
v 5692 -1068 -1735.99988
v 5692 -1100 -1768
v 5708 -1092 -1688
v 5708 -1068 -1736
v 5692 -1068 -1736
v 5692 -1092 -1688
v 5708 -892 -1716
v 5708 -884 -1716
v 5692 -884 -1716
v 5692 -892 -1716
v 5692 -884 -1768
v 5692 -892 -1768
v 5708 -884 -1768
v 5708 -892 -1768
v 5516 -892 -1716
v 5516 -884 -1716
v 5500 -884 -1716
v 5500 -892 -1716
v 5500 -884 -1768
v 5500 -892 -1768
v 5516 -884 -1768
v 5516 -892 -1768
v 5708 -940 -1768
v 5708 -924 -1768
v 5708 -892 -1736
v 5708 -892 -1720
v 5692 -892 -1736
v 5692 -924 -1768
v 5692 -892 -1720
v 5692 -940 -1768
v 5708 -1100 -1832
v 5708 -884 -1832
v 5692 -1100 -1832
v 5692 -884 -1832
v 5516 -900 -1832
v 5516 -884 -1832
v 5692 -900 -1832
v 5692 -900 -1768
v 5516 -900 -1768
v 5516 -1100 -1832
v 5500 -884 -1832
v 5500 -1100 -1832
v 5494 -876 -1776
v 5494 -876 -1714
v 5714 -876 -1714
v 5714 -876 -1776
v 5494 -884 -1714
v 5494 -884 -1776
v 5714 -884 -1714
v 5714 -884 -1776
v 5652 -1034 -1832
v 5652 -912 -1832
v 5680 -912 -1832
v 5680 -1034 -1832
v 5680 -912 -1792
v 5652 -912 -1792
v 5652 -1034 -1792
v 5680 -1034 -1792
v 5604 -1068 -1832
v 5604 -912 -1832
v 5652 -1068 -1832
v 5604 -912 -1792
v 5604 -1068 -1792
v 5652 -1068 -1792
v 5556 -912 -1832
v 5556 -1068 -1832
v 5556 -912 -1792
v 5556 -1068 -1792
v 5528 -911.999939 -1832
v 5556 -1034 -1832
v 5528 -1034 -1832
v 5556 -1034 -1792
v 5528 -912 -1792
v 5528 -1034 -1792
v 5692 -1092 -1704
v 5516 -1092 -1704
v 5692 -1100 -1704
v 5692 -1084 -1704
v 5516 -1084 -1704
v 5516 -1100 -1704
v 5692 -1084 -1720
v 5516 -1084 -1720
v 5692 -1100 -1720
v 5692 -1076 -1720
v 5516 -1076 -1720
v 5516 -1100 -1720
v 5692 -1076 -1736
v 5516 -1076 -1736
v 5516 -1100 -1736
v 5692 -1100 -1736
v 5692 -1068 -1832
v 5516 -1068 -1832
v 5680 -1068 -1832
v 5692 -900.000488 -1776
v 5680 -912.000488 -1776
v 5680 -1068 -1776
v 5692 -1068 -1776
v 5680 -912.000305 -1776
v 5680 -912.000305 -1832
v 5680 -912 -1776
v 5692 -900 -1776
v 5516 -900 -1776
v 5528 -911.999939 -1776
v 5680.00049 -912 -1832
v 5680.00049 -912 -1776
v 5528 -1068 -1832
v 5516 -1068 -1776
v 5528 -1068 -1776
v 5680 -1068 -1792
v 5528 -1068 -1792
v 5500 -1216 -1776
v 5424 -1020 -1776
v 5500 -1216 -1832
v 5792 -1020 -1776
v 5708 -1020 -1776
v 5708 -1216 -1776
v 5792 -1216 -1832
v 5792 -1020 -1832
v 5708 -1216 -1832
v 5708 -1020 -1832
v 5792 -712 -1776
v 5708 -712 -1776
v 5708 -712 -1832
v 5792 -712 -1832
v 5708 -884 -1776
v 5500 -884 -1776
v 5352 -804 -1656
v 5304 -636 -1656
v 5304 -804 -1656
v 5352 -700 -1832
v 5352 -604 -1832
v 5792 -604 -1832
v 5792 -700 -1832
v 5792 -700 -1752
v 5352 -700 -1752
v 5792 -684 -1752
v 5352 -684 -1752
v 5792 -712 -1764
v 5792 -700 -1764
v 5352 -700 -1764
v 5352 -712 -1764
v 5704 -552 -1572
v 5704 -536 -1572
v 5696 -536 -1580
v 5696 -552 -1580
v 5698 -552 -1580
v 5698 -536 -1580
v 5704 -536 -1574
v 5704 -552 -1574
v 5704 -552 -1574.00024
v 5704 -552 -1571.99976
v 5698.00049 -552 -1580
v 5704 -530 -1579.99988
v 5714 -530 -1579.99988
v 5714 -530 -1608
v 5704 -530 -1608
v 5696 -536 -1579.99988
v 5704 -536 -1571.99988
v 5700 -533 -1575.99988
v 5718 -533 -1575.99988
v 5714 -536 -1571.99988
v 5722 -536 -1580
v 5722 -536 -1608
v 5714 -536 -1616
v 5718 -533 -1612
v 5700 -532.999939 -1612
v 5704 -536 -1616
v 5696 -536 -1608
v 5714 -530 -1580
v 5704 -530 -1580
v 5700 -533 -1576
v 5714 -536 -1572
v 5718 -532.999939 -1576
v 5722 -536 -1580.00012
v 5722 -536 -1608.00024
v 5718 -533.000061 -1612.00012
v 5696 -536 -1579.99976
v 5696 -536 -1607.99988
v 5714 -540 -1572
v 5714 -540 -1564
v 5714 -548 -1572
v 5704 -540 -1564
v 5704 -548 -1572
v 5704 -540 -1572
v 5714 -536 -1551
v 5714 -540 -1551
v 5704 -536 -1551
v 5704 -540 -1551
v 5696 -552 -1608
v 5704 -552 -1616
v 5704 -552 -1614
v 5704 -536 -1614
v 5698 -536 -1608
v 5698 -552 -1608
v 5704 -552 -1615.99988
v 5714 -536 -1574
v 5714 -552 -1574
v 5714 -552 -1572
v 5706 -536 -1532
v 5706 -530 -1529
v 5706 -530 -1551
v 5706 -536 -1551
v 5712 -530 -1529
v 5712 -530 -1551
v 5712 -536 -1532
v 5712 -536 -1551
v 5714 -552 -1614
v 5714 -536 -1614
v 5714 -552 -1616
v 5706 -539 -1520
v 5706 -533 -1523
v 5706 -537 -1529
v 5706 -540 -1528
v 5712 -533 -1523
v 5712 -539 -1520
v 5712 -537 -1529
v 5712 -540 -1528
v 5722 -552 -1580
v 5720 -536 -1580
v 5720 -552 -1580
v 5714 -552 -1572.00012
v 5714 -552 -1573.99988
v 5706 -637 -1520
v 5706 -637 -1528
v 5712 -637 -1520
v 5712 -637 -1528
v 5722 -552 -1608
v 5720 -536 -1608
v 5720 -552 -1608
v 5714 -530 -1551
v 5704 -530 -1551
v 5714 -552 -1613.99976
v 5714 -552 -1616.00024
v 5719.99951 -552 -1608
v 5706 -533 -1522.99988
v 5706 -530 -1528.99988
v 5706 -537 -1528.99988
v 5712 -530 -1528.99988
v 5712 -533 -1522.99988
v 5712 -537 -1528.99988
v 5360 -836 -1740
v 5360 -836 -1732
v 5416 -836 -1732
v 5416 -836 -1740
v 5360 -932 -1732
v 5360 -932 -1740
v 5416 -932 -1732
v 5416 -932 -1740
v 5471 -724 -1776
v 5373 -724 -1764
v 5471 -724 -1764
v 5492 -760.999817 -1776
v 5492 -754.999939 -1776
v 5492 -754.999939 -1764
v 5492 -760.999817 -1764
v 5364 -783.000061 -1764
v 5364 -733 -1764
v 5364 -733 -1776
v 5364 -783.000061 -1776
v 5471 -792 -1764
v 5373 -792 -1776
v 5471 -792 -1776
v 5373 -792 -1764
v 5492 -755.000061 -1764
v 5492 -755.000061 -1776
v 5373 -724 -1776
v 5492 -760.999939 -1776
v 5492 -760.999939 -1764
v 5408 -1080 -1704
v 5408 -1078 -1740
v 5344 -1078 -1740
v 5344 -1080 -1704
v 5408 -1216 -1704
v 5344 -1216 -1704
v 5408 -1086 -1672
v 5344 -1086 -1672
v 5408 -1216 -1672
v 5344 -1216 -1672
v 5344 -1088 -1640
v 5408 -1088 -1640
v 5408 -1216 -1640
v 5344 -1216 -1640
v 5708 -1092 -1756
v 5772 -1092 -1756
v 5792 -1092 -1776
v 5708 -1092 -1776
v 5772 -1216 -1756
v 5708 -1216 -1756
v 5644 -1100.00012 -1540
v 5700 -1092.00012 -1540
v 5772 -1092.00012 -1611.99988
v 5772 -1100.00012 -1668.00012
v 5772 -1216 -1668.00012
v 5772 -1216 -1611.99988
v 5700 -1216 -1540
v 5644 -1216 -1540
v 5644 -1092 -1540
v 5596 -1092 -1540
v 5616 -1092 -1520
v 5644 -1092 -1520
v 5644 -1216 -1520
v 5700 -1084 -1520
v 5792 -1084 -1520
v 5772 -1084 -1540
v 5700 -1084 -1540
v 5772 -1216 -1540
v 5700 -1216 -1520
v 5772 -1092 -1756.00012
v 5772 -1092 -1668
v 5792 -1092 -1668
v 5792 -1092 -1776.00012
v 5772 -1216 -1756.00012
v 5772 -1216 -1668
v 5792 -1216 -1776.00012
v 5792 -1216 -1668
v 5772 -1084 -1612
v 5772 -1084 -1540.00012
v 5792 -1084 -1520.00012
v 5792 -1084 -1612
v 5772 -1216 -1612
v 5772 -1216 -1540.00012
v 5792 -1216 -1612
v 5792 -1216 -1520.00012
v 5700 -1092 -1540
v 5736 -1092 -1540
v 5772 -1092 -1576
v 5772 -1092 -1611.99988
v 5772 -1216 -1576
v 5736 -1216 -1540
v 5772 -1090 -1540
v 6184 -1200 -1232
v 6432 -1200 -1232
v 6432 -1200 -1008
v 6432 -1152 -1008
v 6432 -1152 -1232
v 6184 -1152 -1232
v 7328 -1152 -1584
v 7328 -1152 -1392
v 7328 -1200 -1392
v 7328 -1200 -1584
v 6624 -1200 -1584
v 6624 -1200 -1392
v 6624 -1152 -1392
v 6624 -1152 -1584
v 7328 -1152 -880
v 7328 -1200 -880
v 7136 -1200 -1392
v 7136 -1200 -880
v 7136 -1152 -880
v 7136 -1152 -1392
v 6688 -960 -1392
v 6688 -960 -1200
v 6688 -1152 -1200
v 6688 -1152 -1392
v 6624 -1152 -1200
v 6624 -960 -1200
v 6624 -960 -1392
v 7360 -960 -1008
v 7360 -960 -880
v 7360 -1152 -880
v 7360 -1152 -1008
v 7328 -1152 -1008
v 7328 -960 -880
v 7328 -960 -1008
v 6432 -960 -880
v 6432 -960 -656
v 6432 -1152 -656
v 6432 -1152 -880
v 6400 -1152 -880
v 6400 -1152 -656
v 6400 -960 -656
v 6400 -960 -880
v 6200 -1152 -1264
v 6400 -1152 -1264
v 6400 -1152 -1232
v 6200 -1152 -1232
v 6200 -960 -1232
v 6400 -960 -1232
v 6400 -960 -1264
v 6200 -960 -1264
v 6400 -1152 -1008
v 6400 -1152 -976
v 6200 -1152 -976
v 6200 -960 -976
v 6400 -960 -976
v 6400 -960 -1008
v 7648 -960 -1040
v 7648 -960 -1008
v 7648 -1152 -1008
v 7648 -1152 -1040
v 7328 -1152 -1040
v 7328 -960 -1040
v 7648 -960 -1264
v 7648 -960 -1232
v 7648 -1152 -1232
v 7648 -1152 -1264
v 7328 -1152 -1264
v 7328 -1152 -1232
v 7328 -960 -1232
v 7328 -960 -1264
v 6976 -1152 -1184
v 7040 -1152 -1184
v 7040 -1152 -1136
v 6976 -1152 -1136
v 6976 -1024 -1184
v 7040 -1024 -1184
v 7040 -1024 -1136
v 6976 -1024 -1136
v 6720 -1024 -1200
v 7040 -1024 -1200
v 7040 -1024 -880
v 6720 -1024 -880
v 6720 -960 -880
v 7040 -960 -880
v 7040 -960 -1200
v 6720 -960 -1200
v 6736 -1152 -1616
v 7024 -1152 -1616
v 7024 -1152 -1584
v 6736 -1152 -1584
v 6736 -1088 -1584
v 7024 -1088 -1584
v 7024 -1088 -1616
v 6736 -1088 -1616
v 6736 -992 -1616
v 7024 -992 -1616
v 7024 -992 -1584
v 6736 -992 -1584
v 6736 -960 -1584
v 7024 -960 -1584
v 7024 -960 -1616
v 6736 -960 -1616
v 6852 -1084 -1616
v 6852 -996 -1616
v 6908 -996 -1616
v 6908 -1084 -1616
v 6908 -1084 -1596
v 6908 -996 -1596
v 6852 -996 -1596
v 6852 -1084 -1596
v 6908 -1088 -1616
v 6852 -1088 -1616
v 6852 -1084 -1592
v 6852 -1088 -1592
v 6908 -1088 -1592
v 6908 -1084 -1592
v 6848 -992 -1616
v 6852 -992 -1616
v 6848 -1088 -1616
v 6852 -992 -1592
v 6848 -992 -1592
v 6848 -1088 -1592
v 6908 -992 -1616
v 6908 -996 -1592
v 6908 -992 -1592
v 6852 -996 -1592
v 6912 -992 -1616
v 6912 -1088 -1616
v 6912 -992 -1592
v 6912 -1088 -1592
v 7040 -960 -1392
v 7072 -960 -1392
v 7072 -1152 -1392
v 7040 -1152 -1392
v 7072 -1152 -1328
v 7072 -960 -1328
v 7040 -960 -1328
v 7040 -1152 -1328
v 6800 -992 -1616
v 6800 -1088 -1616
v 6848 -992 -1584
v 6800 -992 -1584
v 6800 -1088 -1584
v 6848 -1088 -1584
v 6432 -1152 -1616
v 6624 -1152 -1616
v 6432 -1152 -1584
v 6432 -960 -1584
v 6624 -960 -1584
v 6624 -960 -1616
v 6432 -960 -1616
v 7136 -1152 -1616
v 7328 -1152 -1616
v 7136 -1152 -1584
v 7136 -960 -1584
v 7328 -960 -1584
v 7328 -960 -1616
v 7136 -960 -1616
v 6960 -992 -1616
v 6960 -1088 -1616
v 6960 -992 -1584
v 6912 -992 -1584
v 6912 -1088 -1584
v 6960 -1088 -1584
v 6796 -992 -1616
v 6796 -1088 -1616
v 6800 -992 -1592
v 6796 -992 -1592
v 6796 -1088 -1592
v 6800 -1088 -1592
v 6740 -996 -1616
v 6740 -992 -1616
v 6796 -996 -1616
v 6796 -996 -1592
v 6740 -992 -1592
v 6740 -996 -1592
v 6740 -1084 -1616
v 6796 -1084 -1616
v 6796 -1084 -1596
v 6796 -996 -1596
v 6740 -996 -1596
v 6740 -1084 -1596
v 6740 -1088 -1616
v 6740 -1084 -1592
v 6740 -1088 -1592
v 6796 -1084 -1592
v 6736 -992 -1592
v 6736 -1088 -1592
v 7020 -992 -1616
v 7020 -1088 -1616
v 7024 -992 -1592
v 7020 -992 -1592
v 7020 -1088 -1592
v 7024 -1088 -1592
v 6964 -996 -1616
v 6964 -992 -1616
v 7020 -996 -1616
v 7020 -996 -1592
v 6964 -992 -1592
v 6964 -996 -1592
v 6964 -1084 -1616
v 7020 -1084 -1616
v 7020 -1084 -1596
v 7020 -996 -1596
v 6964 -996 -1596
v 6964 -1084 -1596
v 6964 -1088 -1616
v 6964 -1084 -1592
v 6964 -1088 -1592
v 7020 -1084 -1592
v 6960 -992 -1592
v 6960 -1088 -1592
v 6688 -960 -1584
v 6688 -960 -1552
v 6688 -1152 -1552
v 6688 -1152 -1584
v 6624 -960 -1552
v 6624 -1152 -1552
v 7136 -960 -1552
v 7136 -1152 -1552
v 7072 -960 -1584
v 7072 -1152 -1584
v 7072 -960 -1552
v 7072 -1152 -1552
v 7136 -1152 -688
v 7328 -1152 -688
v 7328 -1152 -656
v 7136 -1152 -656
v 7136 -960 -656
v 7328 -960 -656
v 7328 -960 -688
v 7136 -960 -688
v 6432 -1152 -688
v 6624 -1152 -688
v 6624 -1152 -656
v 6624 -960 -656
v 6624 -960 -688
v 6432 -960 -688
v 6736 -992 -688
v 7024 -992 -688
v 7024 -992 -656
v 6736 -992 -656
v 6736 -960 -656
v 7024 -960 -656
v 7024 -960 -688
v 6736 -960 -688
v 6800 -992 -656
v 6796 -992 -656
v 6796 -1088 -656
v 6800 -1088 -656
v 6796 -992 -680
v 6800 -992 -680
v 6800 -1088 -680
v 6796 -1088 -680
v 6960 -992 -656
v 6912 -992 -656
v 6912 -1088 -656
v 6960 -1088 -656
v 6912 -992 -688
v 6960 -992 -688
v 6960 -1088 -688
v 6912 -1088 -688
v 7020 -996 -656
v 7020 -992 -656
v 6964 -992 -656
v 6964 -996 -656
v 6964 -996 -680
v 6964 -992 -680
v 7020 -992 -680
v 7020 -996 -680
v 6848 -992 -656
v 6848 -1088 -656
v 6800 -992 -688
v 6848 -992 -688
v 6848 -1088 -688
v 6800 -1088 -688
v 6964 -1088 -656
v 6960 -992 -680
v 6964 -1088 -680
v 6960 -1088 -680
v 6852 -992 -656
v 6852 -1088 -656
v 6848 -992 -680
v 6852 -992 -680
v 6852 -1088 -680
v 6848 -1088 -680
v 7020 -1088 -656
v 7024 -1088 -656
v 7024 -992 -680
v 7024 -1088 -680
v 7020 -1088 -680
v 6736 -1152 -688
v 7024 -1152 -688
v 7024 -1152 -656
v 6736 -1152 -656
v 6736 -1088 -656
v 7024 -1088 -688
v 6736 -1088 -688
v 6796 -1084 -656
v 6796 -996 -656
v 6740 -996 -656
v 6740 -1084 -656
v 6740 -1084 -676
v 6740 -996 -676
v 6796 -996 -676
v 6796 -1084 -676
v 6908 -996 -656
v 6908 -992 -656
v 6852 -996 -656
v 6852 -996 -680
v 6908 -992 -680
v 6908 -996 -680
v 6908 -1088 -656
v 6912 -992 -680
v 6912 -1088 -680
v 6908 -1088 -680
v 6964 -1084 -656
v 7020 -1084 -656
v 7020 -1084 -680
v 6964 -1084 -680
v 6740 -992 -656
v 6740 -1088 -656
v 6736 -992 -680
v 6740 -992 -680
v 6740 -1088 -680
v 6736 -1088 -680
v 6908 -1084 -656
v 6852 -1084 -656
v 6852 -1084 -676
v 6852 -996 -676
v 6908 -996 -676
v 6908 -1084 -676
v 6908 -1084 -680
v 6852 -1084 -680
v 6964 -1084 -676
v 6964 -996 -676
v 7020 -996 -676
v 7020 -1084 -676
v 6796 -1084 -680
v 6740 -1084 -680
v 6740 -996 -680
v 6796 -996 -680
v 7136 -960 -720
v 7136 -1152 -720
v 7072 -960 -720
v 7072 -1152 -720
v 7072 -960 -688
v 7072 -1152 -688
v 6688 -960 -720
v 6688 -960 -688
v 6688 -1152 -688
v 6688 -1152 -720
v 6624 -960 -720
v 6624 -1152 -720
v 6912 -1024 -1200
v 6912 -1024 -1168
v 6912 -1152 -1168
v 6912 -1152 -1200
v 6848 -1152 -1200
v 6848 -1152 -1168
v 6848 -1024 -1200
v 6848 -1024 -1168
v 6912 -1152 -1184
v 6912 -1152 -1136
v 6912 -1024 -1184
v 6912 -1024 -1136
v 6720 -1152 -1184
v 6784 -1152 -1184
v 6784 -1152 -1136
v 6720 -1152 -1136
v 6720 -1024 -1184
v 6784 -1024 -1184
v 6784 -1024 -1136
v 6720 -1024 -1136
v 6848 -1152 -1184
v 6848 -1152 -1136
v 6848 -1024 -1184
v 6848 -1024 -1136
v 7072 -928 -1392
v 7072 -928 -1184
v 7072 -960 -1184
v 6688 -960 -1184
v 6688 -928 -1184
v 6688 -928 -1392
v 7648 -928 -1232
v 7648 -928 -1040
v 7328 -928 -1040
v 7328 -928 -1232
v 7328 -928 -1392
v 7328 -928 -880
v 7328 -960 -1392
v 7136 -960 -1392
v 7136 -960 -880
v 7136 -928 -880
v 7136 -928 -1392
v 7328 -928 -688
v 6624 -960 -880
v 6624 -928 -688
v 6624 -928 -880
v 6184 -960 -1232
v 6432 -960 -1232
v 6432 -960 -1008
v 6432 -928 -1008
v 6432 -928 -1232
v 6184 -928 -1232
v 6624 -928 -1584
v 6432 -928 -688
v 6432 -928 -1584
v 7328 -928 -1584
v 6624 -928 -1392
v 7072 -1152 -1200
v 7072 -1152 -1184
v 7072 -1200 -1184
v 7072 -1200 -1200
v 6688 -1200 -1184
v 6688 -1200 -1200
v 6688 -1152 -1184
v 7072 -1152 -1264
v 7072 -1200 -1264
v 7072 -1200 -1392
v 6688 -1200 -1392
v 6688 -1200 -1264
v 6688 -1152 -1264
v 6736 -1200 -1200
v 6736 -1200 -1264
v 6736 -1152 -1200
v 6736 -1152 -1264
v 6832 -1200 -1264
v 6832 -1200 -1200
v 6832 -1152 -1200
v 6832 -1152 -1264
v 6928 -1200 -1264
v 6928 -1200 -1200
v 6928 -1152 -1200
v 6928 -1152 -1264
v 7024 -1200 -1264
v 7024 -1200 -1200
v 7024 -1152 -1200
v 7024 -1152 -1264
v 6776 -980 -1208
v 6776 -980 -1224
v 6792 -980 -1224
v 6792 -980 -1208
v 6792 -976 -1224
v 6792 -976 -1208
v 6776 -976 -1224
v 6776 -976 -1208
v 6912 -976 -1232
v 7040 -976 -1232
v 7040 -976 -1200
v 6912 -976 -1200
v 6912 -960 -1248
v 7040 -960 -1248
v 6912 -960 -1200
v 6720 -976 -1232
v 6848 -976 -1232
v 6848 -976 -1200
v 6720 -976 -1200
v 6720 -960 -1248
v 6848 -960 -1248
v 6848 -960 -1200
v 6968 -980 -1208
v 6968 -980 -1224
v 6984 -980 -1224
v 6984 -980 -1208
v 6984 -976 -1224
v 6984 -976 -1208
v 6968 -976 -1224
v 6968 -976 -1208
v 6496 -966 -808
v 6496 -960 -808
v 6496 -960 -744
v 6496 -966 -744
v 6480 -960 -744
v 6480 -960 -808
v 6480 -966 -808
v 6480 -966 -744
v 6576 -966 -808
v 6576 -960 -808
v 6576 -960 -744
v 6576 -966 -744
v 6560 -960 -744
v 6560 -960 -808
v 6560 -966 -808
v 6560 -966 -744
v 6576 -966 -952
v 6576 -960 -952
v 6576 -960 -888
v 6576 -966 -888
v 6560 -960 -888
v 6560 -960 -952
v 6560 -966 -952
v 6560 -966 -888
v 6496 -966 -952
v 6496 -960 -952
v 6496 -960 -888
v 6496 -966 -888
v 6480 -960 -888
v 6480 -960 -952
v 6480 -966 -952
v 6480 -966 -888
v 6576 -966 -1528
v 6576 -960 -1528
v 6576 -960 -1464
v 6576 -966 -1464
v 6560 -960 -1464
v 6560 -960 -1528
v 6560 -966 -1528
v 6560 -966 -1464
v 6496 -966 -1528
v 6496 -960 -1528
v 6496 -960 -1464
v 6496 -966 -1464
v 6480 -960 -1464
v 6480 -960 -1528
v 6480 -966 -1528
v 6480 -966 -1464
v 6496 -966 -1384
v 6496 -960 -1384
v 6496 -960 -1320
v 6496 -966 -1320
v 6480 -960 -1320
v 6480 -960 -1384
v 6480 -966 -1384
v 6480 -966 -1320
v 6576 -966 -1384
v 6576 -960 -1384
v 6576 -960 -1320
v 6576 -966 -1320
v 6560 -960 -1320
v 6560 -960 -1384
v 6560 -966 -1384
v 6560 -966 -1320
v 6576 -966 -1240
v 6576 -960 -1240
v 6576 -960 -1176
v 6576 -966 -1176
v 6560 -960 -1176
v 6560 -960 -1240
v 6560 -966 -1240
v 6560 -966 -1176
v 6496 -966 -1240
v 6496 -960 -1240
v 6496 -960 -1176
v 6496 -966 -1176
v 6480 -960 -1176
v 6480 -960 -1240
v 6480 -966 -1240
v 6480 -966 -1176
v 6496 -966 -1096
v 6496 -960 -1096
v 6496 -960 -1032
v 6496 -966 -1032
v 6480 -960 -1032
v 6480 -960 -1096
v 6480 -966 -1096
v 6480 -966 -1032
v 6576 -966 -1096
v 6576 -960 -1096
v 6576 -960 -1032
v 6576 -966 -1032
v 6560 -960 -1032
v 6560 -960 -1096
v 6560 -966 -1096
v 6560 -966 -1032
v 7280 -966 -952
v 7280 -960 -952
v 7280 -960 -888
v 7280 -966 -888
v 7264 -960 -888
v 7264 -960 -952
v 7264 -966 -952
v 7264 -966 -888
v 7200 -966 -1528
v 7200 -960 -1528
v 7200 -960 -1464
v 7200 -966 -1464
v 7184 -960 -1464
v 7184 -960 -1528
v 7184 -966 -1528
v 7184 -966 -1464
v 7200 -966 -1384
v 7200 -960 -1384
v 7200 -960 -1320
v 7200 -966 -1320
v 7184 -960 -1320
v 7184 -960 -1384
v 7184 -966 -1384
v 7184 -966 -1320
v 7280 -966 -1096
v 7280 -960 -1096
v 7280 -960 -1032
v 7280 -966 -1032
v 7264 -960 -1032
v 7264 -960 -1096
v 7264 -966 -1096
v 7264 -966 -1032
v 7200 -966 -808
v 7200 -960 -808
v 7200 -960 -744
v 7200 -966 -744
v 7184 -960 -744
v 7184 -960 -808
v 7184 -966 -808
v 7184 -966 -744
v 7280 -966 -1384
v 7280 -960 -1384
v 7280 -960 -1320
v 7280 -966 -1320
v 7264 -960 -1320
v 7264 -960 -1384
v 7264 -966 -1384
v 7264 -966 -1320
v 7200 -966 -952
v 7200 -960 -952
v 7200 -960 -888
v 7200 -966 -888
v 7184 -960 -888
v 7184 -960 -952
v 7184 -966 -952
v 7184 -966 -888
v 7280 -966 -808
v 7280 -960 -808
v 7280 -960 -744
v 7280 -966 -744
v 7264 -960 -744
v 7264 -960 -808
v 7264 -966 -808
v 7264 -966 -744
v 7280 -966 -1240
v 7280 -960 -1240
v 7280 -960 -1176
v 7280 -966 -1176
v 7264 -960 -1176
v 7264 -960 -1240
v 7264 -966 -1240
v 7264 -966 -1176
v 7280 -966 -1528
v 7280 -960 -1528
v 7280 -960 -1464
v 7280 -966 -1464
v 7264 -960 -1464
v 7264 -960 -1528
v 7264 -966 -1528
v 7264 -966 -1464
v 7200 -966 -1096
v 7200 -960 -1096
v 7200 -960 -1032
v 7200 -966 -1032
v 7184 -960 -1032
v 7184 -960 -1096
v 7184 -966 -1096
v 7184 -966 -1032
v 7200 -966 -1240
v 7200 -960 -1240
v 7200 -960 -1176
v 7200 -966 -1176
v 7184 -960 -1176
v 7184 -960 -1240
v 7184 -966 -1240
v 7184 -966 -1176
v 2528 -442 -1360
v 2624 -442 -1360
v 2624 -442 -1240
v 2528 -796 -1304
v 2624 -796 -1304
v 2624 -442 -1304
v 2624 -762 -1240
v 2624 -762 -1304
v 5500 -1089 -1776
v 5424 -1077 -1776
v 5424 -1077 -1756
v 5500 -1089 -1756
v 5500 -1216 -1756
v 6184 -1151.99988 -1232
v 6184 -1228 -1232
v 6136 -1228 -1232
v 6136 -1164 -1232
v 6136 -1164 -1008
v 6136 -1163.99988 -1232
v 5712 -1228 -1232
v 5712 -1228 -1008
v 5712 -1164 -1232
v 6168 -1024 -1204
v 6200 -1024 -1204
v 6200 -1024 -1068
v 6168 -1024 -1068
v 6168 -1008 -1068
v 6168 -1008 -1204
v 6200 -1008 -1204
v 6200 -1008 -1068
v 6168 -1024 -1188
v 6168 -1156 -1204
v 6168 -1156 -1188
v 6200 -1024 -1188
v 6200 -1156 -1188
v 6200 -1156 -1204
v 6200 -1156 -1084
v 6168 -1156 -1084
v 6168 -1024 -1084
v 6200 -1024 -1084
v 6168 -1156 -1068
v 6200 -1156 -1068
v 2168 -864 -1360
v 2168 -864 -1104
v 2184 -864 -1104
v 2184 -864 -1360
v 2168 -916 -1360
v 2168 -916 -1104
v 2184 -916 -1104
v 2184 -916 -1360
v 2168 -937 -1347
v 2168 -929 -1337
v 2172 -933 -1342
v 2168 -937 -1327
v 2172 -933 -1332
v 2176 -937 -1337.00012
v 2176 -937 -1337
v 1904 -944 -752
v 1904 -944 -1136
v 1904 -1160 -1136
v 1904 -1160 -752
v 1936 -1160 -752
v 1936 -1160 -1136
v 1936 -944 -752
v 1936 -944 -1136
v 224 -944 -1104
v 224 -944 -1136
v 224 -1160 -1136
v 224 -1160 -1104
v 1008 -1160 -1104
v 1008 -1160 -1136
v 1008 -944 -1104
v 1008 -944 -1136
v 1008 -1160 -1712
v 1200 -1160 -1712
v 1200 -944 -1680
v 1008 -944 -1680
v 1008 -944 -1712
v 1200 -944 -1712
v 1312 -976 -1712
v 1600 -976 -1712
v 1600 -976 -1680
v 1312 -976 -1680
v 1312 -944 -1712
v 1600 -944 -1712
v 1600 -944 -1680
v 1312 -944 -1680
v 1596 -976 -1712
v 1600 -1072 -1712
v 1596 -1072 -1712
v 1600 -976 -1688
v 1596 -976 -1688
v 1596 -1072 -1688
v 1600 -1072 -1688
v 1484 -1068 -1712
v 1484 -1072 -1712
v 1428 -1072 -1712
v 1428 -1068 -1712
v 1428 -1068 -1688
v 1428 -1072 -1688
v 1484 -1072 -1688
v 1484 -1068 -1688
v 1488 -1136 -1232
v 1552 -1136 -1232
v 1552 -1136 -1184
v 1488 -1136 -1184
v 1552 -1008 -1184
v 1488 -1008 -1184
v 1488 -1008 -1232
v 1552 -1008 -1232
v 2168 -1140 -1136
v 2592 -1140 -1136
v 2592 -1160 -1136
v 2592 -1160 -1104
v 2168 -1096 -1392
v 2168 -1160 -1392
v 2360 -1096 -1392
v 2360 -1160 -1392
v 2360 -1160 -1360
v 2360 -1096 -1360
v 1712 -1136 -784
v 1712 -1136 -1680
v 1712 -1160 -1680
v 1712 -1160 -784
v 1904 -1160 -784
v 1904 -1160 -1680
v 1904 -1136 -784
v 1904 -1136 -1680
v 224 -1160 -1328
v 1008 -1160 -1328
v 224 -1136 -1328
v 224 -1136 -1136
v 1008 -1136 -1136
v 1008 -1136 -1328
v 1312 -976 -784
v 1600 -976 -784
v 1600 -976 -752
v 1312 -976 -752
v 1600 -944 -752
v 1312 -944 -752
v 1312 -944 -784
v 1600 -944 -784
v 1540 -1068 -752
v 1540 -1072 -752
v 1596 -1072 -752
v 1596 -1068 -752
v 1596 -1068 -776
v 1596 -1072 -776
v 1540 -1072 -776
v 1540 -1068 -776
v 1424 -976 -1712
v 1428 -976 -1712
v 1424 -1072 -1712
v 1428 -976 -1688
v 1424 -976 -1688
v 1424 -1072 -1688
v 1408 -960 -1136
v 1392 -960 -1136
v 1392 -992 -1168
v 1440 -992 -1168
v 1408 -944 -1136
v 1392 -944 -1136
v 1440 -944 -1168
v 1392 -944 -1168
v 1136 -950 -1128
v 1136 -944 -1128
v 1136 -944 -1192
v 1136 -950 -1192
v 1152 -944 -1192
v 1152 -944 -1128
v 1152 -950 -1128
v 1152 -950 -1192
v 2136 -1008 -1300
v 2168 -1008 -1300
v 2168 -1008 -1164
v 2136 -1008 -1164
v 2168 -992 -1300
v 2168 -992 -1164
v 2136 -992 -1164
v 2136 -992 -1300
v 2168 -892 -1300
v 2168 -1160 -1300
v 2136 -892 -1300
v 2136 -1160 -1360
v 2136 -1160 -1300
v 2168 -961 -1327
v 2168 -969 -1337
v 2172 -965 -1332
v 2168 -961 -1347
v 2172 -964.999878 -1342.00012
v 2172 -964.999939 -1342
v 2176 -961 -1337
v 2172 -964.999939 -1331.99988
v 2175.99976 -961 -1336.99988
v 2176 -960.999939 -1337.00012
v 2168 -937 -1117
v 2176 -937 -1127
v 2168 -937 -1137
v 2176 -961 -1127
v 2168 -961 -1137
v 2168 -961 -1117
v 2168 -892 -1164
v 2136 -892 -1164
v 1936 -1160 -1360
v 1936 -1160 -1392
v 2136 -1160 -1392
v 1936 -944 -1360
v 1936 -944 -1392
v 2136 -944 -1392
v 1616 -1008 -1168
v 1296 -1008 -1168
v 1296 -1008 -1488
v 1616 -1008 -1488
v 1596 -980 -752
v 1596 -976 -752
v 1540 -976 -752
v 1540 -980 -752
v 1540 -980 -776
v 1540 -976 -776
v 1596 -976 -776
v 1596 -980 -776
v 1540 -1068 -1712
v 1540 -980 -1712
v 1596 -980 -1712
v 1596 -1068 -1712
v 1596 -1068 -1692
v 1596 -980 -1692
v 1540 -980 -1692
v 1540 -1068 -1692
v 1312 -1160 -1168
v 1408 -1160 -1168
v 1408 -1160 -1104
v 1312 -1160 -1104
v 1312 -1136 -1104
v 1408 -1136 -1104
v 1408 -1136 -1168
v 1312 -1136 -1168
v 1840 -950 -984
v 1840 -944 -984
v 1840 -944 -1048
v 1840 -950 -1048
v 1856 -944 -1048
v 1856 -944 -984
v 1856 -950 -984
v 1856 -950 -1048
v 1056 -950 -840
v 1056 -944 -840
v 1056 -944 -904
v 1056 -950 -904
v 1072 -944 -904
v 1072 -944 -840
v 1072 -950 -840
v 1072 -950 -904
v 1424 -976 -752
v 1376 -976 -752
v 1376 -1072 -752
v 1424 -1072 -752
v 1376 -976 -784
v 1424 -976 -784
v 1424 -1072 -784
v 1376 -1072 -784
v 1316 -976 -1712
v 1316 -1072 -1712
v 1312 -1072 -1712
v 1316 -976 -1688
v 1312 -976 -1688
v 1312 -1072 -1688
v 1316 -1072 -1688
v 1424 -1008 -1168
v 1424 -1008 -1200
v 1424 -1136 -1200
v 1424 -1136 -1168
v 1488 -1136 -1200
v 1488 -1136 -1168
v 1488 -1008 -1168
v 1488 -1008 -1200
v 1504 -1160 -1168
v 1504 -1160 -1104
v 1504 -1136 -1104
v 1504 -1136 -1168
v 1760 -950 -840
v 1760 -944 -840
v 1760 -944 -904
v 1760 -950 -904
v 1776 -944 -904
v 1776 -944 -840
v 1776 -950 -840
v 1776 -950 -904
v 1056 -950 -1560
v 1056 -944 -1560
v 1056 -944 -1624
v 1056 -950 -1624
v 1072 -944 -1624
v 1072 -944 -1560
v 1072 -950 -1560
v 1072 -950 -1624
v 2168 -1160 -1164
v 2136 -1160 -1164
v 1712 -1160 -752
v 1712 -944 -752
v 1712 -944 -784
v 1904 -944 -784
v 1316 -976 -752
v 1312 -1072 -752
v 1316 -1072 -752
v 1312 -976 -776
v 1316 -976 -776
v 1316 -1072 -776
v 1312 -1072 -776
v 1372 -976 -752
v 1372 -1072 -752
v 1372 -976 -776
v 1376 -976 -776
v 1376 -1072 -776
v 1372 -1072 -776
v 1316 -980 -1712
v 1372 -976 -1712
v 1372 -980 -1712
v 1372 -980 -1688
v 1372 -976 -1688
v 1316 -980 -1688
v 1488 -976 -1712
v 1536 -976 -1712
v 1536 -1072 -1712
v 1488 -1072 -1712
v 1536 -976 -1680
v 1488 -976 -1680
v 1488 -1072 -1680
v 1536 -1072 -1680
v 1376 -976 -1712
v 1376 -1072 -1712
v 1372 -1072 -1712
v 1376 -976 -1688
v 1372 -1072 -1688
v 1376 -1072 -1688
v 1540 -976 -1712
v 1596 -980 -1688
v 1540 -976 -1688
v 1540 -980 -1688
v 1200 -944 -1648
v 1264 -1160 -1712
v 1264 -944 -1648
v 1264 -944 -1712
v 1648 -944 -1648
v 1648 -944 -1712
v 1648 -1160 -1712
v 1712 -1160 -1712
v 1712 -944 -1648
v 1712 -944 -1712
v 1600 -1160 -1168
v 1648 -1160 -1168
v 1648 -1160 -1104
v 1600 -1160 -1104
v 1600 -1136 -1104
v 1648 -1136 -1104
v 1648 -1136 -1168
v 1600 -1136 -1168
v 1760 -950 -1416
v 1760 -944 -1416
v 1760 -944 -1480
v 1760 -950 -1480
v 1776 -944 -1480
v 1776 -944 -1416
v 1776 -950 -1416
v 1776 -950 -1480
v 1056 -950 -984
v 1056 -944 -984
v 1056 -944 -1048
v 1056 -950 -1048
v 1072 -944 -1048
v 1072 -944 -984
v 1072 -950 -984
v 1072 -950 -1048
v 2136 -1140 -1284
v 2168 -1140 -1284
v 2168 -1008 -1284
v 2136 -1008 -1284
v 2168 -1140 -1300
v 2136 -1140 -1300
v 2168 -969 -1127
v 2172 -964.999939 -1121.99988
v 2172 -964.999939 -1132.00012
v 2175.99976 -961 -1126.99976
v 2172 -965 -1122
v 2172 -965 -1132
v 2175.99976 -961 -1126.99988
v 2175.99976 -961 -1127.00012
v 1296 -944 -976
v 1264 -944 -976
v 1264 -1136 -976
v 1296 -1136 -976
v 1264 -1136 -1040
v 1264 -944 -1040
v 1296 -944 -1040
v 1296 -1136 -1040
v 1372 -1068 -752
v 1372 -980 -752
v 1316 -980 -752
v 1316 -1068 -752
v 1316 -1068 -772
v 1316 -980 -772
v 1372 -980 -772
v 1372 -1068 -772
v 1264 -1136 -1168
v 1264 -1136 -1184
v 1264 -1160 -1184
v 1264 -1160 -1168
v 1648 -1160 -1184
v 1648 -1136 -1184
v 1840 -950 -1560
v 1840 -944 -1560
v 1840 -944 -1624
v 1840 -950 -1624
v 1856 -944 -1624
v 1856 -944 -1560
v 1856 -950 -1560
v 1856 -950 -1624
v 1056 -950 -1272
v 1056 -944 -1272
v 1056 -944 -1336
v 1056 -950 -1336
v 1072 -944 -1336
v 1072 -944 -1272
v 1072 -950 -1272
v 1072 -950 -1336
v 2168 -864 -1072
v 2332 -864 -1072
v 2332 -864 -1104
v 2168 -1084 -1072
v 2168 -1084 -1104
v 2332 -1084 -1072
v 2332 -1084 -1104
v 976 -944 -1360
v 976 -944 -1712
v 976 -1160 -1712
v 976 -1160 -1360
v 1008 -1160 -1360
v 1008 -944 -1360
v 1428 -976 -752
v 1428 -1072 -752
v 1424 -976 -776
v 1428 -976 -776
v 1428 -1072 -776
v 1424 -1072 -776
v 1540 -1068 -772
v 1540 -980 -772
v 1596 -980 -772
v 1596 -1068 -772
v 1540 -1072 -1712
v 1536 -976 -1688
v 1536 -1072 -1688
v 1540 -1072 -1688
v 1316 -1068 -1712
v 1372 -1068 -1712
v 1372 -1068 -1692
v 1372 -980 -1692
v 1316 -980 -1692
v 1316 -1068 -1692
v 1936 -944 -1712
v 1712 -912 -1712
v 1712 -912 -752
v 1936 -912 -752
v 1936 -912 -1712
v 1264 -1136 -1104
v 1264 -1160 -1104
v 1472 -992 -1168
v 1504 -960 -1136
v 1504 -944 -1136
v 1472 -944 -1168
v 1520 -960 -1136
v 1520 -992 -1168
v 1520 -944 -1136
v 1520 -944 -1168
v 1840 -950 -840
v 1840 -944 -840
v 1840 -944 -904
v 1840 -950 -904
v 1856 -944 -904
v 1856 -944 -840
v 1856 -950 -840
v 1856 -950 -904
v 1136 -950 -840
v 1136 -944 -840
v 1136 -944 -904
v 1136 -950 -904
v 1152 -944 -904
v 1152 -944 -840
v 1152 -950 -840
v 1152 -950 -904
v 1056 -950 -1128
v 1056 -944 -1128
v 1056 -944 -1192
v 1056 -950 -1192
v 1072 -944 -1192
v 1072 -944 -1128
v 1072 -950 -1128
v 1072 -950 -1192
v 2168 -1160 -1072
v 2332 -1160 -1072
v 2332 -1160 -1104
v 1008 -1136 -1488
v 1008 -1136 -976
v 1200 -1136 -976
v 1200 -1136 -1488
v 1424 -944 -976
v 1424 -944 -1040
v 1424 -1136 -1040
v 1424 -1136 -976
v 1488 -944 -976
v 1488 -1136 -976
v 1488 -944 -1040
v 1488 -1136 -1040
v 1488 -976 -752
v 1484 -976 -752
v 1484 -1072 -752
v 1488 -1072 -752
v 1484 -976 -776
v 1488 -976 -776
v 1488 -1072 -776
v 1484 -1072 -776
v 1904 -1160 -1712
v 1904 -944 -1680
v 1712 -944 -1680
v 1904 -944 -1712
v 1428 -980 -1712
v 1484 -976 -1712
v 1484 -980 -1712
v 1484 -980 -1688
v 1484 -976 -1688
v 1428 -980 -1688
v 1484 -1068 -1692
v 1484 -980 -1692
v 1428 -980 -1692
v 1428 -1068 -1692
v 976 -912 -1488
v 976 -912 -1712
v 976 -944 -1488
v 1712 -944 -1488
v 1712 -912 -1488
v 1600 -960 -1136
v 1584 -960 -1136
v 1584 -992 -1168
v 1632 -992 -1168
v 1600 -944 -1136
v 1584 -944 -1136
v 1632 -944 -1168
v 1584 -944 -1168
v 1760 -950 -1272
v 1760 -944 -1272
v 1760 -944 -1336
v 1760 -950 -1336
v 1776 -944 -1336
v 1776 -944 -1272
v 1776 -950 -1272
v 1776 -950 -1336
v 2592 -1140 -1328
v 2168 -1140 -1328
v 2592 -1160 -1328
v 2592 -1160 -1360
v 2592 -1140 -1360
v 1008 -1136 -1680
v 1712 -1136 -1488
v 1616 -1136 -1488
v 1712 -1136 -1168
v 1616 -1136 -1168
v 1712 -912 -1168
v 1484 -1068 -752
v 1484 -980 -752
v 1428 -980 -752
v 1428 -1068 -752
v 1428 -1068 -772
v 1428 -980 -772
v 1484 -980 -772
v 1484 -1068 -772
v 1536 -976 -752
v 1536 -1072 -752
v 1536 -976 -776
v 1536 -1072 -776
v 1600 -1072 -752
v 1600 -976 -776
v 1600 -1072 -776
v 1200 -944 -752
v 1200 -944 -816
v 1200 -1160 -752
v 1264 -1160 -752
v 1264 -944 -752
v 1264 -944 -816
v 1316 -1068 -1688
v 1372 -1068 -1688
v 1648 -944 -976
v 1264 -944 -1184
v 1648 -944 -1184
v 976 -944 -1104
v 224 -944 -1360
v 224 -912 -1360
v 224 -912 -1104
v 976 -912 -1104
v 976 -912 -1360
v 1280 -992 -1168
v 1312 -960 -1136
v 1312 -944 -1136
v 1280 -944 -1168
v 1328 -960 -1136
v 1311.99988 -960 -1136
v 1279.99988 -992 -1168
v 1328 -992 -1168
v 1328 -944 -1136
v 1311.99988 -944 -1136
v 1328 -943.999878 -1168
v 1328 -943.999878 -1136
v 1840 -950 -1416
v 1840 -944 -1416
v 1840 -944 -1480
v 1840 -950 -1480
v 1856 -944 -1480
v 1856 -944 -1416
v 1856 -950 -1416
v 1856 -950 -1480
v 1760 -950 -1128
v 1760 -944 -1128
v 1760 -944 -1192
v 1760 -950 -1192
v 1776 -944 -1192
v 1776 -944 -1128
v 1776 -950 -1128
v 1776 -950 -1192
v 1840 -950 -1128
v 1840 -944 -1128
v 1840 -944 -1192
v 1840 -950 -1192
v 1856 -944 -1192
v 1856 -944 -1128
v 1856 -950 -1128
v 1856 -950 -1192
v 1136 -950 -1416
v 1136 -944 -1416
v 1136 -944 -1480
v 1136 -950 -1480
v 1152 -944 -1480
v 1152 -944 -1416
v 1152 -950 -1416
v 1152 -950 -1480
v 2210 -1018 -1104
v 2210 -1018 -1110
v 2174 -1018 -1110
v 2174 -1018 -1104
v 2210 -1060 -1110
v 2210 -1060 -1104
v 2174 -1060 -1110
v 2174 -1060 -1104
v 2168 -929 -1127
v 2172 -933 -1132
v 2172 -933 -1122
v 1904 -1160 -1360
v 1904 -1136 -1360
v 1904 -1136 -1136
v 2152 -1136 -1136
v 1648 -1136 -976
v 1712 -1136 -976
v 1712 -912 -976
v 1296 -1136 -1232
v 1360 -1136 -1232
v 1360 -1136 -1184
v 1296 -1136 -1184
v 1360 -1008 -1184
v 1296 -1008 -1184
v 1296 -1008 -1232
v 1360 -1008 -1232
v 1312 -1160 -784
v 1600 -1160 -784
v 1600 -1160 -752
v 1312 -1160 -752
v 1600 -1072 -784
v 1312 -1072 -784
v 1428 -980 -776
v 1484 -980 -776
v 1312 -1160 -1712
v 1600 -1160 -1712
v 1600 -1160 -1680
v 1312 -1160 -1680
v 1312 -1072 -1680
v 1600 -1072 -1680
v 1424 -1136 -1232
v 1424 -1136 -1184
v 1424 -1008 -1184
v 1424 -1008 -1232
v 1616 -1136 -1232
v 1616 -1136 -1184
v 1616 -1008 -1184
v 1616 -1008 -1232
v 1936 -944 -1104
v 2152 -944 -1392
v 1936 -912 -1392
v 1936 -912 -1104
v 2152 -912 -1392
v 1560 -964 -1160
v 1560 -964 -1144
v 1544 -964 -1144
v 1544 -964 -1160
v 1544 -960 -1144
v 1544 -960 -1160
v 1560 -960 -1144
v 1560 -960 -1160
v 1520 -960 -1168
v 1584 -960 -1168
v 1760 -950 -984
v 1760 -944 -984
v 1760 -944 -1048
v 1760 -950 -1048
v 1776 -944 -1048
v 1776 -944 -984
v 1776 -950 -984
v 1776 -950 -1048
v 1056 -950 -1416
v 1056 -944 -1416
v 1056 -944 -1480
v 1056 -950 -1480
v 1072 -944 -1480
v 1072 -944 -1416
v 1072 -950 -1416
v 1072 -950 -1480
v 1136 -950 -1272
v 1136 -944 -1272
v 1136 -944 -1336
v 1136 -950 -1336
v 1152 -944 -1336
v 1152 -944 -1272
v 1152 -950 -1272
v 1152 -950 -1336
v 976 -944 -752
v 976 -1160 -1104
v 976 -1160 -752
v 1008 -1160 -752
v 1008 -944 -752
v 2168 -892 -1392
v 2168 -1004 -1392
v 2304 -892 -1360
v 2304 -892 -1392
v 2304 -1004 -1392
v 2304 -1004 -1360
v 1008 -1136 -784
v 1936 -1160 -1104
v 2136 -944 -1136
v 1484 -1068 -776
v 1428 -1068 -776
v 1008 -944 -784
v 1200 -944 -784
v 1488 -976 -1688
v 1488 -1072 -1688
v 1296 -1136 -1440
v 1296 -1136 -1488
v 1616 -1136 -1440
v 1616 -1008 -1440
v 1296 -1008 -1440
v 976 -912 -976
v 976 -944 -976
v 1200 -944 -976
v 1200 -944 -1488
v 1200 -912 -976
v 1200 -912 -1488
v 1328 -960 -1168
v 1392 -960 -1168
v 1840 -950 -1272
v 1840 -944 -1272
v 1840 -944 -1336
v 1840 -950 -1336
v 1856 -944 -1336
v 1856 -944 -1272
v 1856 -950 -1272
v 1856 -950 -1336
v 1488 -976 -784
v 1536 -976 -784
v 1536 -1072 -784
v 1488 -1072 -784
v 1648 -944 -752
v 1648 -944 -816
v 1648 -1160 -752
v 1712 -944 -816
v 1760 -950 -1560
v 1760 -944 -1560
v 1760 -944 -1624
v 1760 -950 -1624
v 1776 -944 -1624
v 1776 -944 -1560
v 1776 -950 -1560
v 1776 -950 -1624
v 1136 -950 -1560
v 1136 -944 -1560
v 1136 -944 -1624
v 1136 -950 -1624
v 1152 -944 -1624
v 1152 -944 -1560
v 1152 -950 -1560
v 1152 -950 -1624
v 2168 -1008 -1180
v 2168 -1140 -1164
v 2168 -1140 -1180
v 2136 -1008 -1180
v 2136 -1140 -1180
v 2136 -1140 -1164
v 2304 -1096 -1392
v 2304 -1096 -1360
v 1904 -944 -1360
v 1936 -1160 -1712
v 1200 -912 -1168
v 1200 -1136 -1168
v 1616 -944 -976
v 1616 -944 -1040
v 1616 -1136 -1040
v 1616 -1136 -976
v 1648 -944 -1040
v 1648 -1136 -1040
v 1372 -1068 -776
v 1316 -1068 -776
v 976 -912 -752
v 1712 -944 -976
v 1368 -964 -1160
v 1368 -964 -1144
v 1352 -964 -1144
v 1352 -964 -1160
v 1352 -960 -1144
v 1352 -960 -1160
v 1368 -960 -1144
v 1368 -960 -1160
v 1136 -950 -984
v 1136 -944 -984
v 1136 -944 -1048
v 1136 -950 -1048
v 1152 -944 -1048
v 1152 -944 -984
v 1152 -950 -984
v 1152 -950 -1048
v 1316 -980 -776
v 1372 -980 -776
v 1424 -976 -1680
v 1376 -976 -1680
v 1376 -1072 -1680
v 1424 -1072 -1680
v 1540 -1068 -1688
v 1596 -1068 -1688
v 2194 -1098 -1360
v 2194 -1098 -1346
v 2194 -1073 -1346
v 2194 -1067.99988 -1348
v 2194 -1066 -1352.99976
v 2194 -1066 -1360
v 2222 -1098 -1346
v 2222 -1098 -1360
v 2222 -1073 -1346
v 2222 -1067.99988 -1348
v 2222 -1066 -1353.00024
v 2194 -1066 -1353.00024
v 2194 -1068.00012 -1348
v 2222 -1068.00012 -1348
v 2194 -1066 -1352.99988
v 2222 -1066 -1352.99988
v 2222 -1066 -1360
v 2222 -1066 -1352.99976
v 2220 -934 -1354
v 2220 -892 -1354
v 2220 -892 -1360
v 2220 -934 -1360
v 2256 -934 -1354
v 2256 -892 -1354
v 2256 -934 -1360
v 2256 -892 -1360
v 2302 -952 -1348
v 2300 -952 -1353.99988
v 2296 -952 -1358
v 2290 -952 -1360
v 2284 -952 -1358
v 2280 -952 -1354
v 2278 -952 -1348.00012
v 2280.00024 -952 -1341.99976
v 2284 -952 -1338.00012
v 2290.00024 -952 -1336.00012
v 2296 -952 -1338.00012
v 2300 -952 -1342.00012
v 2300 -984 -1353.99988
v 2302 -984 -1348
v 2296 -984 -1357.99988
v 2296 -952 -1357.99988
v 2300 -952 -1354
v 2300 -984 -1354
v 2290 -984 -1360
v 2295.99976 -952 -1358
v 2295.99976 -984 -1358
v 2284 -984 -1358
v 2280 -984 -1354
v 2278 -984 -1348.00012
v 2280 -984 -1341.99976
v 2280 -952 -1341.99976
v 2278 -952 -1348
v 2278 -984 -1348
v 2284 -984 -1338
v 2284 -952 -1338
v 2280.00024 -952 -1341.99988
v 2280.00024 -984 -1341.99988
v 2290 -984 -1336
v 2290 -952 -1336
v 2283.99976 -952 -1338.00012
v 2283.99976 -984 -1338.00012
v 2296 -984 -1338.00012
v 2290 -952 -1336.00012
v 2290 -984 -1336.00012
v 2300 -984 -1342
v 2300 -952 -1342
v 2296 -952 -1338
v 2296 -984 -1338
v 2296 -984 -1358
v 2300 -984 -1342.00012
v 2290.00024 -984 -1336.00012
v 2284 -984 -1338.00012
v 2280.00024 -984 -1341.99976
v 2288 -984 -1360
v 2288 -984 -1344
v 2292 -984 -1344
v 2292 -984 -1360
v 2288 -988 -1344
v 2288 -996 -1360
v 2292 -988 -1344
v 2292 -996 -1360
v 2293 -952 -1350.99988
v 2293 -892 -1350.99988
v 2294 -892 -1348
v 2294 -952 -1348
v 2290 -952 -1352
v 2290 -892 -1352
v 2292.99976 -892 -1351
v 2292.99976 -952 -1351
v 2287 -952 -1351
v 2287 -892 -1351
v 2286 -952 -1347.99963
v 2286 -892 -1347.99963
v 2287.00024 -892 -1351
v 2287.00024 -952 -1351
v 2287 -952 -1345.00012
v 2287 -892 -1345.00012
v 2286 -892 -1348
v 2286 -952 -1348
v 2290 -952 -1344
v 2290 -892 -1344
v 2287 -892 -1345
v 2287 -952 -1345
v 2293 -952 -1345
v 2293 -892 -1345
v 2290.00024 -892 -1344
v 2290.00024 -952 -1344
v 2294 -952 -1347.99976
v 2294 -892 -1347.99976
v 2360 -892 -1360
v 2360 -892 -1392
v 2552 -892 -1360
v 2552 -892 -1392
v 2552 -1140 -1392
v 2360 -1140 -1392
v 2360 -1140 -1360
v 2552 -1140 -1360
v 2592 -892 -1360
v 2592 -892 -1392
v 2592 -1140 -1392
v 2576 -864 -1104
v 2592 -864 -1360
v 2576 -864 -1360
v 2576 -916 -1360
v 2592 -916 -1360
v 2592 -916 -1104
v 2576 -916 -1104
v 2460 -864 -1104
v 2460 -864 -1360
v 2460 -892 -1360
v 2576 -892 -1360
v 2576 -892 -1104
v 2460 -892 -1104
v 2428 -1140 -1104
v 2428 -1140 -1072
v 2428 -1084 -1072
v 2592 -1084 -1072
v 2428 -1084 -1104
v 2440 -864 -1104
v 2440 -864 -1360
v 2440 -916 -1360
v 2460 -916 -1360
v 2460 -916 -1104
v 2440 -916 -1104
v 2320 -864 -1104
v 2320 -864 -1360
v 2320 -892 -1360
v 2440 -892 -1360
v 2440 -892 -1104
v 2320 -892 -1104
v 2300 -864 -1104
v 2300 -864 -1360
v 2300 -916 -1360
v 2320 -916 -1360
v 2320 -916 -1104
v 2300 -916 -1104
v 2308 -953.999939 -1128
v 2380 -899.999939 -1128
v 2452 -954 -1128
v 2452 -972 -1128
v 2308 -972 -1128
v 2380 -899.999939 -1104
v 2308 -954 -1104
v 2452 -954 -1104
v 2452 -972 -1104
v 2308 -972 -1104
v 2428 -972 -1120
v 2452 -972 -1120
v 2452 -1140 -1120
v 2428 -1140 -1120
v 2452 -1140 -1104
v 2428 -972 -1104
v 2332 -972 -1108
v 2428 -972 -1108
v 2428 -1004 -1108
v 2332 -1004 -1108
v 2428 -972 -1072
v 2332 -972 -1072
v 2332 -1004 -1072
v 2428 -1004 -1072
v 2381 -1004 -1104
v 2428 -1004 -1104
v 2381 -1140 -1104
v 2428 -1004 -1100
v 2381 -1004 -1100
v 2381 -1140 -1100
v 2428 -1140 -1100
v 2332 -1004 -1104
v 2332 -1140 -1104
v 2332 -1004 -1100
v 2332 -1140 -1100
v 2244 -1040 -1104
v 2276 -1040 -1104
v 2276 -1040 -1120
v 2244 -1040 -1120
v 2276 -1072 -1120
v 2244 -1072 -1120
v 2276 -1072 -1104
v 2244 -1072 -1104
v 2308 -972 -1120
v 2332 -972 -1120
v 2332 -1140 -1120
v 2308 -1140 -1120
v 2308 -1140 -1104
v 2332 -972 -1104
v 2184 -892 -1360
v 2300 -892 -1360
v 2300 -892 -1104
v 2184 -892 -1104
v 2200 -1160 -1328
v 2200 -1160 -1136
v 2200 -1148 -1136
v 2592 -1148 -1136
v 2592 -1148 -1328
v 2200 -1148 -1328
v 2508 -1018 -1360
v 2508 -1018 -1354
v 2544 -1018 -1354
v 2544 -1018 -1360
v 2508 -1060 -1354
v 2508 -1060 -1360
v 2544 -1060 -1354
v 2544 -1060 -1360
v 2332 -1057 -1118
v 2332 -1057 -1106
v 2336 -1057 -1106
v 2336 -1057 -1118
v 2336 -1077 -1106
v 2336 -1077 -1118
v 2332 -1077 -1106
v 2332 -1077 -1118
v 2372 -996 -1112
v 2372 -980 -1112
v 2388 -980 -1112
v 2388 -996 -1112
v 2388 -980 -1108
v 2388 -996 -1108
v 2372 -980 -1108
v 2372 -996 -1108
v 2428 -864 -1072
v 2592 -864 -1072
v 2428 -864 -1104
v 1200 -912 -1328
v 1200 -1136 -1328
v 1296 -1136 -1328
v 1296 -1136 -1168
v 1296 -912 -1328
v 192 -1160 -1328
v 32 -1160 -1328
v 32 -1160 -1360
v 192 -1160 -1360
v 192 -944 -1328
v 32 -944 -1328
v 32 -944 -1360
v 192 -944 -1360
v 352 -1160 -1360
v 352 -1160 -1328
v 1008 -944 -1328
v 352 -944 -1328
v 352 -944 -1360
v 2152 -1136 -1328
v 224 -880 -616
v 224 -880 -1040
v 224 -1160 -1040
v 224 -1160 -616
v 256 -1160 -616
v 256 -1160 -1040
v 256 -880 -616
v 256 -880 -1040
v 0 -848 -640
v 0 -848 -1040
v 0 -880 -1040
v 0 -880 -640
v 256 -880 -640
v 256 -848 -640
v 256 -848 -1040
v 2528 -1216 -2256
v 2528 -1216 -64
v 5840 -1216 -64
v 5840 -1216 -2256
v 2528 -1280 -2256
v 2528 -1280 -64
v 5840 -1280 -64
v 5840 -1280 -2256
v 5840 0 -1328
v 5840 0 -944
v 5904 0 -944
v 5904 0 -1328
v 5840 -832 -1328
v 5840 -832 -944
v 5904 -832 -944
v 5904 -832 -1328
v 2464 0 -1392
v 2464 0 -1072
v 2528 0 -1072
v 2528 0 -1392
v 2464 -864 -1392
v 2464 -864 -1072
v 2528 -864 -1072
v 2528 -864 -1392
v 5840 0 -64
v 5904 0 -64
v 5840 -1280 -944
v 5904 -1280 -64
v 5904 -1280 -944
v 2528 0 -2256
v 5904 0 -2256
v 5904 0 -2320
v 2528 0 -2320
v 5904 -1216 -2256
v 5904 -1216 -2320
v 2528 -1216 -2320
v 5840 0 -2256
v 5840 -1280 -1328
v 5904 -1280 -1328
v 5904 -1280 -2256
v 2528 0 -64
v 2528 -32 -2256
v 2528 -32 -64
v 5840 -32 -64
v 5840 -32 -2256
v 2464 0 -64
v 2464 -1216 -1072
v 2464 -1216 -64
v 2528 -1216 -1072
v 2528 0 0
v 5904 0 0
v 2528 -1216 0
v 5904 -1216 0
v 5904 -1216 -64
v 2464 0 -2320
v 2464 -1216 -2320
v 2464 -1216 -1392
v 2528 -1216 -1392
v 0 -912 -1072
v 0 -912 -1360
v 0 -944 -1360
v 0 -944 -1072
v 224 -944 -1072
v 224 -912 -1072
v 64 -944 -1040
v 32 -944 -1040
v 32 -1136 -1040
v 64 -1136 -1040
v 32 -1136 -1072
v 32 -944 -1072
v 64 -944 -1072
v 64 -1136 -1072
v 192 -944 -1040
v 192 -944 -1072
v 192 -1136 -1072
v 192 -1136 -1040
v 224 -944 -1040
v 224 -1136 -1040
v 224 -1136 -1072
v 192 -976 -1040
v 64 -976 -1040
v 64 -976 -1072
v 192 -976 -1072
v 256 -1160 -1104
v 256 -944 -1040
v 256 -944 -1104
v 224 -1160 -948
v 32 -1160 -948
v 32 -1136 -1328
v 32 -1136 -948
v 224 -1136 -948
v 32 -760 -608
v 32 -760 -640
v 32 -880 -640
v 32 -880 -608
v 224 -760 -608
v 224 -760 -640
v 224 -880 -608
v 224 -880 -640
v 1264 -944 -784
v 1264 -944 -1680
v 1648 -944 -1680
v 1648 -944 -784
v 0 -944 -1136
v 0 -1160 -1360
v 0 -1160 -1136
v 32 -1160 -1136
v 32 -944 -1136
v 0 -944 -1040
v 0 -1160 -1040
v 32 -1160 -1040
v 672 -950 -1280
v 672 -944 -1280
v 736 -944 -1280
v 736 -950 -1280
v 736 -944 -1264
v 672 -944 -1264
v 672 -950 -1264
v 736 -950 -1264
v 816 -950 -1280
v 816 -944 -1280
v 880 -944 -1280
v 880 -950 -1280
v 880 -944 -1264
v 816 -944 -1264
v 816 -950 -1264
v 880 -950 -1264
v 528 -950 -1280
v 528 -944 -1280
v 592 -944 -1280
v 592 -950 -1280
v 592 -944 -1264
v 528 -944 -1264
v 528 -950 -1264
v 592 -950 -1264
v 384 -950 -1200
v 384 -944 -1200
v 448 -944 -1200
v 448 -950 -1200
v 448 -944 -1184
v 384 -944 -1184
v 384 -950 -1184
v 448 -950 -1184
v 384 -950 -1280
v 384 -944 -1280
v 448 -944 -1280
v 448 -950 -1280
v 448 -944 -1264
v 384 -944 -1264
v 384 -950 -1264
v 448 -950 -1264
v 96 -950 -1280
v 96 -944 -1280
v 160 -944 -1280
v 160 -950 -1280
v 160 -944 -1264
v 96 -944 -1264
v 96 -950 -1264
v 160 -950 -1264
v 672 -950 -1200
v 672 -944 -1200
v 736 -944 -1200
v 736 -950 -1200
v 736 -944 -1184
v 672 -944 -1184
v 672 -950 -1184
v 736 -950 -1184
v 240 -950 -1280
v 240 -944 -1280
v 304 -944 -1280
v 304 -950 -1280
v 304 -944 -1264
v 240 -944 -1264
v 240 -950 -1264
v 304 -950 -1264
v 240 -950 -1200
v 240 -944 -1200
v 304 -944 -1200
v 304 -950 -1200
v 304 -944 -1184
v 240 -944 -1184
v 240 -950 -1184
v 304 -950 -1184
v 816 -950 -1200
v 816 -944 -1200
v 880 -944 -1200
v 880 -950 -1200
v 880 -944 -1184
v 816 -944 -1184
v 816 -950 -1184
v 880 -950 -1184
v 528 -950 -1200
v 528 -944 -1200
v 592 -944 -1200
v 592 -950 -1200
v 592 -944 -1184
v 528 -944 -1184
v 528 -950 -1184
v 592 -950 -1184
v 96 -950 -1200
v 96 -944 -1200
v 160 -944 -1200
v 160 -950 -1200
v 160 -944 -1184
v 96 -944 -1184
v 96 -950 -1184
v 160 -950 -1184
v 1016 -1084 -896
v 1016 -1036 -896
v 1032 -1036 -896
v 1040 -1072 -896
v 1032 -1036 -892
v 1040 -1072 -892
v 1016 -1036 -892
v 1016 -1084 -892
v 1040 -1136 -896
v 1016 -1136 -896
v 1016 -1084 -848
v 1016 -1136 -848
v 1040 -1136 -848
v 1040 -1072 -848
v 1033 -1070 -888
v 1020.00006 -1048 -888
v 1020.00006 -1048 -856
v 1033 -1070 -856
v 1044 -1028 -896
v 1016 -1028 -896
v 1032.00012 -1036 -896
v 1044.00012 -1028 -896
v 1044.00012 -1028 -892
v 1032.00012 -1036 -892
v 1016 -1028 -892
v 1044 -1028 -892
v 1024 -1040 -852
v 1024 -1046 -852
v 1024 -1046 -892
v 1024 -1040 -892
v 1016 -1050 -852
v 1016 -1050 -892
v 1034 -1070 -856
v 1036 -1074 -856
v 1036 -1074 -888
v 1034 -1070 -888
v 1016 -1070 -888
v 1016 -1070 -856
v 1016 -1016 -896
v 1040 -1016 -896
v 1040 -1016 -848
v 1016 -1016 -848
v 1044 -1028 -848
v 1016 -1028 -848
v 1044.00012 -1028 -852
v 1044.00012 -1028 -848
v 1032.00012 -1036 -848
v 1032.00012 -1036 -852
v 1016 -1036 -848
v 1032 -1036 -848
v 1044 -1028 -852
v 1032 -1036 -852
v 1016 -1036 -852
v 1016 -1028 -852
v 1024 -1046 -888
v 1036 -1074 -892
v 1016 -1046 -888
v 1016 -1084 -888
v 1024 -1046 -856
v 1036 -1074 -852
v 1016 -1084 -856
v 1016 -1046 -856
v 1040 -1072 -852
v 1016 -1084 -852
v 1008 -1016 -896
v 1008 -1136 -896
v 1008 -1016 -848
v 1008 -1136 -848
v 1056 -1080 -896
v 1056 -1136 -896
v 1056 -1080 -848
v 1056 -1136 -848
v 1036 -1028 -892
v 1036 -1028 -852
v 1352 -1136 -1500
v 1352 -1108 -1500
v 1352 -1108 -1528
v 1352 -1136 -1528
v 1360 -1136 -1500
v 1360 -1108 -1500
v 1360 -1136 -1528
v 1360 -1108 -1528
v 1456 -1136 -1500
v 1456 -1108 -1500
v 1456 -1108 -1528
v 1456 -1136 -1528
v 1464 -1136 -1500
v 1464 -1108 -1500
v 1464 -1136 -1528
v 1464 -1108 -1528
v 1344 -1106 -1536
v 1472 -1106 -1536
v 1344 -1110 -1536
v 1472 -1110 -1536
v 1344 -1073 -1496
v 1472 -1073 -1496
v 1344 -1074 -1492
v 1472 -1074 -1492
v 224 -1088 -800
v 224 -1088 -638
v 32 -1088 -638
v 32 -1088 -800
v 32 -1064 -800
v 32 -1064 -638
v 224 -1064 -638
v 224 -1064 -800
v 32 -1160 -916
v 224 -1160 -916
v 32 -1120 -948
v 32 -1120 -916
v 224 -1120 -916
v 224 -1120 -948
v 0 -880 -648
v 0 -1160 -648
v 32 -1160 -648
v 32 -880 -1040
v 32 -880 -648
v 32 -888 -608
v 32 -888 -648
v 32 -1136 -648
v 32 -1136 -608
v 64 -1136 -648
v 64 -1136 -608
v 64 -888 -608
v 64 -888 -648
v 192 -888 -608
v 192 -888 -648
v 192 -1136 -648
v 192 -1136 -608
v 224 -1136 -648
v 224 -1136 -608
v 224 -888 -608
v 224 -888 -648
v 224 -880 -648
v 132 -882 -1004
v 132 -880 -1004
v 124 -880 -1004
v 124 -882 -1004
v 132 -882 -1012
v 132 -880 -1012
v 124 -882 -1012
v 124 -880 -1012
v 122 -912 -1002
v 134 -912 -1002
v 134 -912 -1014
v 122 -912 -1014
v 122 -914 -1014
v 134 -914 -1014
v 134 -914 -1002
v 122 -914 -1002
v 120 -912 -1002
v 120 -912 -1014
v 122 -923 -1002
v 120 -923 -1002
v 122 -923 -1014
v 120 -923 -1014
v 136 -912 -1002
v 136 -912 -1014
v 136 -923 -1002
v 134 -923 -1002
v 136 -923 -1014
v 134 -923 -1014
v 122 -912 -1000
v 134 -912 -1000
v 122 -923 -1000
v 134 -923 -1000
v 122 -912 -1016
v 134 -912 -1016
v 122 -923 -1016
v 134 -923 -1016
v 390 -1020 -1176
v 444 -1020 -1176
v 444 -1020 -1180
v 390 -1020 -1180
v 444 -1136 -1176
v 390 -1136 -1176
v 444 -1136 -1180
v 390 -1136 -1180
v 454 -1020 -1176
v 508 -1020 -1176
v 508 -1020 -1180
v 454 -1020 -1180
v 508 -1136 -1176
v 454 -1136 -1176
v 508 -1136 -1180
v 454 -1136 -1180
v 1860 -1020 -1580
v 1860 -1020 -1526
v 1864 -1020 -1526
v 1864 -1020 -1580
v 1860 -1136 -1526
v 1860 -1136 -1580
v 1864 -1136 -1526
v 1864 -1136 -1580
v 1860 -1020 -1644
v 1860 -1020 -1590
v 1864 -1020 -1590
v 1864 -1020 -1644
v 1860 -1136 -1590
v 1860 -1136 -1644
v 1864 -1136 -1590
v 1864 -1136 -1644
v 6720 -960 -1392
v 6720 -960 -1328
v 6720 -1152 -1328
v 6720 -1152 -1392
v 6688 -960 -1328
v 6688 -1152 -1328
v 7072 -960 -1616
v 7072 -1152 -1616
v 7072 -960 -656
v 7072 -1152 -656
v 7360 -960 -656
v 7360 -1152 -656
v 6688 -1152 -656
v 6688 -960 -656
v 6688 -1152 -1616
v 6688 -960 -1616
v 6912 -960 -1392
v 6912 -960 -1328
v 6912 -1152 -1328
v 6912 -1152 -1392
v 6848 -960 -1392
v 6848 -1152 -1392
v 6848 -960 -1328
v 6848 -1152 -1328
v 6432 -960 -1392
v 6432 -1152 -1392
v 6400 -1152 -1392
v 6400 -960 -1392
v 6400 -1152 -1616
v 6400 -960 -1616
v 7360 -960 -1648
v 7360 -960 -1392
v 7360 -1152 -1392
v 7360 -1152 -1648
v 7328 -1152 -1648
v 7328 -960 -1648
v 7360 -960 -1264
v 7360 -1152 -1264
v 7136 -960 -1200
v 7136 -960 -1008
v 7136 -1152 -1008
v 7136 -1152 -1200
v 7040 -1152 -1200
v 7040 -1152 -1008
v 7040 -960 -1008
v 6720 -1152 -1200
v 6720 -1152 -1008
v 6624 -1152 -1008
v 6720 -960 -1008
v 6624 -960 -1008
v 6720 -1152 -880
v 6624 -1152 -880
v 7036.00049 -1072 -720.000061
v 7040.00049 -1072 -688.000061
v 7072 -1072 -692
v 7068 -1072 -724
v 7040 -1104 -688
v 7040 -1072 -688
v 7036 -1072 -720
v 7036 -1104 -720
v 7072 -1104 -692
v 7068 -1104 -724
v 7022 -1104 -738
v 7022 -1104 -690
v 7070 -1104 -690
v 7070 -1104 -738
v 7022 -1152 -690
v 7022 -1152 -738
v 7070 -1152 -690
v 7070 -1152 -738
v 6466 -1132 -738
v 6466 -1132 -758
v 6434 -1132 -758
v 6434 -1132 -738
v 6466 -1152 -758
v 6466 -1152 -738
v 6434 -1152 -758
v 6434 -1152 -738
v 7102 -1096 -744
v 7070 -1096 -744
v 7070 -1096 -720
v 7102 -1096 -720
v 7070 -1120 -744
v 7102 -1120 -744
v 7070 -1120 -720
v 7102 -1120 -720
v 7020 -1132 -690
v 7020 -1132 -710
v 6988 -1132 -710
v 6988 -1132 -690
v 7020 -1152 -710
v 7020 -1152 -690
v 6988 -1152 -710
v 6988 -1152 -690
v 7106 -1120 -753
v 7074 -1120 -755
v 7072 -1120 -723.000061
v 7104 -1120 -721.000061
v 7074 -1152 -755
v 7106 -1152 -753
v 7072 -1152 -723
v 7104 -1152 -721.000061
v 6482 -1120 -720
v 6482 -1120 -688
v 6514 -1120 -688
v 6514 -1120 -720
v 6482 -1152 -688
v 6482 -1152 -720
v 6514 -1152 -720
v 6514 -1152 -688
v 7011 -1132 -715
v 7008 -1132 -734
v 6977 -1132 -730
v 6980 -1132 -710
v 7008 -1152 -734
v 7011 -1152 -715.000061
v 6977 -1152 -730
v 6980 -1152 -710
v 6447 -1104 -688.000061
v 6482 -1104 -702.000061
v 6467 -1104 -737.000061
v 6432 -1104 -723.000061
v 6482 -1152 -702.000061
v 6447 -1152 -688.000061
v 6467 -1152 -737.000061
v 6482 -1104 -701.999939
v 6482 -1152 -701.999939
v 6432 -1152 -723.000061
v 6768 -1151 -872
v 6768 -1123 -872
v 6768 -1123 -844
v 6768 -1151 -844
v 6760 -1151 -872
v 6760 -1123 -872
v 6760 -1151 -844
v 6760 -1123 -844
v 6880 -1121 -836
v 6752 -1121 -836
v 6880 -1125 -836
v 6752 -1125 -836
v 6880 -1088 -876
v 6752 -1088 -876
v 6880 -1089 -880
v 6752 -1089 -880
v 6872 -1151 -872
v 6872 -1123 -872
v 6872 -1123 -844
v 6872 -1151 -844
v 6864 -1151 -872
v 6864 -1123 -872
v 6864 -1151 -844
v 6864 -1123 -844
v 6952 -1151 -1576
v 6952 -1123 -1576
v 6952 -1123 -1548
v 6952 -1151 -1548
v 6944 -1151 -1576
v 6944 -1123 -1576
v 6944 -1151 -1548
v 6944 -1123 -1548
v 7064 -1121 -1540
v 6936 -1121 -1540
v 7064 -1125 -1540
v 6936 -1125 -1540
v 7064 -1088 -1580
v 6936 -1088 -1580
v 7064 -1089 -1584
v 6936 -1089 -1584
v 7056 -1151 -1576
v 7056 -1123 -1576
v 7056 -1123 -1548
v 7056 -1151 -1548
v 7048 -1151 -1576
v 7048 -1123 -1576
v 7048 -1151 -1548
v 7048 -1123 -1548
v 6976 -1152 -928
v 7040 -1152 -928
v 7040 -1152 -912
v 6976 -1152 -912
v 7040 -1024 -912
v 6976 -1024 -912
v 6976 -1024 -928
v 7040 -1024 -928
v 6976 -1152 -880
v 6720 -1152 -928
v 6976 -1024 -880
v 6720 -1024 -928
v 7040 -1152 -880
v 7040 -1200 -880
v 7040 -1200 -912
v 6976 -1200 -912
v 6976 -1200 -880
v 6624 -1200 -880
v 7232 -1200 -880
v 7232 -1200 -688
v 6624 -1200 -688
v 7232 -1152 -688
v 7232 -1152 -880
v 7328 -1152 -816
v 7328 -1200 -688
v 7328 -1200 -816
v 7232 -1200 -816
v 7232 -1152 -816
v 6624 -1152 -1504
v 6624 -1200 -1504
v 6432 -1200 -688
v 6432 -1200 -1504
v 6432 -1152 -1504
v 6528 -1200 -1584
v 6528 -1200 -1504
v 6528 -1152 -1504
v 6528 -1152 -1584
v 6432 -1200 -1584
v 7136 -1052 -1064
v 7136 -1052 -1032
v 7152 -1052 -1032
v 7152 -1052 -1064
v 7152 -1084 -1032
v 7152 -1084 -1064
v 7136 -1084 -1032
v 7136 -1084 -1064
v 7328 -1000 -1384
v 7322 -1000 -1384
v 7322 -1000 -1348
v 7328 -1000 -1348
v 7322 -1042 -1384
v 7328 -1042 -1384
v 7322 -1042 -1348
v 7328 -1042 -1348
v 7136 -960 -944
v 7136 -1152 -944
v 7040 -1152 -944
v 7040 -960 -944
v 7136 -1024 -1008
v 7136 -1024 -944
v 7040 -1024 -944
v 7040 -1024 -1008
v 7120 -1024 -944
v 7120 -1152 -944
v 7120 -1152 -1008
v 7120 -1024 -1008
v 7120 -1200 -1008
v 7136 -1200 -1008
v 7136 -1200 -944
v 7120 -1200 -944
v 7136 -960 -1264
v 7136 -1152 -1264
v 7072 -960 -1264
v 7136 -1024 -1264
v 7136 -1024 -1200
v 7072 -960 -1200
v 7072 -1024 -1200
v 7072 -1024 -1264
v 7120 -1024 -1200
v 7120 -1152 -1200
v 7120 -1152 -1264
v 7120 -1024 -1264
v 7120 -1200 -1264
v 7136 -1200 -1264
v 7136 -1200 -1200
v 7120 -1200 -1200
v 7136 -1052 -1176
v 7136 -1052 -1144
v 7152 -1052 -1144
v 7152 -1052 -1176
v 7152 -1084 -1144
v 7152 -1084 -1176
v 7136 -1084 -1144
v 7136 -1084 -1176
v 7136 -986 -1024
v 7136 -984 -1021
v 7144 -984 -1021
v 7144 -986 -1024
v 7136 -1004.99994 -1024
v 7144 -1004.99994 -1024
v 7136 -1008 -1021.00006
v 7136 -1005.00006 -1024
v 7144 -1005.00006 -1024
v 7144 -1008 -1021.00006
v 7144 -1008 -1007
v 7136 -1008 -1007
v 7136 -1008 -1020.99994
v 7144 -1008 -1020.99994
v 7144 -1005 -1004
v 7136 -1005 -1004
v 7144 -985.999939 -1004
v 7136 -985.999939 -1004
v 7144 -984 -1007
v 7136 -984 -1007
v 7136 -984 -1006.99988
v 7144 -984 -1006.99988
v 6432 -1104 -798
v 6468 -1104 -798
v 6468 -1104 -834
v 6432 -1104 -834
v 6468 -1152 -798
v 6432 -1152 -798
v 6468 -1152 -834
v 6432 -1152 -834
v 7680 -960 -1104
v 7680 -960 -1040
v 7680 -1152 -1040
v 7680 -1152 -1104
v 7648 -1152 -1104
v 7648 -960 -1104
v 7680 -960 -1232
v 7680 -960 -1168
v 7680 -1152 -1168
v 7680 -1152 -1232
v 7648 -1152 -1168
v 7648 -960 -1168
v 7680 -1024 -1104
v 7680 -1024 -1168
v 7648 -1024 -1168
v 7648 -1024 -1104
v 7680 -1200 -1104
v 7680 -1200 -1168
v 7648 -1200 -1168
v 7648 -1200 -1104
v 7664 -1024 -1168
v 7664 -1152 -1168
v 7664 -1152 -1104
v 7664 -1024 -1104
v 7328 -1200 -1232
v 7584 -1200 -1232
v 7584 -1200 -1040
v 7328 -1200 -1040
v 7584 -1152 -1040
v 7584 -1152 -1232
v 7648 -1152 -1152
v 7648 -1200 -1152
v 7648 -1200 -1232
v 7584 -1200 -1152
v 7584 -1152 -1152
v 7648 -1200 -1040
v 7590 -992 -1130
v 7592 -992 -1130
v 7592 -992 -1142
v 7590 -992 -1142
v 7592 -1003 -1130
v 7590 -1003 -1130
v 7592 -1003 -1142
v 7590 -1003 -1142
v 7578 -992 -1144
v 7578 -992 -1142
v 7590 -992 -1144
v 7578 -1003 -1142
v 7578 -1003 -1144
v 7590 -1003 -1144
v 7578 -992 -1130
v 7578 -994 -1142
v 7590 -994 -1142
v 7590 -994 -1130
v 7578 -994 -1130
v 7578 -992 -1128
v 7590 -992 -1128
v 7578 -1003 -1128
v 7578 -1003 -1130
v 7590 -1003 -1128
v 7576 -992 -1130
v 7576 -992 -1142
v 7576 -1003 -1130
v 7576 -1003 -1142
v 7588 -962 -1132
v 7588 -960 -1132
v 7580 -960 -1132
v 7580 -962 -1132
v 7588 -962 -1140
v 7588 -960 -1140
v 7580 -962 -1140
v 7580 -960 -1140
v 4776 -804 -1904
v 4776 -732 -1904
v 4824 -732 -1904
v 4824 -804 -1904
v 4776 -732 -1504
v 4776 -804 -1504
v 4776 -636 -1904
v 4824 -636 -1904
v 4776 -636 -1472
v 4776 -732 -1472
v 4824 -732 -1472
v 4824 -636 -1472
v 4776 -804 -1320
v 4776 -732 -1320
v 4776 -732 -1328
v 4776 -804 -1328
v 4824 -804 -1320
v 4824 -732 -1320
v 4776 -636 -1320
v 4776 -636 -1336
v 4776 -732 -1336
v 4824 -732 -1336
v 4824 -636 -1336
v 4776 -648 -1336
v 4776 -648 -1472
v 4776 -720 -1336
v 4776 -720 -1472
v 3248 -936 -916
v 3248 -1072 -916
v 6871 -1073 -1202
v 6871 -1095 -1202
v 6861 -1095 -1202
v 6861 -1073 -1202
v 6872 -1096 -1200
v 6872 -1072 -1200
v 6860 -1096 -1200
v 6860 -1072 -1200
v 6899 -1073 -1202
v 6899 -1095 -1202
v 6889 -1095 -1202
v 6889 -1073 -1202
v 6900 -1096 -1200
v 6900 -1072 -1200
v 6888 -1096 -1200
v 6888 -1072 -1200
v 1437 -1061 -1166
v 1437 -1083 -1166
v 1447 -1083 -1166
v 1447 -1061 -1166
v 1436 -1084 -1168
v 1436 -1060 -1168
v 1448 -1084 -1168
v 1448 -1060 -1168
v 1465 -1061 -1166
v 1465 -1083 -1166
v 1475 -1083 -1166
v 1475 -1061 -1166
v 1464 -1084 -1168
v 1464 -1060 -1168
v 1476 -1084 -1168
v 1476 -1060 -1168
v 5344 -584 -112
v 5344 -704 -112
v 5376 -584 -112
v 5376 -704 -112
v 5344 -1216 -112
v 5344 -1216 -368
v 5376 -1216 -368
v 2528 -188 -2064
v 2528 -1216 -2064
v 2528 -1216 -1872
v 2656 -1216 -1872
v 5772 -1100 -1756
v 5544 -1100 -1756
v 5408 -1100 -1619.99988
v 5644 -1100 -1540
v 5772 -1100 -1668.00012
v 5544 -1216 -1756
v 5408 -1216 -1619.99988
v 5512 -1096 -1756
v 5408 -1096 -1652
v 5512 -1216 -1756
v 5408 -1216 -1652
v 5480 -1090 -1756
v 5408 -1080 -1756
v 5408 -1090 -1684
v 5480 -1216 -1756
v 5408 -1216 -1684
v 5408 -1096 -1651.99988
v 4768 -804 -1904
v 4768 -804 -1312
v 4824 -804 -1312
v 4768 -828 -1904
v 4768 -828 -1312
v 4824 -828 -1312
v 5304 -804 -1312
v 5360 -804 -1312
v 5360 -804 -1904
v 5360 -828 -1904
v 5360 -828 -1312
v 5304 -828 -1312
v 4469 -912 -1540
v 4432 -912 -1540
v 4432 -949 -1540
v 4469 -949 -1540
v 3424 -828 -2064
v 3424 -828 -1888
v 2912 -828 -1888
v 2592 -1148 -1124
v 2676 -1148 -1124
v 2676 -1148 -1340
v 2592 -1148 -1340
v 32 -1160 -884
v 224 -1160 -884
v 32 -1104 -916
v 32 -1104 -884
v 224 -1104 -884
v 224 -1104 -916
v 32 -1160 -852
v 224 -1160 -852
v 32 -1088 -884
v 32 -1088 -852
v 224 -1088 -852
v 224 -1088 -884
v 32 -1160 -820
v 224 -1160 -820
v 32 -1072 -852
v 32 -1072 -820
v 224 -1072 -820
v 224 -1072 -852
v 32 -1160 -800
v 224 -1160 -800
v 32 -1064 -820
v 224 -1064 -820
v 2528 -884 -1392
v 2656 -884 -1392
v 2656 -1216 -1392
v 2592 -884 -1360
v 2592 -884 -1392
v 2592 -1216 -1392
v 0 -848 -1072
v 256 -848 -1072
v 256 -944 -1072
v 120 -884 -696
v 136 -884 -696
v 136 -884 -680
v 120 -884 -680
v 136 -880 -680
v 136 -880 -696
v 120 -880 -696
v 120 -880 -680
g ceiling
f 1 2 3
f 1 3 4
f 5 6 7
f 5 7 8
f 9 5 8
f 9 8 10
f 11 12 13
f 11 13 14
f 15 16 11
f 15 11 14
f 12 17 18
f 12 18 13
f 19 20 21
f 19 21 22
f 23 24 19
f 23 19 22
f 25 26 19
f 25 19 27
f 28 29 25
f 28 25 27
f 24 30 27
f 24 27 19
f 30 31 28
f 30 28 27
f 29 32 33
f 29 33 25
f 34 26 25
f 34 25 33
f 35 4 3
f 35 3 36
f 1 37 38
f 1 38 39
f 40 2 1
f 40 1 39
f 41 42 39
f 41 39 38
f 42 43 40
f 42 40 39
f 37 44 45
f 37 45 38
f 44 46 47
f 44 47 45
f 48 41 38
f 48 38 45
f 46 49 50
f 46 50 47
f 51 48 45
f 51 45 47
f 49 52 53
f 49 53 50
f 52 54 55
f 52 55 53
f 54 34 33
f 54 33 55
f 32 56 55
f 32 55 33
f 56 57 53
f 56 53 55
f 58 35 36
f 58 36 59
f 60 61 62
f 60 62 63
f 61 23 22
f 61 22 62
f 64 65 66
f 64 66 63
f 67 64 63
f 67 63 62
f 22 21 67
f 22 67 62
f 68 69 70
f 68 70 71
f 72 60 63
f 72 63 66
f 65 73 74
f 65 74 66
f 73 68 71
f 73 71 74
f 75 76 71
f 75 71 70
f 57 77 50
f 57 50 53
f 77 51 47
f 77 47 50
f 76 78 74
f 76 74 71
f 78 72 66
f 78 66 74
f 17 79 80
f 17 80 18
f 79 81 82
f 79 82 80
f 83 84 85
f 83 85 86
f 69 83 86
f 69 86 70
f 87 88 86
f 87 86 85
f 88 75 70
f 88 70 86
f 89 90 91
f 89 91 92
f 89 92 93
g wall
f 94 95 96
f 97 89 93
f 97 93 98
f 99 100 101
g ceiling
f 102 103 104
f 102 104 105
g wall
f 106 107 105
f 106 105 104
f 107 106 108
f 107 108 109
f 110 111 109
f 110 109 108
g ceiling
f 90 112 113
f 90 113 91
f 112 114 115
f 112 115 113
f 116 117 102
f 116 102 118
f 119 120 116
f 119 116 118
f 121 122 119
f 121 119 118
f 123 118 102
f 123 102 124
f 115 125 126
f 115 126 113
f 127 128 129
f 127 129 130
f 91 127 130
f 91 130 92
f 128 127 126
f 128 126 131
f 127 91 113
f 127 113 126
f 130 129 132
f 130 132 133
f 92 130 133
f 92 133 93
g wall
f 134 135 133
f 134 133 132
f 135 99 98
f 135 98 93
f 135 93 133
f 135 134 136
f 135 136 137
f 99 135 137
f 138 139 137
f 138 137 136
f 139 94 96
f 139 96 100
f 139 100 99
f 139 99 137
g ceiling
f 124 140 141
f 124 141 142
f 140 102 105
f 140 105 141
g wall
f 143 144 142
f 143 142 141
f 107 143 141
f 107 141 105
f 144 143 145
f 144 145 146
f 143 107 109
f 143 109 145
f 147 148 146
f 147 146 145
f 111 147 145
f 111 145 109
g ceiling
f 149 150 151
f 150 121 123
f 150 123 124
f 150 124 151
f 152 149 153
f 121 150 154
f 150 149 152
f 150 152 155
f 150 155 154
f 151 124 142
f 151 142 156
f 153 149 151
f 153 151 156
f 153 156 157
g wall
f 144 158 156
f 144 156 142
f 158 159 157
f 158 157 156
f 158 144 146
f 158 146 160
f 159 158 160
f 159 160 161
f 148 162 160
f 148 160 146
f 162 163 161
f 162 161 160
g ceiling
f 164 165 122
f 164 122 121
f 164 121 154
f 166 154 155
f 166 155 167
f 168 152 153
f 168 153 169
f 170 168 169
f 170 169 171
f 128 170 171
f 128 171 129
f 152 168 172
f 152 172 155
f 168 170 173
f 168 173 172
f 170 128 131
f 170 131 173
f 169 153 157
f 169 157 174
f 171 169 174
f 171 174 175
f 129 171 175
f 129 175 132
g wall
f 159 176 174
f 159 174 157
f 176 177 175
f 176 175 174
f 177 134 132
f 177 132 175
f 176 159 161
f 176 161 178
f 177 176 178
f 177 178 179
f 134 177 179
f 134 179 136
f 163 180 178
f 163 178 161
f 180 181 179
f 180 179 178
f 181 138 136
f 181 136 179
g ceiling
f 182 183 155
f 182 155 172
f 125 184 173
f 125 173 126
f 185 172 173
f 185 173 186
f 187 188 189
f 187 189 190
f 191 192 193
f 194 195 196
f 194 196 197
f 198 199 200
f 198 200 201
f 199 192 187
f 199 187 200
f 199 198 202
f 199 202 203
f 204 205 206
f 204 206 207
f 197 193 204
f 197 204 207
f 208 209 210
f 208 210 211
f 208 211 212
f 191 208 212
f 212 211 188
f 192 191 212
f 192 212 188
f 192 188 187
f 208 191 193
f 208 193 213
f 214 215 216
f 214 216 213
f 215 209 208
f 215 208 216
f 193 192 199
f 193 199 217
f 193 217 204
f 202 218 217
f 202 217 203
f 218 205 204
f 218 204 217
f 219 207 206
f 219 206 220
f 221 222 219
f 221 219 220
f 197 207 219
f 222 194 197
f 222 197 219
f 196 223 197
f 213 193 197
f 213 197 224
f 223 225 226
f 223 226 224
f 225 214 213
f 225 213 226
f 227 228 229
f 227 229 230
f 229 198 231
f 229 231 230
f 232 233 234
f 232 234 235
f 234 206 205
f 234 205 235
f 236 237 238
f 236 238 239
f 238 218 240
f 238 240 239
f 237 232 235
f 237 235 238
f 235 205 218
f 235 218 238
f 233 241 242
f 233 242 234
f 242 220 206
f 242 206 234
f 243 244 220
f 243 220 242
f 245 246 243
f 245 243 247
f 248 245 247
f 248 247 249
f 241 248 249
f 241 249 242
g wall
f 250 251 252
f 250 252 253
f 252 251 254
f 252 254 255
f 256 257 253
f 256 253 258
f 259 260 256
f 259 256 258
f 261 259 258
f 261 258 262
f 251 263 264
f 251 264 254
f 263 265 266
f 263 266 264
f 263 251 250
f 263 250 267
f 268 265 263
f 268 263 267
g ceiling
f 269 270 271
f 269 271 272
f 273 274 275
f 273 275 276
f 277 278 279
f 277 279 280
f 271 281 277
f 271 277 280
f 282 276 275
f 282 275 283
f 284 273 276
f 284 276 285
f 286 284 285
f 286 285 287
f 278 286 287
f 278 287 279
f 288 280 279
f 288 279 289
f 290 291 292
f 290 292 282
f 292 285 276
f 292 276 282
f 291 293 294
f 291 294 292
f 294 287 285
f 294 285 292
f 293 295 289
f 293 289 294
f 289 279 287
f 289 287 294
f 296 269 272
f 296 272 297
f 298 296 297
f 298 297 280
g ground
f 299 300 301
f 299 301 302
f 299 302 303
f 304 299 303
f 305 306 303
f 305 303 302
f 306 307 304
f 306 304 303
g ceiling
f 308 309 310
f 308 310 311
g wall
f 312 313 314
f 312 314 315
f 255 266 316
f 255 316 317
f 316 313 312
f 316 312 317
g ceiling
f 318 319 320
f 318 320 321
f 310 318 321
f 310 321 311
g wall
f 322 323 324
f 325 322 324
f 325 324 326
g ceiling
f 327 328 329
f 327 329 330
f 329 308 311
f 329 311 330
f 322 331 323
f 331 321 332
f 331 332 323
f 322 327 330
f 322 330 331
f 330 311 321
f 330 321 331
g wall
f 333 325 326
f 333 326 334
f 314 333 334
f 314 334 315
f 335 336 337
f 335 337 338
f 339 340 335
f 339 335 338
f 341 342 343
f 341 343 344
f 345 346 347
f 345 347 341
f 348 342 341
f 348 341 347
f 338 337 348
f 338 348 347
f 349 350 351
f 349 351 352
f 344 343 349
f 344 349 352
f 353 354 352
f 353 352 351
f 354 355 344
f 354 344 352
g ceiling
f 356 357 358
f 356 358 359
f 360 356 361
f 360 361 362
f 362 363 364
f 362 364 365
f 366 360 362
f 366 362 365
f 367 368 369
f 367 369 370
f 371 372 367
f 371 367 370
f 364 373 374
f 364 374 365
f 373 375 376
f 373 376 374
f 377 366 365
f 377 365 374
f 378 379 380
f 378 380 381
f 379 374 376
f 379 376 380
f 375 382 383
f 375 383 376
f 382 384 385
f 382 385 383
f 384 386 368
f 384 368 385
f 372 387 388
f 372 388 367
f 387 377 378
f 387 378 388
f 376 383 388
f 376 388 381
f 385 368 367
f 385 367 389
f 390 389 388
f 390 388 391
f 383 385 390
f 383 390 391
g ground
f 304 307 392
f 304 392 393
f 394 395 396
f 394 396 397
f 398 399 400
f 398 400 401
f 402 392 403
f 404 394 397
f 404 397 402
f 404 402 403
f 405 406 407
f 408 393 392
f 408 392 402
f 408 402 409
f 402 397 409
f 407 408 409
f 396 405 407
f 396 407 409
f 396 409 397
f 300 299 410
f 300 410 400
f 299 304 393
f 299 393 410
f 411 398 401
f 411 401 412
f 413 414 411
f 413 411 412
f 401 400 410
f 401 410 415
f 410 393 408
f 410 408 415
f 412 401 415
f 406 413 412
f 406 412 415
f 406 415 408
f 406 408 407
g wall
f 416 417 418
f 416 418 419
f 420 421 422
f 420 422 423
f 424 425 418
f 424 418 417
f 426 420 423
f 426 423 427
f 428 429 426
f 428 426 427
f 430 424 417
f 430 417 431
f 432 433 430
f 432 430 431
f 427 423 434
f 427 434 435
f 423 422 436
f 423 436 434
f 437 438 439
f 437 439 440
f 439 441 419
f 439 419 440
f 442 431 417
f 442 417 443
f 444 432 431
f 444 431 442
f 445 446 447
f 445 447 448
f 449 450 451
f 449 451 452
f 453 454 446
f 453 446 445
f 455 456 457
f 455 457 458
f 452 451 455
f 452 455 458
f 459 460 461
f 459 461 462
f 448 447 462
f 448 462 461
f 463 445 448
f 463 448 464
f 418 463 464
f 418 464 419
f 465 449 452
f 465 452 466
f 421 465 466
f 421 466 422
f 467 453 445
f 467 445 463
f 425 467 463
f 425 463 418
f 457 468 469
f 457 469 458
f 468 470 436
f 468 436 469
f 466 452 458
f 466 458 469
f 422 466 469
f 422 469 436
f 460 471 472
f 460 472 461
f 471 437 440
f 471 440 472
f 464 448 461
f 464 461 472
f 440 419 464
f 440 464 472
f 473 474 475
f 476 477 478
f 476 478 479
f 480 481 476
f 480 476 479
f 482 480 479
f 482 479 483
f 484 473 475
f 484 475 485
f 485 475 486
f 485 486 487
f 488 489 490
f 488 490 491
f 489 484 485
f 489 485 490
f 492 488 491
f 492 491 493
f 477 492 493
f 477 493 478
f 491 490 494
f 491 494 495
f 490 485 487
f 490 487 494
f 493 491 495
f 493 495 496
f 478 493 496
f 478 496 497
f 498 499 500
f 498 500 501
g ceiling
f 500 499 502
f 500 502 503
g wall
f 504 505 506
f 504 506 507
f 498 501 508
f 509 498 508
f 510 511 504
f 510 504 507
f 512 510 507
f 512 507 513
f 505 514 515
f 505 515 506
f 516 517 506
f 516 506 515
f 518 519 520
f 518 520 521
f 519 509 508
f 519 508 520
f 522 518 521
f 522 521 523
f 514 522 523
f 514 523 515
f 524 525 521
f 524 521 520
f 508 526 524
f 508 524 520
f 525 527 523
f 525 523 521
f 527 516 515
f 527 515 523
f 528 529 530
f 528 530 531
g ceiling
f 532 533 534
f 532 534 535
f 534 536 537
f 534 537 535
g wall
f 534 533 538
f 534 538 539
f 536 534 539
f 536 539 540
f 541 542 540
f 541 540 539
f 538 541 539
f 538 543 541
f 529 544 545
f 529 545 530
f 545 546 547
f 545 547 530
f 543 548 549
f 543 549 541
f 550 542 541
f 550 541 549
f 551 528 531
f 551 531 552
f 548 551 552
f 548 552 549
f 531 553 554
f 531 554 552
f 554 550 549
f 554 549 552
g ceiling
f 555 556 557
f 555 557 558
f 557 559 560
f 557 560 558
f 561 555 558
f 561 558 562
f 558 560 563
f 558 563 562
f 564 565 566
f 559 567 564
f 559 564 566
f 559 566 560
f 568 563 569
f 560 566 569
f 560 569 563
f 570 561 562
f 570 562 571
f 571 562 563
f 571 563 568
f 571 568 572
f 572 568 573
f 574 575 576
f 566 565 574
f 566 574 576
f 566 576 569
f 577 578 579
f 578 570 571
f 578 571 579
f 576 575 580
f 573 568 569
f 573 569 576
f 573 576 580
f 581 573 582
f 577 579 583
f 579 571 572
f 579 572 583
f 584 572 573
f 584 573 581
g wall
f 585 586 587
f 585 587 588
f 585 588 589
f 588 590 591
f 588 591 589
f 592 585 589
f 592 589 593
f 593 589 591
g ceiling
f 559 556 594
f 559 594 595
f 559 595 596
f 594 597 598
f 594 598 595
f 599 600 601
f 599 601 602
f 603 599 602
f 604 605 606
f 595 604 606
f 595 606 596
f 602 601 607
f 597 603 602
f 597 602 607
f 597 607 598
f 605 604 608
f 604 595 609
f 604 609 608
f 610 609 611
g wall
f 612 613 614
f 612 614 615
f 616 617 618
f 616 618 619
f 620 621 622
f 620 622 623
f 622 616 619
f 622 619 623
f 624 614 625
f 624 625 626
f 627 628 626
f 627 626 625
f 629 618 617
f 629 617 630
f 631 632 629
f 631 629 630
f 632 633 634
f 632 634 629
f 635 618 629
f 635 629 636
f 634 613 637
f 634 637 638
f 637 639 640
f 637 640 638
f 641 635 636
f 641 636 642
f 639 641 642
f 639 642 640
f 643 614 613
f 643 613 634
f 633 644 643
f 633 643 634
f 619 618 635
f 619 635 645
f 637 613 612
f 637 612 646
f 639 637 646
f 639 646 647
f 635 641 648
f 635 648 645
f 641 639 647
f 641 647 648
f 649 625 614
f 649 614 643
f 644 650 649
f 644 649 643
f 651 627 625
f 651 625 649
f 650 652 651
f 650 651 649
f 653 620 623
f 653 623 654
f 655 656 657
f 655 657 658
f 656 659 660
f 656 660 657
f 661 653 654
f 661 654 662
f 659 661 662
f 659 662 660
f 623 619 645
f 623 645 654
f 646 612 658
f 646 658 657
f 647 646 657
f 647 657 660
f 645 648 662
f 645 662 654
f 648 647 660
f 648 660 662
g ceiling
f 663 664 665
f 663 665 666
f 667 663 666
f 667 666 668
f 664 669 670
f 664 670 665
f 665 671 672
f 665 672 668
f 671 673 674
f 671 674 672
f 670 675 671
f 670 671 665
f 676 673 671
f 676 671 677
g wall
f 678 679 680
f 678 680 681
f 682 683 684
f 682 684 685
f 679 682 685
f 679 685 680
f 686 687 688
f 686 688 689
f 690 691 692
f 690 692 693
f 688 690 693
f 688 693 689
f 694 695 474
f 694 474 696
f 695 697 474
f 696 698 699
f 696 699 700
f 701 694 696
f 701 696 700
f 700 699 702
f 700 702 703
f 704 701 700
f 704 700 703
g ceiling
f 705 706 707
f 705 707 708
f 709 705 708
f 709 708 710
f 711 712 710
f 711 710 713
f 707 714 715
f 707 715 708
f 714 716 717
f 714 717 715
f 708 715 713
f 708 713 710
f 715 717 718
f 715 718 713
g wall
f 719 720 721
f 719 721 722
f 723 724 725
f 723 725 726
g ceiling
f 727 728 729
f 727 729 730
f 727 730 731
f 727 731 732
g wall
f 733 734 735
f 736 737 738
f 739 733 735
f 739 735 740
f 741 742 743
f 741 743 744
f 739 740 744
f 739 744 745
f 737 746 747
f 737 747 738
f 748 749 750
f 748 750 751
f 746 752 751
f 746 751 747
f 753 754 755
f 756 757 758
f 759 753 755
f 759 755 760
f 761 762 763
f 761 763 764
f 759 760 764
f 759 764 765
f 757 766 767
f 757 767 758
f 768 769 770
f 768 770 771
f 766 772 771
f 766 771 767
f 773 774 775
f 776 777 778
f 779 773 775
f 779 775 780
f 781 782 783
f 781 783 784
f 779 780 784
f 779 784 785
f 777 786 787
f 777 787 778
f 788 789 790
f 788 790 791
f 786 792 791
f 786 791 787
f 793 794 795
f 796 797 798
f 799 793 795
f 799 795 800
f 801 802 803
f 801 803 804
f 799 800 804
f 799 804 805
f 797 806 807
f 797 807 798
f 808 809 810
f 808 810 811
f 806 812 811
f 806 811 807
f 813 814 815
f 816 817 818
f 819 813 815
f 819 815 820
f 821 822 823
f 821 823 824
f 819 820 824
f 819 824 825
f 817 826 827
f 817 827 818
f 828 829 830
f 828 830 831
f 826 832 831
f 826 831 827
g ground
f 833 834 835
f 833 835 836
g wall
f 837 20 1
f 837 1 838
f 839 9 20
f 839 20 837
f 840 16 9
f 840 9 839
f 838 1 16
f 838 16 840
g ceiling
f 840 839 837
f 840 837 838
f 837 577 584
g wall
f 841 584 577
f 841 577 842
g ground
f 841 842 843
g ceiling
f 844 584 845
g wall
f 846 582 584
f 846 584 841
g ground
f 847 841 848
f 849 850 846
g wall
f 582 846 850
f 582 850 575
g ceiling
f 582 575 851
g ground
f 852 850 843
f 852 843 853
g wall
f 575 850 852
f 575 852 854
g ceiling
f 855 837 575
f 855 575 854
g ground
f 843 842 856
f 843 856 857
g wall
f 856 842 577
f 856 577 858
g ceiling
f 858 577 837
f 858 837 859
g wall
f 860 861 862
f 860 862 863
f 864 865 861
f 864 861 860
f 866 867 865
f 866 865 864
f 863 862 867
f 863 867 866
f 868 869 870
f 868 870 871
f 872 873 874
f 872 874 863
f 875 876 877
f 875 877 878
f 879 880 876
f 879 876 875
f 881 882 880
f 881 880 879
f 878 877 882
f 878 882 881
g ceiling
f 881 879 875
f 881 875 878
g wall
f 883 884 885
f 883 885 886
f 887 888 884
f 887 884 883
f 889 890 888
f 889 888 887
g ceiling
f 887 883 886
f 887 886 889
g wall
f 891 892 893
f 891 893 894
f 890 895 896
f 890 896 897
g ceiling
f 897 891 894
f 897 894 890
g ground
f 898 899 900
f 898 900 901
g wall
f 902 899 898
f 902 898 903
f 904 905 906
f 904 906 907
f 906 905 908
f 906 908 909
f 910 911 912
f 910 912 913
f 912 904 907
f 912 907 913
f 914 907 906
f 914 906 915
f 915 906 909
f 915 909 916
f 916 909 913
f 916 913 917
f 917 913 907
f 917 907 914
f 918 919 920
f 918 920 921
f 922 923 919
f 922 919 918
f 921 920 897
f 921 897 924
g ceiling
f 924 922 918
f 924 918 921
g ground
f 925 926 927
f 925 927 928
g wall
f 904 928 927
f 904 927 905
f 905 927 926
f 905 926 908
f 908 926 925
f 908 925 912
f 912 925 928
f 912 928 904
f 929 930 931
f 929 931 932
g ground
f 933 934 935
f 933 935 936
g wall
f 936 935 937
f 936 937 938
f 939 940 897
f 939 897 941
f 942 943 940
f 942 940 939
f 944 943 942
f 944 942 945
f 941 897 944
f 941 944 945
f 946 947 927
f 948 949 926
g ground
f 927 947 948
f 927 948 926
g wall
f 950 951 952
f 950 952 953
f 954 955 956
f 954 956 957
f 958 959 960
f 958 960 961
f 962 963 959
f 962 959 958
f 872 964 963
f 872 963 962
f 961 960 964
f 961 964 872
f 965 966 967
f 965 967 968
g ground
f 969 966 965
f 969 965 970
g wall
f 966 971 972
f 966 972 967
g ground
f 973 974 966
f 973 966 969
g wall
f 972 974 975
f 972 975 976
f 976 975 977
f 976 977 978
f 979 980 981
f 979 981 982
f 983 984 877
f 983 877 985
f 986 987 988
f 986 988 989
f 990 991 987
f 990 987 986
f 983 992 991
f 983 991 990
f 989 988 992
f 989 992 983
f 953 952 993
f 953 993 994
f 995 996 955
f 995 955 954
f 997 998 999
f 997 999 1000
f 895 902 903
f 895 903 896
g ceiling
f 896 997 1000
f 896 1000 895
g wall
f 1001 934 929
f 1001 929 1002
g ground
f 935 934 1001
f 935 1001 1003
g wall
f 1003 1001 1002
f 1003 1002 1004
f 937 935 1003
f 937 1003 1004
f 1005 1006 951
f 1005 951 950
f 957 956 1007
f 957 1007 989
f 1008 1009 1010
f 1008 1010 1011
f 1012 888 1013
f 1012 1013 961
f 940 1014 972
f 940 972 897
f 943 1015 1014
f 943 1014 940
f 944 976 1015
f 944 1015 943
f 897 972 976
f 897 976 944
g ground
f 917 1016 1017
f 917 1017 1018
g wall
f 1019 1016 917
f 1019 917 1020
f 1021 1017 1016
f 1021 1016 1019
f 1022 1018 1017
f 1022 1017 1021
f 1020 917 1018
f 1020 1018 1022
g ceiling
f 1022 1021 1019
f 1022 1019 1020
g wall
f 1023 1024 1025
f 1023 1025 1026
f 1012 887 1024
f 1012 1024 1023
f 1027 889 887
f 1027 887 1012
f 1028 1029 1007
f 1028 1007 988
f 1030 1031 1029
f 1030 1029 1028
f 992 984 1031
f 992 1031 1030
f 988 1007 984
f 988 984 992
g ceiling
f 992 1030 1028
f 992 1028 988
g wall
f 1032 1033 874
f 1032 874 862
f 1034 1035 1033
f 1034 1033 1032
f 867 1036 1035
f 867 1035 1034
f 862 874 1036
f 862 1036 867
g ceiling
f 867 1034 1032
f 867 1032 862
g wall
f 994 993 1037
f 994 1037 1038
f 866 1036 996
f 866 996 995
g ground
f 1039 1040 1041
f 1039 1041 1042
g wall
f 1043 1044 878
f 1043 878 985
f 1045 1046 1044
f 1045 1044 1043
f 1047 881 1046
f 1047 1046 1045
f 985 878 881
f 985 881 1047
f 1048 939 941
f 1048 941 1049
f 1050 942 939
f 1050 939 1048
f 1051 945 942
f 1051 942 1050
f 1049 941 945
f 1049 945 1051
f 1052 1053 1054
f 1052 1054 1055
f 1047 882 920
f 1047 920 1056
f 1057 1058 921
f 1057 921 1056
f 1059 1060 1058
f 1059 1058 1057
f 1056 921 924
f 1056 924 1049
g ground
f 901 900 1061
f 901 1061 1062
g wall
f 932 933 947
f 932 947 946
g ground
f 947 933 936
f 947 936 948
g wall
f 948 936 938
f 948 938 949
f 1063 1064 1013
f 1063 1013 960
f 1065 1066 1064
f 1065 1064 1063
f 964 873 1066
f 964 1066 1065
f 960 1013 873
f 960 873 964
g ceiling
f 964 1065 1063
f 964 1063 960
g wall
f 965 968 1014
f 1067 970 1015
g ground
f 1015 970 965
f 1015 965 1014
f 1068 852 853
f 1068 853 1069
g wall
f 854 1070 1071
f 854 1071 1072
g ceiling
f 855 854 1072
f 855 1072 1073
g ground
f 1074 1075 1076
f 1074 1076 1077
g wall
f 1078 1077 1076
f 1078 1076 1079
f 1079 1076 1075
f 1079 1075 1080
f 1080 1075 1074
f 1080 1074 1081
f 1081 1074 1077
f 1081 1077 1078
g ground
f 1082 1083 1084
f 1082 1084 1085
g wall
f 1086 1085 1084
f 1086 1084 605
g ceiling
f 1086 605 1087
f 1086 1087 1088
g ground
f 1089 1090 1091
g wall
f 605 1084 1092
f 605 1092 610
g ceiling
f 1093 1094 1095
f 610 1096 1097
g wall
f 1098 1096 610
f 1098 610 1092
g ground
f 1099 1100 1101
g ceiling
f 1096 600 1087
g wall
f 1102 600 1096
f 1102 1096 1098
g ground
f 1083 1102 1098
f 1103 1102 1083
f 1103 1083 1104
g wall
f 600 1102 1103
f 600 1103 1105
g ceiling
f 1087 600 1105
f 1087 1105 1106
g ground
f 1107 1108 1109
f 1107 1109 1110
g wall
f 1111 1110 1109
f 1111 1109 1112
g ground
f 1113 1114 1115
f 1113 1115 1116
g wall
f 1117 1114 1113
f 1117 1113 1118
f 1119 1116 1115
f 1119 1115 1120
g ceiling
f 1119 1120 1117
f 1119 1117 1118
g ground
f 1121 1122 1123
f 1121 1123 1124
g wall
f 1124 1123 1125
f 1124 1125 1126
f 1127 1128 1125
f 1127 1125 1123
g ground
f 1127 1123 1122
g wall
f 1129 1130 1128
f 1129 1128 1127
g ground
f 1131 1132 1133
f 1134 1135 1129
g wall
f 1130 1129 1135
f 1130 1135 1136
g ground
f 1110 1135 1122
f 1110 1122 1107
g wall
f 1136 1135 1110
f 1136 1110 1111
g ground
f 1137 1138 1139
f 1137 1139 1140
g wall
f 1141 1138 1137
f 1141 1137 1142
f 1138 1141 1143
f 1138 1143 1144
g ground
f 1139 1138 1144
g wall
f 1144 1143 1145
f 1144 1145 1146
g ground
f 1139 1144 1146
f 1146 1147 1139
g wall
f 1148 1149 1150
f 1148 1150 1151
g ground
f 1152 1139 1147
f 1152 1147 1153
g wall
f 1154 1153 1147
f 1154 1147 1155
g ground
f 1156 833 836
f 1156 836 1157
f 1158 1159 833
f 1158 833 1156
g wall
f 1160 1161 1162
f 1160 1162 1163
f 1160 1163 1164
g ground
f 1161 1165 1166
f 1161 1166 1167
g wall
f 1167 1166 1168
f 1167 1168 1169
f 1167 1169 1170
f 1162 1161 1167
f 1162 1167 1170
g ground
f 1160 1164 1168
f 1160 1168 1166
f 1166 1168 1171
f 1166 1171 1172
g wall
f 1173 1166 1172
f 1173 1172 1174
g ground
f 1175 1176 1177
f 1175 1177 1178
g wall
f 1179 1175 1178
f 1179 1178 1180
g ground
f 1181 1182 1183
f 1181 1183 1184
g wall
f 1185 1181 1184
f 1185 1184 1186
g ground
f 1187 1188 1189
f 1187 1189 1190
g wall
f 1191 1187 1190
f 1191 1190 1192
g ground
f 1193 1194 1195
f 1193 1195 1196
g wall
f 1197 1193 1196
f 1197 1196 1198
g ground
f 1199 1200 1201
f 1199 1201 1202
g wall
f 1203 1199 1202
f 1203 1202 1204
g ground
f 1205 1206 1207
f 1205 1207 1208
g wall
f 1170 1205 1208
f 1170 1208 1209
f 1210 1211 1209
f 1210 1209 1212
f 1210 1212 1171
g ground
f 1211 1172 1213
f 1211 1213 1214
g wall
f 1214 1213 1215
f 1214 1215 1216
f 1214 1216 1217
f 1209 1211 1214
f 1209 1214 1217
g ground
f 1210 1171 1215
f 1210 1215 1218
f 1124 1219 1220
f 1124 1220 1121
g wall
f 1221 1219 1124
f 1221 1124 1126
g ceiling
f 1222 1223 1221
f 1222 1221 1126
g ground
f 1140 1224 1225
f 1140 1225 1137
g wall
f 1137 1225 1226
f 1137 1226 1142
g ceiling
f 1142 1226 1227
f 1142 1227 1228
g ground
f 1163 1229 1220
f 1163 1220 1230
g ceiling
f 1231 1223 1120
f 1231 1120 1232
g ground
f 1233 1163 1230
f 1233 1230 1234
g ceiling
f 1235 1231 1232
f 1235 1232 1119
g wall
f 1236 1237 1238
f 1236 1238 1239
f 1240 1241 1242
f 1240 1242 1243
f 1244 1245 1246
f 1244 1246 1247
f 1248 1249 1245
f 1248 1245 1244
f 1247 1246 1250
f 1247 1250 1251
f 1252 1253 1254
f 1252 1254 1255
f 1256 1257 1253
f 1256 1253 1252
f 1258 1259 1257
f 1258 1257 1256
f 1255 1254 1259
f 1255 1259 1258
f 1260 1261 1262
f 1260 1262 1263
f 1264 1265 1261
f 1264 1261 1260
f 1266 1267 1265
f 1266 1265 1264
f 1263 1262 1267
f 1263 1267 1266
f 1268 1269 1270
f 1268 1270 1271
f 1272 1273 1269
f 1272 1269 1268
f 1274 1275 1273
f 1274 1273 1272
f 1249 1276 1277
f 1249 1277 1270
f 1275 1278 1279
f 1275 1279 1250
g ceiling
f 1249 1270 1275
f 1249 1275 1250
g ground
f 1280 1281 1282
f 1280 1282 1283
g wall
f 1284 1282 1281
f 1284 1281 1285
g ceiling
f 1284 1285 1286
f 1284 1286 1287
g wall
f 1239 1238 1288
f 1239 1288 1289
f 1290 1291 1241
f 1290 1241 1240
f 1292 1293 1237
f 1292 1237 1236
f 1243 1242 1294
f 1243 1294 1295
g ground
f 1289 1292 1296
f 1289 1296 1297
g wall
f 1114 1292 1289
f 1114 1289 1113
f 1298 1297 1296
f 1298 1296 1299
f 1300 1301 1302
f 1300 1302 1303
f 1304 1305 1301
f 1304 1301 1300
f 1283 1306 1305
f 1283 1305 1304
f 1307 1308 1309
f 1307 1309 1310
f 1293 1311 1312
f 1293 1312 1288
g ceiling
f 1307 1310 1293
f 1307 1293 1288
g wall
f 1313 1314 1315
f 1313 1315 1316
f 1317 1318 1319
f 1317 1319 1320
f 1321 1322 1323
f 1321 1323 1324
f 1325 1326 1322
f 1325 1322 1321
f 1327 1328 1326
f 1327 1326 1325
f 1324 1323 1328
f 1324 1328 1327
g ground
f 1316 1313 1329
f 1316 1329 1330
g wall
f 1324 1313 1316
f 1324 1316 1300
f 1304 1330 1329
f 1304 1329 1327
f 1314 1323 1301
f 1314 1301 1315
f 1331 1305 1328
f 1331 1328 1332
g ceiling
f 1331 1332 1314
f 1331 1314 1315
g wall
f 1333 1334 1335
f 1333 1335 1336
f 1337 1338 1339
f 1337 1339 1340
f 1341 1342 1343
f 1341 1343 1344
f 1345 1346 1342
f 1345 1342 1341
f 1347 1348 1346
f 1347 1346 1345
f 1344 1343 1348
f 1344 1348 1347
f 1349 1350 1351
f 1349 1351 1352
f 1353 1354 1355
f 1353 1355 1356
f 1357 1358 1359
f 1357 1359 1360
f 1361 1362 1358
f 1361 1358 1357
f 1363 1364 1362
f 1363 1362 1361
f 1360 1359 1364
f 1360 1364 1363
f 1365 1366 1367
f 1365 1367 1368
f 1369 1370 1371
f 1369 1371 1372
f 1373 1374 1375
f 1373 1375 1376
f 1377 1378 1379
f 1377 1379 1280
f 1376 1375 1378
f 1376 1378 1377
g ground
f 1336 1333 1380
f 1336 1380 1381
g wall
f 1344 1333 1336
f 1344 1336 1321
f 1325 1381 1380
f 1325 1380 1347
f 1334 1343 1322
f 1334 1322 1335
f 1382 1326 1348
f 1382 1348 1383
g ceiling
f 1382 1383 1334
f 1382 1334 1335
g wall
f 1350 1359 1342
f 1350 1342 1351
f 1384 1346 1364
f 1384 1364 1385
g ceiling
f 1384 1385 1350
f 1384 1350 1351
g ground
f 1352 1349 1386
f 1352 1386 1387
g wall
f 1360 1349 1352
f 1360 1352 1341
f 1345 1387 1386
f 1345 1386 1363
f 1366 1375 1358
f 1366 1358 1367
f 1388 1362 1378
f 1388 1378 1389
g ceiling
f 1388 1389 1366
f 1388 1366 1367
g ground
f 1368 1365 1390
f 1368 1390 1391
g wall
f 1376 1365 1368
f 1376 1368 1357
f 1361 1391 1390
f 1361 1390 1377
g ground
f 1392 1393 1394
f 1392 1394 1395
g wall
f 1396 1393 1392
f 1396 1392 1374
f 1397 1394 1393
f 1397 1393 1396
f 1302 1395 1394
f 1302 1394 1397
f 1374 1392 1395
f 1374 1395 1302
g ceiling
f 1397 1396 1374
f 1397 1374 1302
g wall
f 1398 1399 1400
f 1398 1400 1401
f 1311 1402 1403
f 1311 1403 1312
g ceiling
f 1398 1401 1311
f 1398 1311 1312
g ground
f 1404 1405 1406
f 1404 1406 1407
g wall
f 1408 1406 1405
f 1408 1405 1409
f 1410 1411 1412
f 1410 1412 1413
g ground
f 1414 1413 1415
f 1416 1417 1415
g wall
f 1409 1405 1418
f 1409 1418 1419
f 1420 1421 1411
f 1420 1411 1410
g ground
f 1404 1420 1410
f 1422 1420 1404
f 1422 1404 1423
g wall
f 1421 1420 1422
f 1421 1422 1424
g ground
f 1425 1422 1423
f 1425 1423 1426
g wall
f 1422 1425 1427
f 1422 1427 1424
g ceiling
f 1424 1427 1428
f 1424 1428 1429
g ground
f 1430 1431 1432
f 1430 1432 1433
g wall
f 1434 1431 1430
f 1434 1430 1435
g ceiling
f 1436 1434 1435
f 1436 1435 1437
g ground
f 1438 1439 1430
f 1438 1430 1433
g wall
f 1430 1439 1440
f 1430 1440 1435
f 1441 1442 1440
f 1441 1440 1439
g ground
f 1441 1439 1438
g wall
f 1443 1444 1442
f 1443 1442 1441
g ground
f 1443 1441 1445
f 1446 1447 1448
g wall
f 1449 1448 1447
f 1449 1447 1450
g ground
f 1451 1447 1438
f 1451 1438 1452
g wall
f 1450 1447 1451
f 1450 1451 1453
g ground
f 1454 1455 1456
f 1454 1456 1457
f 1458 1451 1452
f 1458 1452 1459
g wall
f 1453 1451 1458
f 1453 1458 1460
g ground
f 1461 1156 1157
f 1461 1157 1462
f 1463 1464 1465
f 1463 1465 1466
g wall
f 1467 1466 1465
f 1467 1465 1468
g ground
f 1464 1469 1470
f 1464 1470 1465
g wall
f 1465 1470 1471
f 1465 1471 1468
g ground
f 1472 1470 1469
f 1472 1469 1473
g wall
f 1471 1470 1472
f 1471 1472 1474
g ground
f 1473 1475 1476
f 1473 1476 1472
g wall
f 1472 1476 1477
f 1472 1477 1474
g ceiling
f 1474 1477 117
f 1474 117 120
g ground
f 1473 1469 1464
f 1463 1478 1479
f 1463 1479 1473
f 1463 1473 1464
f 1480 1481 1482
f 1480 1482 1483
g wall
f 1484 1480 1483
f 1484 1483 1485
f 1486 1482 1481
f 1486 1481 1487
g ceiling
f 1487 1484 1485
f 1487 1485 1486
g wall
f 1469 1488 1489
f 1469 1489 1490
f 1491 1492 1488
f 1491 1488 1469
f 1493 1494 1492
f 1493 1492 1491
f 1490 1489 1494
f 1490 1494 1493
g ground
f 1495 1496 1497
f 1495 1497 1498
g wall
f 1499 1497 1496
f 1499 1496 1500
g ceiling
f 1499 1500 1501
f 1499 1501 1502
g wall
f 1503 1504 1505
f 1503 1505 1506
f 1507 1508 1509
f 1507 1509 1510
g ceiling
f 1510 1503 1506
f 1510 1506 1507
g ground
f 1511 1495 1498
f 1511 1498 1512
g wall
f 1508 1511 1512
f 1508 1512 1509
f 1513 1514 1515
f 1513 1515 1516
f 1517 1518 1514
f 1517 1514 1513
f 1519 1520 1518
f 1519 1518 1517
f 1516 1515 1520
f 1516 1520 1519
f 1521 1522 1523
f 1521 1523 1524
f 1525 1526 1522
f 1525 1522 1521
f 1527 1528 1526
f 1527 1526 1525
f 1524 1523 1528
f 1524 1528 1527
g ground
f 1108 1529 1530
f 1108 1530 1109
g wall
f 1112 1109 1530
f 1112 1530 1531
g ceiling
f 1112 1531 1532
f 1112 1532 1533
g ground
f 834 1534 1535
f 834 1535 835
g ceiling
f 854 1531 1112
f 854 1112 1072
g wall
f 1536 1537 1538
f 1536 1538 1539
f 1539 1538 1540
f 1539 1540 1541
f 1539 1541 1542
f 1542 1541 1543
f 1542 1543 1482
f 1482 1543 1544
f 1482 1544 1537
f 1482 1537 1536
g ground
f 1540 1538 1537
f 1540 1537 1544
f 1541 1540 1544
f 1541 1544 1543
g wall
f 1539 1545 1546
f 1539 1546 1536
f 1545 1539 1542
f 1545 1542 1547
f 1547 1542 1482
f 1547 1482 1486
g ceiling
f 1546 1545 1547
f 1546 1547 1486
g wall
f 1486 1482 1536
f 1486 1536 1546
f 1548 1549 1550
f 1548 1550 1551
f 1551 1550 1552
f 1551 1552 1553
f 1551 1553 1481
f 1481 1553 1554
f 1481 1554 1555
g ground
f 1552 1550 1549
f 1552 1549 1556
f 1553 1552 1556
f 1553 1556 1554
g wall
f 1551 1557 1558
f 1551 1558 1548
f 1557 1551 1481
f 1557 1481 1487
f 1487 1481 1555
f 1487 1555 1559
g ceiling
f 1558 1557 1487
f 1558 1487 1559
g wall
f 1560 1561 1562
f 1560 1562 1563
g ground
f 1564 1560 1563
g wall
f 1563 1562 1565
f 1563 1565 1566
g ground
f 1567 1568 1569
f 1570 1571 1572
g wall
f 1573 1574 1566
f 1573 1566 1565
g ground
f 1575 1564 1574
f 1575 1574 1576
g wall
f 1577 1576 1574
f 1577 1574 1573
g ground
f 1560 1564 1578
f 1578 1579 1560
f 1579 1152 1153
f 1579 1153 1580
g wall
f 1580 1153 1154
f 1580 1154 1581
g ground
f 1580 1560 1579
g wall
f 1582 1583 1581
f 1582 1581 1561
g ground
f 1584 1575 1576
f 1584 1576 1585
g wall
f 1586 1585 1576
f 1586 1576 1577
g ground
f 1587 1588 1589
f 1587 1589 1590
g wall
f 1591 1587 1590
f 1591 1590 1592
g ceiling
f 1593 1594 1591
f 1593 1591 1592
g ground
f 1595 1596 1597
f 1595 1597 1598
g wall
f 1598 1597 1599
f 1598 1599 1600
f 1601 1602 1603
f 1601 1603 1604
f 1603 1602 1605
f 1603 1605 1606
f 1606 1605 1607
f 1606 1607 1608
g ceiling
f 1604 1603 1606
f 1604 1606 1608
g wall
f 1609 1610 1611
f 1609 1611 1612
g ceiling
f 1613 1614 1609
f 1613 1609 1612
g wall
f 1615 1616 1617
f 1615 1617 1618
g ground
f 1615 1618 1619
f 1620 1621 1622
f 1620 1622 1623
g wall
f 1624 1622 1621
f 1624 1621 1625
f 1626 1620 1623
f 1626 1623 1627
g ground
f 1628 1629 1596
f 1628 1596 1630
g wall
f 1631 1629 1628
f 1631 1628 1632
f 1633 1634 1635
f 1633 1635 1636
g ceiling
f 1637 1638 1633
f 1637 1633 1636
g ground
f 1619 1629 1639
g wall
f 1640 1639 1629
f 1640 1629 1631
g ground
f 1641 1642 1643
f 1641 1643 1644
g wall
f 1645 1642 1641
f 1645 1641 1646
g ceiling
f 1647 1648 1645
f 1647 1645 1646
g wall
f 1618 1617 1599
f 1618 1599 1597
g ground
f 1618 1597 1649
g wall
f 1650 1651 1652
f 1650 1652 1653
f 1653 1652 1654
f 1653 1654 1655
g ceiling
f 1655 1656 1650
f 1655 1650 1653
g ground
f 1657 1658 1659
f 1657 1659 1660
g wall
f 1661 1660 1659
f 1661 1659 1662
f 1662 1659 1658
f 1662 1658 1654
g ceiling
f 1654 1663 1661
f 1654 1661 1662
g ground
f 1588 1622 1658
f 1588 1658 1589
g wall
f 1664 1622 1588
f 1664 1588 1665
f 1665 1588 1589
f 1665 1589 1666
f 1666 1589 1658
f 1666 1658 1667
f 1667 1658 1622
f 1667 1622 1664
f 1665 1668 1624
f 1665 1624 1664
f 1668 1665 1666
f 1668 1666 1669
f 1669 1666 1667
f 1669 1667 1670
f 1670 1667 1664
f 1670 1664 1624
f 1671 260 1672
f 1671 1672 1673
f 257 1674 1675
f 257 1675 1676
g ceiling
f 1674 257 260
f 1674 260 1671
g ground
f 1673 1672 1676
f 1673 1676 1675
g wall
f 1672 260 257
f 1672 257 1676
f 1675 1674 1671
f 1675 1671 1673
g ground
f 1677 1678 1621
f 1677 1621 1679
g wall
f 1680 1621 1678
f 1680 1678 1681
f 1681 1678 1677
f 1681 1677 1682
f 1682 1677 1679
f 1682 1679 1683
f 1683 1679 1621
f 1683 1621 1680
f 1625 1680 1681
f 1625 1681 1684
f 1684 1681 1682
f 1684 1682 1602
f 1602 1682 1683
f 1602 1683 1605
f 1605 1683 1680
f 1605 1680 1625
f 1685 1686 1687
f 1685 1687 1688
f 1685 1688 1689
g ground
f 1690 1691 1692
f 1690 1692 1693
f 1694 1695 1696
f 1694 1696 1697
g wall
f 1688 1687 1698
f 1688 1698 1699
g ceiling
f 1689 1688 1699
f 1689 1699 1700
g wall
f 1701 1685 1689
f 1701 1689 1700
g ground
f 1702 1703 1704
f 1702 1704 1705
g wall
f 1705 1704 1706
f 1705 1706 1707
g ceiling
f 1707 1706 1708
f 1707 1708 1709
g wall
f 1706 1704 1703
f 1706 1703 1708
f 1702 1705 1707
f 1702 1707 1709
f 1710 1711 1712
f 1710 1712 1713
g ground
f 1714 1711 1710
f 1714 1710 1715
g wall
f 1715 1710 1713
f 1715 1713 1716
f 1712 1711 1714
f 1712 1714 1717
f 1718 1719 1720
f 1718 1720 1721
f 1721 1720 1722
f 1721 1722 1723
g ground
f 1722 1720 1719
f 1722 1719 1724
g wall
f 1724 1719 1718
f 1724 1718 1725
g ceiling
f 1718 1721 1723
f 1718 1723 1725
g wall
f 1726 1727 1728
f 1726 1728 1729
g ceiling
f 1729 1728 1730
f 1729 1730 1731
g wall
f 1732 1733 1734
f 1732 1734 1735
f 1736 1737 1738
f 1736 1738 1739
f 1736 1739 1740
f 1736 1740 1700
f 1738 1737 1741
f 1738 1741 1742
f 1743 1744 1745
f 1743 1745 1746
f 1745 1744 1699
f 1745 1699 1747
f 1743 1746 1748
f 1743 1748 1749
g ground
f 1750 1668 1669
f 1750 1669 1751
g wall
f 1752 1750 1751
f 1752 1751 1753
g ceiling
f 1754 1755 1752
f 1754 1752 1753
g ground
f 1756 1757 1462
f 1756 1462 1758
g wall
f 1759 1760 1761
f 1759 1761 1762
g ground
f 1763 1759 1762
f 1764 1765 1766
g wall
f 1767 1765 1764
f 1767 1764 1768
f 1762 1761 1768
f 1762 1768 1764
g ground
f 1762 1764 1763
f 1763 1765 1458
f 1763 1458 1459
g wall
f 1460 1458 1765
f 1460 1765 1767
g ground
f 1759 1763 1769
f 1759 1769 1770
f 1771 1772 1770
f 1771 1770 1773
g wall
f 1772 1771 1774
f 1772 1774 1775
g ground
f 1772 1759 1770
g wall
f 1776 1777 1775
f 1776 1775 1760
f 1778 1779 1780
f 1778 1780 1781
f 1782 1783 1779
f 1782 1779 1778
f 1784 1785 1783
f 1784 1783 1782
f 1781 1780 1785
f 1781 1785 1784
g ceiling
f 1782 1778 1781
f 1782 1781 1784
g wall
f 1786 1787 428
f 1786 428 427
f 430 433 1788
f 430 1788 1789
g ceiling
f 1786 427 430
f 1786 430 1789
g wall
f 1790 1791 1792
f 1790 1792 1793
g ground
f 1794 1795 1791
f 1794 1791 1790
g wall
f 1795 1796 1792
f 1795 1792 1791
g ceiling
f 1796 1797 1793
f 1796 1793 1792
g wall
f 1797 1794 1790
f 1797 1790 1793
f 1797 1796 1795
f 1797 1795 1794
f 1798 1799 1800
f 1798 1800 1801
f 1802 1803 1799
f 1802 1799 1798
f 1801 1800 1789
f 1801 1789 1804
g ceiling
f 1802 1798 1801
f 1802 1801 1804
g wall
f 1805 1806 1807
f 1805 1807 1808
f 1809 1810 1806
f 1809 1806 1805
f 1811 1810 1809
f 1811 1809 1812
f 1808 1807 1811
f 1808 1811 1812
f 1813 1814 1815
f 1813 1815 1816
g ground
f 1817 1818 1814
f 1817 1814 1813
g wall
f 1818 1819 1815
f 1818 1815 1814
g ceiling
f 1819 1820 1816
f 1819 1816 1815
g wall
f 1820 1817 1813
f 1820 1813 1816
f 1820 1819 1818
f 1820 1818 1817
f 1814 1821 1822
f 1814 1822 1815
g ground
f 1818 1823 1821
f 1818 1821 1814
g wall
f 1823 1824 1822
f 1823 1822 1821
g ceiling
f 1824 1819 1815
f 1824 1815 1822
g wall
f 1819 1818 1814
f 1819 1814 1815
f 1819 1824 1823
f 1819 1823 1818
f 1825 1826 1827
f 1825 1827 1828
f 1829 1830 1831
f 1829 1831 1832
f 1833 1834 1835
f 1833 1835 1836
f 1837 1838 1839
f 1837 1839 1840
g ceiling
f 1833 1836 1837
f 1833 1837 1840
g ground
f 1841 1842 1843
f 1841 1843 1844
g wall
f 1806 1842 1841
f 1806 1841 1807
f 1810 1843 1842
f 1810 1842 1806
f 1811 1844 1843
f 1811 1843 1810
f 1807 1841 1844
f 1807 1844 1811
f 1845 1846 1835
f 1847 1848 1834
f 1846 1845 1848
f 1846 1848 1847
g ceiling
f 1835 1846 1847
f 1835 1847 1834
g ground
f 1849 1848 1845
f 1849 1845 1850
g wall
f 1851 1825 1828
f 1851 1828 1852
f 1853 1829 1832
f 1853 1832 1854
f 1855 1856 1801
f 1855 1801 1857
f 1858 1859 1856
f 1858 1856 1855
f 1857 1801 1804
f 1857 1804 1860
f 1861 1790 1793
f 1861 1793 1862
g ground
f 1863 1794 1790
f 1863 1790 1861
g wall
f 1794 1797 1793
f 1794 1793 1790
g ceiling
f 1797 1864 1862
f 1797 1862 1793
g wall
f 1864 1863 1861
f 1864 1861 1862
f 1864 1797 1794
f 1864 1794 1863
f 1865 1866 1842
f 1867 1868 1843
f 1866 1865 1868
f 1866 1868 1867
g ground
f 1843 1868 1865
f 1843 1865 1842
g wall
f 1869 1870 1871
f 1869 1871 1872
f 1873 1874 1870
f 1873 1870 1869
f 1875 1876 1874
f 1875 1874 1873
f 1872 1871 1876
f 1872 1876 1875
f 1870 1805 1808
f 1870 1808 1871
f 1874 1809 1805
f 1874 1805 1870
f 1876 1812 1809
f 1876 1809 1874
f 1871 1808 1812
f 1871 1812 1876
g ground
f 1877 1878 1879
f 1877 1879 1875
g wall
f 1880 1878 1877
f 1880 1877 1881
f 1882 1879 1878
f 1882 1878 1880
f 1883 1875 1879
f 1883 1879 1882
f 1881 1877 1875
f 1881 1875 1883
g ceiling
f 1882 1880 1881
f 1882 1881 1883
g wall
f 1884 1885 1781
f 1884 1781 1886
f 1887 1888 1885
f 1887 1885 1884
f 1889 1784 1888
f 1889 1888 1887
f 1886 1781 1784
f 1886 1784 1889
g ground
f 1853 1890 1891
f 1853 1891 1854
g wall
f 1892 1891 1890
f 1892 1890 1893
f 1894 1853 1854
f 1894 1854 1895
g ceiling
f 1892 1893 1894
f 1892 1894 1895
g wall
f 1896 1897 1898
f 1896 1898 1899
f 1830 1785 1800
f 1830 1800 1831
g ceiling
f 1896 1899 1830
f 1896 1830 1831
g ground
f 1900 1901 1902
f 1900 1902 1903
g wall
f 1787 1902 1901
f 1787 1901 428
f 433 1900 1903
f 433 1903 1788
f 1904 1905 1906
f 1904 1906 1907
f 1908 1909 1910
f 1908 1910 1911
f 1912 719 722
f 1912 722 1913
f 1914 723 726
f 1914 726 1886
f 1905 1915 1916
f 1905 1916 1906
f 1909 1917 1918
f 1909 1918 1910
f 1919 1920 1921
f 1919 1921 1922
f 1917 1923 1780
f 1917 1780 1918
g ceiling
f 1919 1922 1917
f 1919 1917 1918
g wall
f 1924 1925 1926
f 1924 1926 1927
f 1928 1929 1925
f 1928 1925 1924
f 1930 1923 1929
f 1930 1929 1928
f 1927 1926 1923
f 1927 1923 1930
g ceiling
f 1928 1924 1927
f 1928 1927 1930
g wall
f 1931 1932 1927
f 1931 1927 1933
f 1934 1935 1932
f 1934 1932 1931
f 1914 1930 1935
f 1914 1935 1934
f 1933 1927 1930
f 1933 1930 1914
f 1936 1937 1938
f 1936 1938 1939
f 1940 1941 1926
f 1940 1926 1942
g ceiling
f 1936 1939 1940
f 1936 1940 1942
g wall
f 1943 1944 1945
f 1943 1945 1946
f 1947 1940 1942
f 1947 1942 1948
f 1949 1943 1946
f 1949 1946 1950
f 1951 1947 1948
f 1951 1948 1952
f 1953 1949 1950
f 1953 1950 1954
f 1955 1951 1952
f 1955 1952 1933
f 1956 1957 1958
f 1956 1958 1959
f 1960 1961 1957
f 1960 1957 1956
f 1955 1962 1961
f 1955 1961 1960
f 1959 1958 1962
f 1959 1962 1955
f 1963 1964 1965
f 1963 1965 1958
f 1966 1967 1964
f 1966 1964 1963
f 1962 1941 1967
f 1962 1967 1966
f 1958 1965 1941
f 1958 1941 1962
g ceiling
f 1966 1963 1958
f 1966 1958 1962
g wall
f 1968 1969 1970
f 1968 1970 1971
f 1889 1894 1895
f 1889 1895 1857
g ground
f 1908 1972 1973
f 1908 1973 1911
g wall
f 1974 1973 1972
f 1974 1972 1975
f 724 1908 1911
f 724 1911 725
g ceiling
f 1974 1975 724
f 1974 724 725
g wall
f 1976 1977 1978
f 1976 1978 1979
f 1980 1981 1982
f 1980 1982 1983
f 1984 1985 1986
f 1984 1986 1987
f 1988 1989 1990
f 1988 1990 1959
f 1991 1976 1979
f 1991 1979 1992
f 1993 1980 1983
f 1993 1983 1994
g ground
f 1993 1995 1996
f 1993 1996 1994
g wall
f 1997 1996 1995
f 1997 1995 1998
f 1989 1993 1994
f 1989 1994 1990
g ceiling
f 1997 1998 1989
f 1997 1989 1990
g wall
f 1999 2000 2001
f 1999 2001 2002
f 2003 2004 2000
f 2003 2000 1999
f 1988 2005 2004
f 1988 2004 2003
f 2002 2001 2005
f 2002 2005 1988
f 2006 2007 2008
f 2006 2008 2001
f 2009 2010 2007
f 2009 2007 2006
f 2005 2011 2010
f 2005 2010 2009
f 2001 2008 2011
f 2001 2011 2005
g ceiling
f 2009 2006 2001
f 2009 2001 2005
g wall
f 2012 2013 2014
f 2012 2014 2015
f 1981 2011 1965
f 1981 1965 1982
g ceiling
f 2012 2015 1981
f 2012 1981 1982
g wall
f 2016 2017 2018
f 2016 2018 2019
f 2020 2021 2008
f 2020 2008 2022
g ceiling
f 2016 2019 2020
f 2016 2020 2022
g wall
f 2023 2024 435
f 2023 435 436
f 2025 2021 2024
f 2025 2024 2023
f 425 430 2021
f 425 2021 2025
g ceiling
f 2023 436 425
f 2023 425 2025
g wall
f 2026 2027 470
f 2026 470 456
f 2028 2025 2027
f 2028 2027 2026
f 454 425 2025
f 454 2025 2028
f 2029 2030 2031
f 2029 2031 2032
f 2033 2020 2022
f 2033 2022 2034
f 2035 2029 2032
f 2035 2032 2036
f 2037 2033 2034
f 2037 2034 2038
g ground
f 2037 2039 2040
f 2037 2040 2038
g wall
f 2041 2040 2039
f 2041 2039 2042
f 2043 2037 2038
f 2043 2038 2044
g ceiling
f 2041 2042 2043
f 2041 2043 2044
g wall
f 2045 2046 2047
f 2045 2047 2048
f 2028 2043 2044
f 2028 2044 2002
f 2049 2050 2051
f 2049 2051 2052
f 2053 2054 2055
f 2053 2055 2056
f 2050 2057 2058
f 2050 2058 2051
f 2054 2059 2060
f 2054 2060 2055
f 2061 2062 2063
f 2061 2063 2056
f 1902 2064 2062
f 1902 2062 2061
f 2056 2063 2065
f 2056 2065 1903
f 2066 2067 2068
f 2066 2068 2069
f 2070 2071 2067
f 2070 2067 2066
f 2053 2072 2071
f 2053 2071 2070
f 2069 2068 2072
f 2069 2072 2053
f 2073 2074 2075
f 2073 2075 2063
f 2076 2077 2074
f 2076 2074 2073
f 2063 2075 1840
f 2063 1840 2065
g ceiling
f 2076 2073 2063
f 2076 2063 2065
g wall
f 2078 2079 2080
f 2078 2080 2081
f 2059 2082 2075
f 2059 2075 2060
g ceiling
f 2078 2081 2059
f 2078 2059 2060
g wall
f 2083 2084 2085
f 2083 2085 2068
f 2086 2087 2084
f 2086 2084 2083
f 2072 2082 2087
f 2072 2087 2086
f 2068 2085 2082
f 2068 2082 2072
g ceiling
f 2086 2083 2068
f 2086 2068 2072
g wall
f 2088 2089 2090
f 2088 2090 2091
f 2092 2093 2085
f 2092 2085 2094
g ceiling
f 2088 2091 2092
f 2088 2092 2094
g wall
f 2095 2096 2097
f 2095 2097 2098
f 2099 2100 2096
f 2099 2096 2095
f 2101 2102 2100
f 2101 2100 2099
f 2098 2097 2102
f 2098 2102 2101
f 2103 2104 2105
f 2103 2105 2106
f 2107 2092 2094
f 2107 2094 2108
f 2109 2110 2111
f 2109 2111 2112
f 2113 2114 2115
f 2113 2115 2116
f 2117 2118 2119
f 2117 2119 2120
f 2114 2121 2122
f 2114 2122 2115
g ceiling
f 2117 2120 2114
f 2117 2114 2115
g wall
f 2123 2124 2122
f 2123 2122 2097
f 2125 2126 2124
f 2125 2124 2123
f 2102 2093 2126
f 2102 2126 2125
f 2097 2122 2093
f 2097 2093 2102
g ceiling
f 2125 2123 2097
f 2125 2097 2102
g wall
f 2127 2109 2112
f 2127 2112 2128
f 2129 2113 2116
f 2129 2116 2098
f 2130 2103 2106
f 2130 2106 2131
f 2101 2107 2108
f 2101 2108 2069
f 2132 2133 2134
f 2132 2134 2135
f 2136 2137 2138
f 2136 2138 2139
g ceiling
f 2132 2135 2136
f 2132 2136 2139
g wall
f 2140 2141 2138
f 2140 2138 2142
f 2143 2144 2141
f 2143 2141 2140
f 2145 2121 2144
f 2145 2144 2143
f 2142 2138 2121
f 2142 2121 2145
g ceiling
f 2143 2140 2142
f 2143 2142 2145
g wall
f 2146 2147 2148
f 2146 2148 2149
f 2150 2151 2152
f 2150 2152 2153
g ceiling
f 2146 2149 2150
f 2146 2150 2153
g wall
f 2154 2155 2152
f 2154 2152 2156
f 2157 2158 2155
f 2157 2155 2154
f 2159 2137 2158
f 2159 2158 2157
f 2156 2152 2137
f 2156 2137 2159
g ceiling
f 2157 2154 2156
f 2157 2156 2159
g wall
f 2160 2161 2162
f 2160 2162 2163
f 2164 2151 2161
f 2164 2161 2160
f 2165 1837 2151
f 2165 2151 2164
g ceiling
f 2160 2163 2165
f 2160 2165 2164
g wall
f 2166 2167 2168
f 2166 2168 2169
f 2170 2150 2153
f 2170 2153 2171
f 2172 2173 2174
f 2172 2174 2175
f 2176 2136 2139
f 2176 2139 2177
f 2178 2172 2175
f 2178 2175 2179
f 2180 2176 2177
f 2180 2177 2181
f 2182 2183 2142
f 2182 2142 2181
f 2184 2185 2183
f 2184 2183 2182
f 2129 2145 2185
f 2129 2185 2184
f 2181 2142 2145
f 2181 2145 2129
f 2186 2187 2156
f 2186 2156 2188
f 2189 2190 2187
f 2189 2187 2186
f 2180 2159 2190
f 2180 2190 2189
f 2188 2156 2159
f 2188 2159 2180
f 2191 2166 2169
f 2191 2169 2192
f 2193 2170 2171
f 2193 2171 2188
f 2194 2195 2196
f 2194 2196 1901
f 2193 2164 2195
f 2193 2195 2194
f 1900 2165 2164
f 1900 2164 2193
f 2197 2198 2199
f 2197 2199 2200
g ground
f 2200 2199 2201
f 2200 2201 2202
g wall
f 2199 2198 2203
f 2199 2203 2201
g ceiling
f 2198 2197 2204
f 2198 2204 2203
g wall
f 2197 2200 2202
f 2197 2202 2204
f 2202 2201 2203
f 2202 2203 2204
f 2205 2197 2200
f 2205 2200 2206
g ground
f 2206 2200 2202
f 2206 2202 2207
g wall
f 2200 2197 2204
f 2200 2204 2202
g ceiling
f 2197 2205 2208
f 2197 2208 2204
g wall
f 2205 2206 2207
f 2205 2207 2208
f 2207 2202 2204
f 2207 2204 2208
f 2209 2210 2211
f 2212 2213 2214
f 2213 2212 2210
f 2213 2210 2209
g ground
f 2211 2210 2212
f 2211 2212 2214
f 2211 2215 2216
f 2211 2216 2214
g wall
f 2217 2215 2211
f 2217 2211 2218
f 2218 2211 2214
f 2218 2214 2219
f 2219 2214 2216
f 2219 2216 2220
f 2217 2218 2221
f 2217 2221 2222
f 2221 2218 2219
f 2221 2219 2223
f 2223 2219 2220
f 2223 2220 2224
f 652 2222 2221
f 652 2221 429
f 429 2221 2223
f 429 2223 2225
f 2225 2223 2224
f 2225 2224 2226
f 450 429 2225
f 450 2225 2227
f 2227 2225 2228
f 2227 2228 339
g ceiling
f 459 450 2227
f 459 2227 339
g ground
f 2229 2230 2231
f 2229 2231 2232
g wall
f 2233 2229 2232
f 2233 2232 2234
g ceiling
f 2235 2236 2233
f 2235 2233 2234
g ground
f 340 2237 2238
f 340 2238 2229
g wall
f 1087 2237 340
f 1087 340 336
f 2239 2238 2237
f 2239 2237 1087
f 2233 2229 2238
f 2233 2238 2239
f 336 340 2229
f 336 2229 2233
g ceiling
f 2239 1087 336
f 2239 336 2233
g ground
f 2240 2241 2242
f 2240 2242 2243
g wall
f 2244 2240 2243
f 2244 2243 2245
g ground
f 2246 2247 2248
f 2246 2248 2249
g wall
f 2250 2246 2249
f 2250 2249 2251
g ground
f 2252 2253 2254
f 2252 2254 2255
g wall
f 2256 2252 2255
f 2256 2255 2257
g ground
f 2258 2259 2260
f 2258 2260 2261
g wall
f 2262 2258 2261
f 2262 2261 2263
g ground
f 2264 2265 2266
f 2264 2266 2267
g wall
f 2268 2264 2267
f 2268 2267 2269
g ground
f 2270 2271 2272
f 2270 2272 2273
g wall
f 2274 2270 2273
f 2274 2273 2275
g ground
f 2276 2277 2278
f 2276 2278 2279
g wall
f 2280 2276 2279
f 2280 2279 2281
f 2282 2283 2284
f 2282 2284 2285
f 2282 2285 2231
g ground
f 2283 2282 2276
f 2283 2276 2286
g wall
f 2286 2276 2277
f 2286 2277 2287
f 2286 2287 2244
f 2284 2283 2286
f 2284 2286 2244
g ground
f 2282 2231 2277
f 2282 2277 2276
g wall
f 2279 2288 2245
f 2279 2245 2289
f 2279 2289 2278
g ground
f 2288 2279 2290
f 2288 2290 2291
g wall
f 2291 2290 2230
f 2291 2230 2292
f 2291 2292 2293
f 2245 2288 2291
f 2245 2291 2293
g ground
f 2279 2278 2230
f 2279 2230 2290
g wall
f 2294 2295 2296
f 2294 2296 2297
f 2298 2299 2295
f 2298 2295 2294
g ground
f 1406 1068 1069
f 1406 1069 1407
g wall
f 1072 1068 1406
f 1072 1406 1408
f 2300 2301 2302
f 2300 2302 2303
f 2304 2295 2301
f 2304 2301 2300
g ceiling
f 2303 2305 2304
f 2303 2304 2300
g wall
f 2306 2307 2303
f 2306 2303 2308
f 2309 2310 2307
f 2309 2307 2306
f 2311 2312 2313
f 2311 2313 2314
f 2315 2316 2312
f 2315 2312 2311
f 2317 2312 2318
f 2317 2318 2319
g ceiling
f 2320 2321 2317
f 2320 2317 2319
g wall
f 2322 2323 2324
f 2322 2324 2325
f 2326 2327 2323
f 2326 2323 2322
f 2328 2318 2327
f 2328 2327 2326
f 2325 2324 2318
f 2325 2318 2328
f 2329 2330 2331
f 2329 2331 2332
f 2333 2334 2299
f 2333 2299 2298
f 2335 2336 2334
f 2335 2334 2333
f 2337 2338 2334
f 2337 2334 2339
g ceiling
f 2340 2341 2337
f 2340 2337 2339
g wall
f 2342 2338 2343
f 2342 2343 2344
f 2345 2346 2338
f 2345 2338 2342
f 2347 2348 2349
f 2347 2349 2350
f 2351 2352 2316
f 2351 2316 2315
f 2353 2354 2352
f 2353 2352 2351
f 2355 2356 2352
f 2355 2352 2357
g ceiling
f 2358 2359 2355
f 2358 2355 2357
g wall
f 2360 2356 2361
f 2360 2361 2362
f 2363 2364 2356
f 2363 2356 2360
f 2365 2366 2367
f 2365 2367 2368
f 2369 2370 2371
f 2369 2371 2372
g ceiling
f 2373 2374 2369
f 2373 2369 2372
g wall
f 2375 2371 2346
f 2375 2346 2345
f 2376 2377 2371
f 2376 2371 2375
f 2378 2379 2380
f 2378 2380 2381
g ceiling
f 2382 2383 2378
f 2382 2378 2381
g wall
f 2384 2380 2364
f 2384 2364 2363
f 2385 2386 2380
f 2385 2380 2384
f 2387 2388 2389
f 2387 2389 2390
f 2391 2392 2393
f 2391 2393 2394
g ground
f 2395 2396 2397
f 2395 2397 2398
g wall
f 2399 2396 2395
f 2399 2395 2400
f 2401 2397 2396
f 2401 2396 2399
f 2402 2398 2397
f 2402 2397 2401
f 2400 2395 2398
f 2400 2398 2402
g ceiling
f 2399 2400 2402
f 2399 2402 2401
g ground
f 2403 2404 2405
f 2403 2405 2406
g wall
f 15 2404 2403
f 15 2403 6
f 43 2405 2404
f 43 2404 15
f 31 2406 2405
f 31 2405 43
f 6 2403 2406
f 6 2406 31
f 2407 2408 2409
f 2407 2409 2410
f 2411 2412 2413
f 2411 2413 2414
f 2410 2409 2412
f 2410 2412 2411
f 2415 2416 2417
f 2415 2417 2418
f 2419 2420 2421
f 2419 2421 2422
g ceiling
f 2419 2422 2415
f 2419 2415 2418
g wall
f 2423 2323 2424
f 2423 2424 2425
g ceiling
f 2425 2426 2320
f 2425 2320 2423
g wall
f 2427 2428 2429
f 2427 2429 2430
f 2404 2431 2432
f 2404 2432 2433
f 2434 2424 2431
f 2434 2431 2404
f 2435 2436 2424
f 2435 2424 2434
g ground
f 2437 2438 2439
f 2437 2439 2440
g wall
f 2438 2437 2441
f 2438 2441 2442
g ceiling
f 2443 2444 2442
f 2443 2442 2441
g ground
f 2445 2446 2447
f 2445 2447 2448
g wall
f 2446 2445 2449
f 2446 2449 2450
g ceiling
f 2418 2415 2450
f 2418 2450 2449
g wall
f 2449 2451 2452
f 2449 2452 2443
f 2419 2453 2451
f 2419 2451 2449
f 2454 2455 2453
f 2454 2453 2419
g ceiling
f 2454 2419 2449
f 2454 2449 2443
g wall
f 2451 2456 2457
f 2451 2457 2452
f 2453 2420 2456
f 2453 2456 2451
f 2455 2458 2420
f 2455 2420 2453
g ground
f 2459 1432 2460
g ceiling
f 2441 2461 2462
g ground
f 2463 2464 2465
g ceiling
f 2466 2467 2468
g ground
f 2460 2469 2470
g wall
f 2469 2460 2462
f 2469 2462 2471
g ceiling
f 2471 2462 2461
g ground
f 2469 2472 2465
g wall
f 2472 2469 2471
f 2472 2471 2473
g ceiling
f 2466 2473 2471
g ground
f 2465 2459 2469
g ceiling
f 2461 2466 2471
g ground
f 2474 2475 2476
g ceiling
f 2462 2471 2477
g ground
f 2478 2479 2474
g ceiling
f 1421 1440 2471
g ground
f 2480 2481 2474
g ceiling
f 2471 2473 2482
g wall
f 2483 2484 2485
f 2483 2485 2486
f 2487 2488 2489
f 2487 2489 2490
f 2444 2491 2410
f 2444 2410 2450
f 2422 2411 2492
f 2422 2492 2493
f 2450 2410 2411
f 2450 2411 2422
g ceiling
f 2422 2493 2444
f 2422 2444 2450
g ground
f 2494 2495 2496
f 2494 2496 2497
f 2498 2497 2499
f 2495 2500 2501
f 2501 2496 2495
f 2502 2503 2494
f 2504 2505 2506
f 2504 2506 2507
g wall
f 2507 2506 2508
f 2507 2508 2509
g ceiling
f 2509 2508 2510
f 2509 2510 2511
g ground
f 2512 2513 2505
f 2512 2505 2504
g ceiling
f 2511 2510 2514
f 2511 2514 2515
g ground
f 2504 2507 2516
g wall
f 2516 2507 2509
f 2516 2509 2517
g ceiling
f 2517 2509 2511
g ground
f 2516 2518 1234
f 2516 1234 2512
f 2516 2512 2504
g wall
f 2519 2518 2516
f 2519 2516 2517
g ceiling
f 2519 2517 2511
f 2519 2511 2515
f 2519 2515 1235
g ground
f 2513 1220 1219
f 2513 1219 2520
f 2513 2520 2505
g wall
f 2520 1219 1221
f 2520 1221 2521
g ceiling
f 2521 1221 1223
f 2521 1223 2514
f 2521 2514 2510
g ground
f 2520 2506 2505
g wall
f 2506 2520 2521
f 2506 2521 2508
g ceiling
f 2508 2521 2510
g ground
f 1529 1082 1085
f 1529 1085 1530
g wall
f 1531 1530 1085
f 1531 1085 1086
g ceiling
f 1531 1086 1088
f 1531 1088 1532
g wall
f 2522 2523 2524
f 2522 2524 2525
f 2526 1510 1481
f 2526 1481 2527
f 2528 2529 2530
f 2528 2530 2531
f 2532 2533 2534
f 2532 2534 2535
f 2536 2537 2538
f 2536 2538 2539
f 1507 2540 2541
f 1507 2541 1482
f 2527 2526 2542
f 2527 2542 2543
f 2543 2542 2544
f 2543 2544 2545
f 2533 2526 2527
f 2533 2527 2534
f 2545 2544 2533
f 2545 2533 2534
f 2535 2532 2546
f 2535 2546 2547
f 2547 2546 2548
f 2547 2548 2549
f 2540 2532 2535
f 2540 2535 2541
f 2549 2548 2540
f 2549 2540 2541
f 2550 2551 2552
f 2550 2552 2553
f 2554 2555 2551
f 2554 2551 2550
f 2556 2557 2555
f 2556 2555 2554
f 2553 2552 2557
f 2553 2557 2556
f 2558 2559 2560
f 2558 2560 2457
f 2458 2561 2562
f 2458 2562 2421
g ceiling
f 2458 2421 2558
f 2458 2558 2457
g wall
f 326 2563 2564
f 326 2564 2565
f 2564 2563 2566
f 2564 2566 587
f 2567 587 2566
f 2567 2566 2568
f 2568 326 2565
f 2568 2565 2567
f 2563 2569 2570
f 2563 2570 2566
f 2566 2570 2571
f 2566 2571 2568
f 334 326 2568
f 334 2568 2571
f 2569 2572 2573
f 2569 2573 2570
f 2570 2573 2574
f 2570 2574 2571
f 315 334 2571
f 315 2571 2574
f 2572 258 2575
f 2572 2575 2576
f 2572 2576 2573
g ground
f 2575 258 253
f 2575 253 2577
g wall
f 2574 2573 2578
f 2574 2578 2579
f 2580 2577 253
f 2580 253 315
f 2580 315 2574
f 2576 2581 2582
f 2576 2582 2583
g ceiling
f 2576 2583 2584
f 2576 2584 2580
g wall
f 2585 2580 2586
f 2585 2586 2587
f 2588 2583 2582
f 2588 2582 2589
g ceiling
f 2583 2588 2590
f 2583 2590 2584
g wall
f 2591 2587 2586
f 2591 2586 2590
f 2589 2592 2593
f 2589 2593 2588
g ceiling
f 2590 2588 2593
f 2590 2593 2594
g wall
f 2594 2595 2591
f 2594 2591 2590
f 2581 2575 2596
f 2581 2596 2592
g ground
f 2596 2575 2577
f 2596 2577 2597
g wall
f 2595 2597 2577
f 2595 2577 2585
f 2592 2596 2598
f 2592 2598 2599
g ground
f 2598 2596 2597
f 2598 2597 2600
g wall
f 2601 2600 2597
f 2601 2597 2595
f 2593 2592 2602
f 2593 2602 2603
g ceiling
f 2594 2593 2603
f 2594 2603 2604
g wall
f 2605 2595 2594
f 2605 2594 2604
f 2602 2606 2607
f 2602 2607 2603
g ceiling
f 2604 2603 2607
f 2604 2607 2608
g wall
f 2604 2608 2609
f 2604 2609 2605
f 2599 2610 2607
f 2599 2607 2606
g ceiling
f 2608 2607 2610
f 2608 2610 2611
g wall
f 2611 2601 2609
f 2611 2609 2608
f 2612 2598 2613
f 2612 2613 2614
f 2612 2614 2615
g ground
f 2616 2613 2598
f 2616 2598 2600
g wall
f 2617 2610 2615
f 2617 2615 2618
f 2619 2616 2600
f 2619 2600 2611
f 2619 2611 2618
f 2614 2620 2621
f 2614 2621 2615
f 2618 2615 2621
f 2618 2621 2622
f 2623 2619 2618
f 2623 2618 2622
f 2620 2624 2625
f 2620 2625 2621
f 2622 2621 2625
f 2622 2625 2626
f 2627 2623 2622
f 2627 2622 2626
f 2625 2624 2628
f 2625 2628 586
f 2626 2625 586
f 2626 586 2629
f 2629 2630 2627
f 2629 2627 2626
g ground
f 2631 2632 2633
f 2631 2633 2634
g wall
f 2635 2634 2633
f 2635 2633 2636
g ceiling
f 2637 2638 2635
f 2637 2635 2636
g ground
f 1602 1605 2639
f 1602 2639 2640
g wall
f 2641 2640 2639
f 2641 2639 2642
g ceiling
f 2641 2642 2643
f 2641 2643 2644
g ground
f 2645 2646 2647
f 2645 2647 2648
g wall
f 2649 2648 2647
f 2649 2647 2650
g ceiling
f 2650 2651 2652
f 2650 2652 2649
g wall
f 2653 1668 2654
f 2653 2654 2655
f 2654 1668 1669
f 2654 1669 2656
f 2656 1669 2657
f 2656 2657 90
g ceiling
f 2655 2654 2656
f 2655 2656 90
g ground
f 2658 2659 2660
f 2658 2660 2661
g wall
f 2662 2658 2661
f 2662 2661 2663
g ground
f 2664 2665 2666
f 2664 2666 2667
g wall
f 2667 2666 2668
f 2667 2668 2669
f 2667 2669 2670
f 2671 2664 2667
f 2671 2667 2670
g ground
f 2665 2672 2668
f 2665 2668 2666
g wall
f 2673 2674 2675
f 2673 2675 2676
f 2673 2676 2677
g ground
f 2674 2673 2678
f 2674 2678 2679
g wall
f 2675 2674 2679
f 2675 2679 2680
g ground
f 2673 2677 2681
f 2673 2681 2678
f 2682 2683 2684
f 2682 2684 2685
g wall
f 2686 2682 2685
f 2686 2685 2687
g ground
f 2688 2689 2690
f 2688 2690 2691
g wall
f 2692 2688 2691
f 2692 2691 2693
g ground
f 2694 2695 2696
f 2694 2696 2697
g wall
f 2698 2694 2697
f 2698 2697 2699
g ground
f 2700 2701 2702
f 2700 2702 2703
g wall
f 2670 2700 2703
f 2670 2703 2675
g ground
f 2704 2705 2706
f 2704 2706 2707
g wall
f 2708 2704 2707
f 2708 2707 2709
g ground
f 2710 2711 2712
f 2710 2712 2713
g wall
f 2714 2710 2713
f 2714 2713 2715
g ground
f 1605 1626 2716
f 1605 2716 2639
g wall
f 2642 2639 2716
f 2642 2716 2717
g ceiling
f 2718 2643 2642
f 2718 2642 2717
g ground
f 1627 2719 2720
f 1627 2720 2721
g wall
f 2722 2721 2720
f 2722 2720 2723
g ceiling
f 2723 2724 2725
f 2723 2725 2722
g wall
f 2726 1626 1627
f 2726 1627 2727
g ceiling
f 2728 2726 2727
f 2728 2727 2729
g wall
f 2729 1624 1625
f 2729 1625 2728
g ground
f 1626 2730 2731
f 1626 2731 2716
g wall
f 2717 2716 2731
f 2717 2731 2732
g ceiling
f 2717 2732 2733
f 2717 2733 2718
g ground
f 2734 2735 1627
f 2734 1627 2721
g wall
f 2736 2734 2721
f 2736 2721 2722
g ceiling
f 2725 2737 2736
f 2725 2736 2722
g wall
f 2738 2739 1634
f 2738 1634 2740
g ceiling
f 1638 2741 2738
f 1638 2738 2740
g ground
f 1620 1623 1642
f 1620 1642 2742
g wall
f 2743 2742 1642
f 2743 1642 1645
g ceiling
f 1648 2744 2743
f 1648 2743 1645
g ground
f 1678 2745 2746
f 1678 2746 2747
g wall
f 2748 2747 2746
f 2748 2746 2749
f 2750 1678 2747
f 2750 2747 2748
g ceiling
f 2749 2751 2750
f 2749 2750 2748
g wall
f 2752 2753 2754
f 2752 2754 2755
f 2756 2750 2753
f 2756 2753 2752
g ceiling
f 2755 2757 2756
f 2755 2756 2752
g ground
f 2758 1679 2759
f 2758 2759 2760
g wall
f 2761 2760 2759
f 2761 2759 2762
g ceiling
f 2761 2762 2763
f 2761 2763 2764
g wall
f 2765 2766 2767
f 2765 2767 2768
g ceiling
f 2765 2768 2769
f 2765 2769 2770
g ground
f 1679 1620 2742
f 1679 2742 2759
g wall
f 2762 2759 2742
f 2762 2742 2743
g ceiling
f 2762 2743 2744
f 2762 2744 2763
g wall
f 2768 2767 2739
f 2768 2739 2771
g ceiling
f 2768 2771 2741
f 2768 2741 2769
g ground
f 1630 2772 2773
f 1630 2773 1628
g wall
f 1632 1628 2773
f 1632 2773 2774
g ground
f 2775 2773 2772
g wall
f 2774 2773 2775
f 2774 2775 2776
g ground
f 1584 1585 2777
g wall
f 2777 1585 1586
f 2777 1586 2778
g ground
f 2772 1584 2777
f 2772 2777 2775
g wall
f 2775 2777 2778
f 2775 2778 2776
g ground
f 2772 2779 2780
f 2772 2780 1584
f 2781 2782 2783
f 2781 2783 2784
g wall
f 2785 2786 2782
f 2785 2782 2781
f 2785 2781 2787
f 2785 2787 2788
f 2789 2790 2786
f 2789 2786 2785
g ceiling
f 2788 2787 2791
f 2788 2791 2792
g ground
f 2783 2782 2786
f 2783 2786 2790
g ceiling
f 2792 2789 2785
f 2792 2785 2788
g ground
f 2784 2793 2794
f 2784 2794 2781
g wall
f 2781 2794 2795
f 2781 2795 2796
f 2781 2796 2797
f 2781 2797 2787
f 2796 2795 2798
f 2796 2798 2799
g ceiling
f 2787 2797 2800
f 2787 2800 2791
g ground
f 2795 2794 2793
f 2795 2793 2798
g ceiling
f 2797 2796 2799
f 2797 2799 2800
g wall
f 2801 2802 2803
f 2801 2803 2804
f 2804 2803 2805
f 2804 2805 2806
g ground
f 2805 2803 2802
f 2805 2802 2807
g wall
f 2807 2802 2801
f 2807 2801 2808
f 2806 2805 2807
f 2806 2807 2808
f 2809 2810 2811
f 2809 2811 2812
f 2813 2814 2815
f 2813 2815 2816
f 2816 2815 2811
f 2816 2811 2810
g ground
f 2812 2811 2815
f 2812 2815 2814
g ceiling
f 2810 2809 2813
f 2810 2813 2816
g wall
f 2809 2812 2814
f 2809 2814 2813
f 2817 2818 2819
f 2817 2819 2820
f 2821 1559 97
f 2821 97 101
f 2820 2819 2821
f 2820 2821 101
f 2822 2823 1477
f 2822 1477 103
f 1477 2823 1547
f 1477 1547 1118
g ceiling
f 103 1477 1118
f 103 1118 104
g wall
f 1118 1547 2824
f 1118 2824 104
f 2824 2822 103
f 2824 103 104
f 2825 2826 2827
f 2825 2827 2828
f 2829 2830 2831
f 2829 2831 2832
g ceiling
f 2827 2826 2829
f 2827 2829 2832
g wall
f 2833 2834 2835
f 2833 2835 2836
f 2837 2838 2839
f 2837 2839 2840
f 2836 2835 2839
f 2836 2839 2838
g ground
f 2835 2834 2840
f 2835 2840 2839
g wall
f 2837 2840 2834
f 2837 2834 2833
g ceiling
f 2838 2837 2833
f 2838 2833 2836
g wall
f 2841 2842 2843
f 2841 2843 2844
f 2845 2846 2847
f 2845 2847 2848
f 2847 2846 2842
f 2847 2842 2841
g ground
f 2846 2845 2843
f 2846 2843 2842
g wall
f 2844 2843 2845
f 2844 2845 2848
g ceiling
f 2841 2844 2848
f 2841 2848 2847
g wall
f 2849 2850 2851
f 2849 2851 2852
f 2853 2854 2855
f 2853 2855 2856
g ceiling
f 2849 2852 2855
f 2849 2855 2854
g wall
f 2857 2858 2859
f 2857 2859 2860
f 2861 2862 2863
f 2861 2863 2864
f 2859 2858 2862
f 2859 2862 2861
g ground
f 2863 2862 2858
f 2863 2858 2857
g ceiling
f 2861 2864 2860
f 2861 2860 2859
g wall
f 2864 2863 2857
f 2864 2857 2860
f 2865 2866 2867
f 2865 2867 2868
g ground
f 2869 2867 2866
f 2869 2866 2870
g wall
f 2868 2867 2869
f 2868 2869 2871
f 2871 2869 2870
f 2871 2870 2872
f 2862 2873 2874
f 2862 2874 2861
f 2874 2873 2875
f 2874 2875 2876
f 2815 2862 2861
f 2815 2861 2816
f 2876 2875 2815
f 2876 2815 2816
f 2877 2819 2822
f 2877 2822 2878
g ceiling
f 2839 2846 2877
f 2839 2877 2878
g wall
f 2824 2821 2846
f 2824 2846 2839
g ground
f 2879 2864 2813
f 2879 2813 2880
g wall
f 2881 2879 2880
f 2881 2880 2882
f 2813 2864 139
f 2813 139 2883
g ground
f 2884 2837 2838
f 2884 2838 2885
g wall
f 2886 2884 2885
f 2886 2885 2887
g ceiling
f 2830 2831 2886
f 2830 2886 2887
g wall
f 2838 2837 2831
f 2838 2831 2830
g ground
f 2888 2847 2848
f 2888 2848 2889
g wall
f 2890 2888 2889
f 2890 2889 2891
g ceiling
f 2856 2853 2890
f 2856 2890 2891
g wall
f 2848 2847 2853
f 2848 2853 2856
f 2892 2893 2894
f 2892 2894 2882
f 2894 2893 2840
f 2894 2840 147
f 147 2840 2814
f 147 2814 2883
f 2814 2892 2882
f 2814 2882 2883
f 2895 2896 2881
f 2895 2881 2897
f 2881 2896 2863
f 2881 2863 139
f 139 2863 2845
f 139 2845 2898
f 2845 2895 2897
f 2845 2897 2898
g ground
f 2899 2900 2901
g wall
f 2902 2900 2899
f 2902 2899 2903
f 2904 2905 2906
f 2904 2906 2907
g ceiling
f 2908 2902 2903
g wall
f 2491 2909 2408
f 2491 2408 2407
f 2414 2413 2910
f 2414 2910 2492
g ground
f 1598 2911 2912
f 1598 2912 1595
g wall
f 2913 2911 1598
f 2913 1598 1600
g ground
f 2914 2915 2916
f 2914 2916 2917
f 2918 2919 322
g wall
f 2919 2918 2920
f 2919 2920 2921
g ground
f 2919 2922 323
f 2919 323 322
g wall
f 2923 2922 2919
f 2923 2919 2921
f 322 323 2565
f 322 2565 2924
g ground
f 322 327 2925
f 322 2925 2926
g wall
f 2926 2925 2927
f 2926 2927 2928
f 2929 327 322
f 2929 322 2924
g ceiling
f 2928 2927 2929
f 2928 2929 2924
g ground
f 2926 2918 322
g wall
f 2920 2918 2926
f 2920 2926 2928
g ground
f 2930 2931 2932
f 2930 2932 2914
f 2933 2934 2935
f 2933 2935 2936
g wall
f 2936 2935 2937
f 2936 2937 2938
g ceiling
f 2938 2939 2940
f 2938 2940 268
g ground
f 2941 2942 2943
f 2941 2943 2944
g wall
f 2943 2942 2945
f 2943 2945 2946
g ground
f 2943 2947 2944
g wall
f 2948 2947 2943
f 2948 2943 2946
g ground
f 2949 2950 2944
g wall
f 2950 2949 2951
f 2950 2951 2952
g ground
f 2953 2954 2955
f 2953 2955 2956
g wall
f 2954 2953 2957
f 2954 2957 2958
f 2956 2955 2959
f 2956 2959 2960
g ceiling
f 2960 2961 2958
f 2960 2958 2957
g ground
f 257 2933 2936
f 257 2936 2962
g wall
f 2962 2936 2938
f 2962 2938 2961
g ceiling
f 2961 2938 268
f 2961 268 253
g wall
f 2963 2964 2965
f 2963 2965 2966
f 705 2967 2964
f 705 2964 2963
f 2929 2968 2967
f 2929 2967 705
f 2966 2965 2968
f 2966 2968 2929
g ceiling
f 2929 705 2963
f 2929 2963 2966
g wall
f 2964 2969 2970
f 2964 2970 2965
f 2967 2971 2969
f 2967 2969 2964
f 2968 2972 2971
f 2968 2971 2967
g ground
f 2970 2969 2971
f 2970 2971 2972
f 2972 2973 2974
f 2972 2974 2935
g wall
f 2937 2935 2974
f 2937 2974 2975
g ceiling
f 2976 2940 2937
f 2976 2937 2975
g wall
f 2977 2978 2979
f 2977 2979 2927
f 2977 2927 2980
g ground
f 2978 2977 2981
f 2978 2981 2982
g ceiling
f 705 2927 2979
f 705 2979 2983
g wall
f 2982 2981 2984
f 2982 2984 705
f 2982 705 2983
f 2979 2978 2982
f 2979 2982 2983
g ground
f 2977 2980 2984
f 2977 2984 2981
f 2985 2986 2987
f 2985 2987 2988
g wall
f 2989 2985 2988
f 2989 2988 2990
g ceiling
f 2991 2992 2989
f 2991 2989 2990
g ground
f 2993 2994 2995
f 2993 2995 2996
g wall
f 2992 2993 2996
f 2992 2996 2991
g ceiling
f 716 706 2992
f 716 2992 2991
g ground
f 2997 2998 2999
f 2997 2999 3000
g wall
f 706 2997 3000
f 706 3000 716
f 3001 3002 3003
f 3001 3003 717
f 3001 717 3004
g ground
f 3002 3001 3005
f 3002 3005 2911
g ceiling
f 3006 717 3003
f 3006 3003 2913
g wall
f 2911 3005 3007
f 2911 3007 3006
f 2911 3006 2913
f 3003 3002 2911
f 3003 2911 2913
g ground
f 3001 3004 3007
f 3001 3007 3005
f 2911 3008 3009
f 2911 3009 2912
g ceiling
f 3010 3011 3006
f 3010 3006 2913
g wall
f 3012 3013 3014
f 3012 3014 3015
f 3016 3017 2973
f 3016 2973 3018
f 3015 3014 3017
f 3015 3017 3016
g ground
f 3014 3013 2973
f 3014 2973 3017
g wall
f 3019 3012 3015
f 3019 3015 3020
f 717 3016 3018
f 717 3018 3011
f 3020 3015 3016
f 3020 3016 717
g ceiling
f 717 3011 3019
f 717 3019 3020
g wall
f 3021 3014 2969
f 3021 2969 3022
f 3023 2971 3017
f 3023 3017 3024
g ground
f 2969 3014 3017
f 2969 3017 2971
g ceiling
f 3023 3024 3021
f 3023 3021 3022
g wall
f 3025 3026 3027
f 3025 3027 3028
f 712 3029 3030
f 712 3030 711
g ceiling
f 712 711 3025
f 712 3025 3028
g wall
f 3031 3021 3022
f 3031 3022 3032
f 3033 3034 3035
f 3033 3035 3036
g ceiling
f 3033 3036 3031
f 3033 3031 3032
g wall
f 3020 3031 3026
f 3020 3026 3025
f 713 3037 3036
f 713 3036 718
f 3025 3026 3037
f 3025 3037 713
g ceiling
f 713 718 3020
f 713 3020 3025
g wall
f 3028 3027 3032
f 3028 3032 2963
f 710 3038 3027
f 710 3027 3028
f 709 3033 3038
f 709 3038 710
g ceiling
f 709 710 3028
f 709 3028 2963
g ground
f 3039 3040 3041
f 3039 3041 3042
g wall
f 3040 3039 3043
f 3040 3043 3044
f 3045 3042 3041
f 3045 3041 3046
g ceiling
f 3044 3043 3045
f 3044 3045 3046
g ground
f 3047 3048 3049
f 3047 3049 3050
g wall
f 3051 3050 3049
f 3051 3049 3052
f 3053 3047 3050
f 3053 3050 3051
g ceiling
f 3051 3052 3054
f 3051 3054 3053
g ground
f 3055 3056 3057
f 3055 3057 3058
g wall
f 3056 3055 3059
f 3056 3059 3060
g ceiling
f 2616 3061 3060
f 2616 3060 3062
g ground
f 3063 3064 3065
g wall
f 3066 3064 3063
f 3066 3063 3067
f 3068 3065 3069
f 3068 3069 3070
g ceiling
f 3068 3066 3067
g ground
f 3071 3072 3073
g wall
f 3074 3073 3072
f 3074 3072 3075
f 3075 3072 3071
f 3075 3071 3076
g ceiling
f 3074 3075 3076
g wall
f 3077 3078 3079
f 3077 3079 3080
f 3081 3082 3083
f 3081 3083 3084
f 3084 3083 3078
f 3084 3078 3077
f 3080 3079 3082
f 3080 3082 3081
g ceiling
f 3077 3080 3081
f 3077 3081 3084
g wall
f 3085 3086 3087
f 3085 3087 3088
f 3089 3090 3091
f 3089 3091 3092
f 3092 3091 3086
f 3092 3086 3085
f 3088 3087 3090
f 3088 3090 3089
g ceiling
f 3085 3088 3089
f 3085 3089 3092
g wall
f 3093 3094 3095
f 3093 3095 3096
f 3097 3098 3099
f 3097 3099 3100
f 3100 3099 3094
f 3100 3094 3093
f 3096 3095 3098
f 3096 3098 3097
g ceiling
f 3093 3096 3097
f 3093 3097 3100
g wall
f 3101 3102 3103
f 3101 3103 3104
f 3105 3106 3101
f 3105 3101 3104
f 3107 3108 3109
f 3107 3109 3110
f 3111 3112 3108
f 3111 3108 3107
f 3110 3109 3113
f 3110 3113 3114
f 3115 3109 3101
f 3115 3101 3116
g ceiling
f 3115 3116 3117
f 3115 3117 3118
g wall
f 3119 3104 3110
f 3119 3110 3120
g ground
f 3121 3122 3119
f 3121 3119 3120
g wall
f 3123 3124 3125
f 3123 3125 3126
f 3127 3128 3129
f 3127 3129 3130
g ceiling
f 3127 3130 3131
f 3127 3131 3132
g wall
f 3133 3134 3130
f 3133 3130 3135
f 3136 3137 3134
f 3136 3134 3133
f 3138 3127 3139
f 3138 3139 3140
f 3140 3139 3141
f 3140 3141 3142
f 3143 3138 3135
f 3143 3135 3144
g ground
f 3145 3146 3135
f 3145 3135 3138
f 1018 3147 3148
f 1018 3148 3149
g wall
f 3150 3148 3147
f 3150 3147 3151
f 3152 3149 3148
f 3152 3148 3150
f 1022 1018 3149
f 1022 3149 3152
g ceiling
f 3152 3150 3151
f 3152 3151 1022
g ground
f 3153 3154 3155
f 3153 3155 3156
g wall
f 3157 3154 3153
f 3157 3153 3158
g ground
f 3159 3160 3161
f 3159 3161 3162
g wall
f 3163 3160 3159
f 3163 3159 3164
g ground
f 3165 3166 3167
f 3165 3167 3168
g wall
f 3169 3166 3165
f 3169 3165 3170
g ground
f 3171 3172 3173
f 3171 3173 3174
g wall
f 3175 3172 3171
f 3175 3171 3176
g ground
f 3177 3178 3179
f 3177 3179 3180
g wall
f 3181 3178 3177
f 3181 3177 3182
g ground
f 3183 3184 3185
f 3183 3185 3186
g wall
f 3187 3184 3183
f 3187 3183 3188
g ground
f 3189 3190 3191
f 3189 3191 3192
g wall
f 3193 3190 3189
f 3193 3189 3194
g ground
f 3195 3196 3197
f 3195 3197 3198
g wall
f 3199 3196 3195
f 3199 3195 3200
g ground
f 3201 3202 3203
f 3201 3203 3204
g wall
f 3205 3202 3201
f 3205 3201 3206
g ground
f 3207 3208 3209
f 3207 3209 3210
g wall
f 3211 3208 3207
f 3211 3207 3212
g ground
f 3213 3214 3215
f 3213 3215 3216
g wall
f 3217 3214 3213
f 3217 3213 3218
g ground
f 3219 3220 3221
f 3219 3221 3222
g wall
f 3223 3220 3219
f 3223 3219 3224
g ground
f 3225 3226 3227
f 3225 3227 3228
g wall
f 3229 3226 3225
f 3229 3225 3230
g ground
f 3231 3232 3233
f 3231 3233 3234
g wall
f 2488 3232 3231
f 2488 3231 3235
f 3236 3234 3233
f 3236 3233 3237
g ceiling
f 2488 3235 3236
f 2488 3236 3237
g wall
f 3238 3239 3240
f 3238 3240 3241
f 3242 3243 3239
f 3242 3239 3238
f 3244 3245 3243
f 3244 3243 3242
f 3246 3247 3248
f 3246 3248 3238
f 3249 3250 3251
f 3249 3251 3252
f 3247 3253 3239
f 3247 3239 3248
f 3254 3243 3255
f 3254 3255 3256
g ceiling
f 3247 3248 3254
f 3247 3254 3256
g wall
f 3257 3258 3253
f 3257 3253 3246
f 3259 3255 3260
f 3259 3260 3261
f 3246 3253 3255
f 3246 3255 3259
f 3262 3263 3258
f 3262 3258 3257
f 3264 3265 3263
f 3264 3263 3262
f 3261 3260 3265
f 3261 3265 3264
f 3266 3267 3263
f 3266 3263 3268
f 3269 3265 3270
f 3269 3270 3271
g ceiling
f 3266 3268 3269
f 3266 3269 3271
g wall
f 3272 3266 3268
f 3272 3268 3262
f 3273 3274 3275
f 3273 3275 3276
f 3232 3277 3267
f 3232 3267 3272
f 3278 3279 3277
f 3278 3277 3232
f 3280 3270 3279
f 3280 3279 3278
f 3272 3267 3270
f 3272 3270 3280
g ground
f 3281 3282 3283
f 3281 3283 3284
g wall
f 3277 3282 3281
f 3277 3281 3285
f 3286 3283 3282
f 3286 3282 3277
f 3287 3284 3283
f 3287 3283 3286
g ceiling
f 3277 3285 3287
f 3277 3287 3286
g ground
f 3288 3289 3290
g wall
f 3291 3292 3289
f 3291 3289 3288
f 3292 3293 3290
f 3292 3290 3289
f 3293 3291 3288
f 3293 3288 3290
g ceiling
f 3293 3292 3291
g ground
f 3294 3295 3296
f 3294 3296 3297
g wall
f 3298 3297 3296
f 3298 3296 3299
f 3299 3296 3295
f 3299 3295 3300
f 3300 3295 3294
f 3300 3294 3301
f 3301 3294 3297
f 3301 3297 3298
g ground
f 3302 3303 3304
f 3302 3304 3305
g wall
f 3304 3303 3306
f 3304 3306 3307
f 3308 3302 3305
f 3308 3305 3309
g ground
f 3310 3311 3312
f 3310 3312 3313
g wall
f 3312 3311 3314
f 3312 3314 3315
g ceiling
f 3315 3314 3316
f 3315 3316 3317
g wall
f 3316 3310 3313
f 3316 3313 3317
f 3318 3319 3320
f 3318 3320 3321
f 3321 3320 3322
f 3321 3322 3323
f 3323 3322 3324
f 3323 3324 3325
f 3325 3324 3319
f 3325 3319 3318
g ground
f 3326 3327 3328
f 3326 3328 3329
g wall
f 3330 3329 3328
f 3330 3328 3331
f 3331 3328 3327
f 3331 3327 3332
f 3332 3327 3326
f 3332 3326 3333
f 3333 3326 3329
f 3333 3329 3330
g ground
f 3334 3335 3336
f 3334 3336 3337
g wall
f 3336 3335 3338
f 3336 3338 3339
g ceiling
f 3339 3338 3340
f 3339 3340 3341
g wall
f 3340 3334 3337
f 3340 3337 3341
f 3342 3343 3344
f 3342 3344 3345
f 3345 3344 3346
f 3345 3346 3347
f 3347 3346 3348
f 3347 3348 3349
f 3349 3348 3343
f 3349 3343 3342
g ground
f 3350 3351 3352
f 3350 3352 3353
g wall
f 3352 3351 3354
f 3352 3354 3355
f 3356 3350 3353
f 3356 3353 3357
g ground
f 3358 3359 3360
f 3358 3360 3361
g wall
f 3362 3361 3360
f 3362 3360 3363
f 3363 3360 3359
f 3363 3359 3364
f 3364 3359 3358
f 3364 3358 3365
f 3365 3358 3361
f 3365 3361 3362
g ground
f 3366 3367 3368
f 3366 3368 3369
g wall
f 3368 3367 3370
f 3368 3370 3371
g ceiling
f 3371 3370 3372
f 3371 3372 3373
g wall
f 3372 3366 3369
f 3372 3369 3373
f 3374 3375 3376
f 3374 3376 3377
f 3377 3376 3378
f 3377 3378 3379
f 3379 3378 3380
f 3379 3380 3381
f 3381 3380 3375
f 3381 3375 3374
g ground
f 3382 3383 3384
f 3382 3384 3385
g wall
f 3384 3383 3386
f 3384 3386 3387
f 3388 3382 3385
f 3388 3385 3389
g ground
f 3390 3391 3392
f 3390 3392 3393
g wall
f 3394 3393 3392
f 3394 3392 3395
f 3395 3392 3391
f 3395 3391 3396
f 3396 3391 3390
f 3396 3390 3397
f 3397 3390 3393
f 3397 3393 3394
g ground
f 3398 3399 3400
f 3398 3400 3401
g wall
f 3400 3399 3402
f 3400 3402 3403
f 3404 3398 3401
f 3404 3401 3405
g ground
f 3406 3407 3408
f 3406 3408 3409
g wall
f 3408 3407 3410
f 3408 3410 3411
g ceiling
f 3411 3410 3412
f 3411 3412 3413
g wall
f 3412 3406 3409
f 3412 3409 3413
g ground
f 3414 3415 3416
f 3414 3416 3417
g wall
f 3418 3417 3416
f 3418 3416 3419
f 3419 3416 3415
f 3419 3415 3420
f 3420 3415 3414
f 3420 3414 3421
f 3421 3414 3417
f 3421 3417 3418
g ground
f 3422 3423 3424
f 3422 3424 3425
g wall
f 3425 3424 3426
f 3425 3426 3427
f 3428 3423 3422
f 3428 3422 3429
g ground
f 3430 3431 3432
f 3430 3432 3433
g wall
f 3433 3432 3434
f 3433 3434 3435
g ceiling
f 3434 3436 3437
f 3434 3437 3435
g wall
f 3436 3431 3430
f 3436 3430 3437
g ground
f 3438 3439 3440
f 3438 3440 3441
g wall
f 3441 3440 3442
f 3441 3442 3443
f 3444 3439 3438
f 3444 3438 3445
g ground
f 3446 3447 3448
f 3446 3448 3449
g wall
f 3449 3448 3450
f 3449 3450 3451
g ceiling
f 3450 3452 3453
f 3450 3453 3451
g wall
f 3452 3447 3446
f 3452 3446 3453
g ground
f 3454 3455 3456
f 3454 3456 3457
g wall
f 3458 3459 3455
f 3458 3455 3454
f 3459 3460 3456
f 3459 3456 3455
f 3460 3461 3457
f 3460 3457 3456
f 3461 3458 3454
f 3461 3454 3457
g ceiling
f 3461 3460 3459
f 3461 3459 3458
g ground
f 3462 3463 3464
f 3462 3464 3465
g wall
f 3466 3467 3463
f 3466 3463 3462
f 3467 3468 3464
f 3467 3464 3463
f 3468 3469 3465
f 3468 3465 3464
f 3469 3466 3462
f 3469 3462 3465
g ceiling
f 3469 3468 3467
f 3469 3467 3466
g ground
f 3470 3471 3472
f 3470 3472 3473
g wall
f 3474 3475 3471
f 3474 3471 3470
f 3475 3476 3472
f 3475 3472 3471
f 3476 3477 3473
f 3476 3473 3472
f 3477 3474 3470
f 3477 3470 3473
g ceiling
f 3477 3476 3475
f 3477 3475 3474
g wall
f 3225 3153 3478
f 3225 3478 3479
f 3225 3479 3228
g ground
f 3153 3225 3480
f 3153 3480 3481
g wall
f 3481 3480 3482
f 3481 3482 1021
f 3481 1021 3483
f 3478 3153 3481
f 3478 3481 3483
g ground
f 3480 3225 3228
f 3480 3228 3482
g wall
f 3484 3485 3486
f 3484 3486 3487
f 3488 3489 3485
f 3488 3485 3484
f 3490 3491 3489
f 3490 3489 3488
g ceiling
f 3484 3487 3490
f 3484 3490 3488
g ground
f 3486 3485 3489
f 3486 3489 3491
g wall
f 3489 3492 3493
f 3489 3493 3494
f 3491 3495 3492
f 3491 3492 3489
f 3494 3493 3496
f 3494 3496 3497
f 3493 3498 3499
f 3493 3499 3494
f 3500 3496 3497
f 3500 3497 3501
g ground
f 3498 3493 3496
f 3498 3496 3500
g ceiling
f 3494 3499 3501
f 3494 3501 3497
g wall
f 3499 3498 3500
f 3499 3500 3501
f 3497 3496 3493
f 3497 3493 3494
g ground
f 3502 3503 3504
f 3502 3504 3505
g wall
f 3505 3504 3506
f 3505 3506 3507
f 3508 3503 3502
f 3508 3502 3509
g ground
f 3510 3511 3512
f 3510 3512 3513
g wall
f 3513 3512 3514
f 3513 3514 3515
g ceiling
f 3515 3514 3516
f 3515 3516 3517
g wall
f 3516 3511 3510
f 3516 3510 3517
g ground
f 3518 3519 3520
f 3518 3520 3521
g wall
f 3522 3519 3518
f 3522 3518 3523
f 3523 3518 3521
f 3523 3521 3524
f 3524 3521 3520
f 3524 3520 3525
f 3525 3520 3519
f 3525 3519 3522
g ground
f 3526 3527 3528
f 3526 3528 3529
g wall
f 3529 3528 3530
f 3529 3530 3531
g ceiling
f 3531 3530 3532
f 3531 3532 3533
g wall
f 3532 3527 3526
f 3532 3526 3533
g ground
f 3534 3535 3536
f 3534 3536 3537
g wall
f 3537 3536 3538
f 3537 3538 3539
f 3540 3535 3534
f 3540 3534 3541
f 3542 3543 3544
f 3542 3544 3545
f 3545 3544 3546
f 3545 3546 3547
f 3547 3546 3548
f 3547 3548 3549
f 3549 3548 3543
f 3549 3543 3542
g ground
f 3550 3551 3552
f 3550 3552 3553
g wall
f 3553 3552 3554
f 3553 3554 3555
g ceiling
f 3555 3554 3556
f 3555 3556 3557
g wall
f 3556 3551 3550
f 3556 3550 3557
f 3558 3559 3560
f 3558 3560 3561
f 3561 3560 3562
f 3561 3562 3563
f 3563 3562 3564
f 3563 3564 3565
f 3565 3564 3559
f 3565 3559 3558
g ground
f 3566 3567 3568
f 3566 3568 3569
g wall
f 3569 3568 3570
f 3569 3570 3571
f 3572 3567 3566
f 3572 3566 3573
g ground
f 3574 3575 3576
f 3574 3576 3577
g wall
f 3578 3575 3574
f 3578 3574 3579
f 3579 3574 3577
f 3579 3577 3580
f 3580 3577 3576
f 3580 3576 3581
f 3581 3576 3575
f 3581 3575 3578
g ground
f 3582 3583 3584
f 3582 3584 3585
g wall
f 3585 3584 3586
f 3585 3586 3587
g ceiling
f 3587 3586 3588
f 3587 3588 3589
g wall
f 3588 3583 3582
f 3588 3582 3589
f 3590 3591 3592
f 3590 3592 3593
f 3593 3592 3594
f 3593 3594 3595
f 3595 3594 3596
f 3595 3596 3597
f 3597 3596 3591
f 3597 3591 3590
g ground
f 3598 3599 3600
f 3598 3600 3601
g wall
f 3601 3600 3602
f 3601 3602 3603
f 3604 3599 3598
f 3604 3598 3605
g ground
f 3606 3607 3608
f 3606 3608 3609
g wall
f 3610 3607 3606
f 3610 3606 3611
f 3611 3606 3609
f 3611 3609 3612
f 3612 3609 3608
f 3612 3608 3613
f 3613 3608 3607
f 3613 3607 3610
g ground
f 3614 3615 3616
f 3614 3616 3617
g wall
f 3617 3616 3618
f 3617 3618 3619
g ceiling
f 3619 3618 3620
f 3619 3620 3621
g wall
f 3620 3615 3614
f 3620 3614 3621
f 3622 3623 3624
f 3622 3624 3625
f 3625 3624 3626
f 3625 3626 3627
f 3627 3626 3628
f 3627 3628 3629
f 3629 3628 3623
f 3629 3623 3622
g ground
f 3630 3631 3632
f 3630 3632 3633
g wall
f 3633 3632 3634
f 3633 3634 3635
f 3636 3631 3630
f 3636 3630 3637
g ground
f 3638 3639 3640
f 3638 3640 3641
g wall
f 3642 3639 3638
f 3642 3638 3643
f 3643 3638 3641
f 3643 3641 3644
f 3644 3641 3640
f 3644 3640 3645
f 3645 3640 3639
f 3645 3639 3642
g ground
f 3646 3647 3648
f 3646 3648 3649
g wall
f 3649 3648 3650
f 3649 3650 3651
g ceiling
f 3651 3650 3652
f 3651 3652 3653
g wall
f 3652 3647 3646
f 3652 3646 3653
f 3654 3655 3656
f 3654 3656 3657
f 3657 3656 3658
f 3657 3658 3659
f 3659 3658 3660
f 3659 3660 3661
f 3661 3660 3655
f 3661 3655 3654
g ground
f 3662 3663 3664
f 3662 3664 3665
g wall
f 3665 3664 3666
f 3665 3666 3667
f 3668 3663 3662
f 3668 3662 3669
g ground
f 3670 3671 3672
f 3670 3672 3673
g wall
f 3674 3671 3670
f 3674 3670 3675
f 3675 3670 3673
f 3675 3673 3676
f 3676 3673 3672
f 3676 3672 3677
f 3677 3672 3671
f 3677 3671 3674
g ground
f 3678 3679 3680
f 3678 3680 3681
g wall
f 3682 3679 3678
f 3682 3678 3683
f 3683 3678 3681
f 3683 3681 3684
f 3684 3681 3680
f 3684 3680 3685
f 3685 3680 3679
f 3685 3679 3682
g ground
f 3686 3687 1771
f 3686 1771 1773
g wall
f 1774 1771 3687
f 1774 3687 3688
g ground
f 3689 3687 3686
g wall
f 3688 3687 3689
f 3688 3689 3690
f 3691 3692 3690
f 3691 3690 3693
g ground
f 3694 3689 3686
g wall
f 3695 3696 3692
f 3695 3692 3694
g ground
f 3686 3695 3694
f 3040 3695 3686
f 3040 3686 3041
g wall
f 3696 3695 3040
f 3696 3040 3044
g ceiling
f 3046 3697 3696
f 3046 3696 3044
g ground
f 3698 3699 3700
f 3698 3700 3701
g wall
f 3702 3700 3699
f 3702 3699 3703
f 3704 3705 3700
f 3704 3700 3702
g ceiling
f 3702 3703 3706
f 3702 3706 3704
g wall
f 3707 3708 3703
f 3707 3703 3709
f 3710 3711 3708
f 3710 3708 3707
g ceiling
f 3707 3709 3712
f 3707 3712 3710
g ground
f 3713 3698 3705
f 3713 3705 3714
g wall
f 3715 3714 3705
f 3715 3705 3704
g ceiling
f 3706 3716 3715
f 3706 3715 3704
g wall
f 3717 3718 3711
f 3717 3711 3710
g ceiling
f 3712 3719 3717
f 3712 3717 3710
g ground
f 3720 3721 3699
f 3720 3699 3698
g wall
f 3722 3721 3720
f 3722 3720 3723
f 3724 3699 3721
f 3724 3721 3722
f 3725 3698 3699
f 3725 3699 3724
f 3723 3720 3698
f 3723 3698 3725
g ground
f 3726 3727 3721
f 3726 3721 3720
g wall
f 3728 3721 3727
f 3728 3727 3729
f 3730 3726 3720
f 3730 3720 3731
g ceiling
f 3728 3729 3730
f 3728 3730 3731
g ground
f 3732 3733 3727
f 3732 3727 3726
g wall
f 3734 3733 3732
f 3734 3732 3735
f 3736 3727 3733
f 3736 3733 3734
f 3737 3726 3727
f 3737 3727 3736
f 3735 3732 3726
f 3735 3726 3737
f 3722 3728 3729
f 3722 3729 3736
f 3738 3739 3740
f 3738 3740 3741
g ground
f 3742 3724 3743
f 3742 3743 3744
g wall
f 3745 3724 3742
f 3745 3742 3746
f 3747 3743 3724
f 3747 3724 3745
f 3748 3744 3743
f 3748 3743 3747
f 3746 3742 3744
f 3746 3744 3748
g ceiling
f 3745 3746 3748
f 3745 3748 3747
g wall
f 3749 3750 3751
f 3749 3751 3752
f 3753 3745 3750
f 3753 3750 3749
f 3754 3755 3745
f 3754 3745 3753
f 3752 3751 3755
f 3752 3755 3754
f 3756 3750 3757
f 3756 3757 3758
f 3759 3760 3751
f 3759 3751 3761
g ceiling
f 3756 3758 3759
f 3756 3759 3761
g wall
f 3749 3756 3758
f 3749 3758 3762
f 3763 3764 3765
f 3763 3765 3766
g ground
f 3767 3753 3768
f 3767 3768 3769
g wall
f 3770 3753 3767
f 3770 3767 3771
f 3772 3768 3753
f 3772 3753 3770
f 3773 3769 3768
f 3773 3768 3772
f 3771 3767 3769
f 3771 3769 3773
g ceiling
f 3770 3771 3773
f 3770 3773 3772
g wall
f 3774 3775 3776
f 3774 3776 3777
f 3778 3775 3774
f 3778 3774 3779
f 3780 3778 3779
f 3780 3779 3781
f 3782 3771 3783
f 3782 3783 3784
f 3785 3770 3771
f 3785 3771 3782
f 3776 3770 3785
f 3776 3785 3786
g ground
f 3777 3774 3787
f 3777 3787 3788
g wall
f 3788 3787 3789
f 3788 3789 3784
f 3790 3774 3777
f 3790 3777 3786
f 3789 3787 3774
f 3789 3774 3790
g ceiling
f 3784 3789 3790
f 3784 3790 3786
g wall
f 3791 3792 3793
f 3791 3793 3794
f 3795 3796 3797
f 3795 3797 3798
f 3799 3800 3796
f 3799 3796 3795
f 3686 3801 3800
f 3686 3800 3799
f 3798 3797 3801
f 3798 3801 3686
f 3802 3803 3804
f 3802 3804 3805
f 3806 3807 3803
f 3806 3803 3802
f 3808 3809 3807
f 3808 3807 3806
f 3805 3804 3809
f 3805 3809 3808
g ground
f 3810 3811 3812
f 3810 3812 3813
g wall
f 3814 3813 3812
f 3814 3812 3815
f 3816 3810 3813
f 3816 3813 3814
g ceiling
f 3814 3815 3817
f 3814 3817 3816
g wall
f 3818 3819 3820
f 3818 3820 3821
f 3822 3816 3819
f 3822 3819 3818
g ceiling
f 3818 3821 3823
f 3818 3823 3822
g ground
f 3713 3810 3824
f 3713 3824 3825
g wall
f 3742 3810 3713
f 3742 3713 3826
f 3827 3824 3810
f 3827 3810 3742
f 3828 3825 3824
f 3828 3824 3827
f 3826 3713 3825
f 3826 3825 3828
f 3767 3746 3829
f 3767 3829 3830
f 3831 3832 3746
f 3831 3746 3767
f 3833 3834 3832
f 3833 3832 3831
f 3830 3829 3834
f 3830 3834 3833
g ground
f 3835 3836 3837
f 3835 3837 3838
g wall
f 3839 3840 3836
f 3839 3836 3835
f 3840 3841 3837
f 3840 3837 3836
f 3841 3842 3838
f 3841 3838 3837
f 3842 3839 3835
f 3842 3835 3838
g ceiling
f 3842 3841 3840
f 3842 3840 3839
g wall
f 3783 3843 3787
f 3783 3787 3788
f 3787 3843 3844
f 3787 3844 3845
f 3845 3844 3846
f 3845 3846 3847
f 3848 3782 3849
f 3848 3849 3850
f 195 3851 3852
f 195 3852 3853
f 3850 3849 3851
f 3850 3851 195
g ceiling
f 3853 3848 3850
f 3853 3850 195
g ground
f 3854 3855 3856
f 3854 3856 3857
g wall
f 3858 3855 3854
f 3858 3854 3859
f 3860 3856 3855
f 3860 3855 3858
f 3861 3857 3856
f 3861 3856 3860
f 3859 3854 3857
f 3859 3857 3861
f 3858 3862 3863
f 3858 3863 3827
f 3864 3865 3866
f 3864 3866 3867
f 3734 3868 3869
f 3734 3869 3860
f 3870 3871 3872
f 3870 3872 3873
g ground
f 3857 3856 3733
f 3857 3733 3732
g wall
f 3868 3733 3856
f 3868 3856 3869
f 3874 3857 3732
f 3874 3732 3875
g ceiling
f 3868 3869 3874
f 3868 3874 3875
g ground
f 3825 3824 3855
f 3825 3855 3854
g wall
f 3862 3855 3824
f 3862 3824 3863
f 3876 3825 3854
f 3876 3854 3877
g ceiling
f 3862 3863 3876
f 3862 3876 3877
g wall
f 3878 3879 3880
f 3878 3880 3881
f 3882 3883 3879
f 3882 3879 3878
f 3884 3885 3883
f 3884 3883 3882
f 3881 3880 3885
f 3881 3885 3884
f 3886 3887 3888
f 3886 3888 3889
f 3890 3891 3887
f 3890 3887 3886
f 3892 3893 3891
f 3892 3891 3890
f 3889 3888 3893
f 3889 3893 3892
f 3886 3894 3895
f 3886 3895 3831
f 3896 3897 3898
f 3896 3898 3899
f 3900 3901 3902
f 3900 3902 3890
f 3903 3904 3905
f 3903 3905 3906
f 3900 3907 3908
f 3900 3908 3909
f 3762 3757 3907
f 3762 3907 3900
f 3910 3760 3757
f 3910 3757 3762
f 3909 3908 3760
f 3909 3760 3910
f 3894 3887 3832
f 3894 3832 3895
f 3911 3834 3888
f 3911 3888 3912
g ceiling
f 3894 3895 3911
f 3894 3911 3912
g wall
f 3901 3907 3891
f 3901 3891 3902
f 3913 3893 3908
f 3913 3908 3914
g ceiling
f 3901 3902 3913
f 3901 3913 3914
g ground
f 3686 1773 3041
g ceiling
f 210 3697 3046
g ground
f 3915 3916 3917
f 3915 3917 3918
f 3915 3918 3919
g wall
f 195 3916 3915
f 195 3915 3920
f 3921 3922 3041
f 3921 3041 3046
f 3923 3924 244
f 3923 244 221
g ceiling
f 3925 3853 221
f 3925 221 244
g wall
f 244 3924 3926
f 244 3926 3925
f 3927 3928 236
f 3927 236 246
g ceiling
f 3929 3925 246
f 3929 246 236
g wall
f 3930 3931 201
f 3930 201 231
g ceiling
f 3932 3933 231
f 3932 231 201
g wall
f 3933 3934 3930
f 3933 3930 231
g ground
f 3935 3936 3937
f 3935 3937 3938
g wall
f 3939 3937 3936
f 3939 3936 3940
f 3941 3935 3938
f 3941 3938 1020
g ceiling
f 1020 3939 3940
f 1020 3940 3941
g ground
f 3942 3943 3944
g ceiling
f 3945 3939 3946
g ground
f 3947 3948 3949
f 3947 3949 3942
g ceiling
f 3946 3950 3951
f 3946 3951 3952
g ground
f 3944 3953 3954
g ceiling
f 3940 3945 3955
g ground
f 3947 3942 3956
g ceiling
f 3957 3946 3952
g ground
f 3958 3949 3948
f 3958 3948 3959
g ceiling
f 3950 3960 3961
f 3950 3961 3951
g ground
f 3959 3962 1769
f 3959 1769 3958
g ceiling
f 3960 3963 3850
f 3960 3850 3961
g ground
f 3964 3965 3966
f 3964 3966 3967
g wall
f 3968 3969 3965
f 3968 3965 3964
f 3969 3970 3966
f 3969 3966 3965
f 3970 3971 3967
f 3970 3967 3966
f 3971 3968 3964
f 3971 3964 3967
g ceiling
f 3971 3970 3969
f 3971 3969 3968
g ground
f 3972 3973 3974
f 3972 3974 3975
g wall
f 3976 3977 3973
f 3976 3973 3972
f 3977 3978 3974
f 3977 3974 3973
f 3978 3979 3975
f 3978 3975 3974
f 3979 3976 3972
f 3979 3972 3975
g ceiling
f 3979 3978 3977
f 3979 3977 3976
g ground
f 3980 3981 3982
f 3980 3982 3983
g wall
f 3984 3985 3986
f 3984 3986 3987
f 3988 3989 3990
f 3988 3990 3991
f 3988 3991 3981
f 3988 3981 3980
f 3988 3980 3985
f 3988 3985 3984
f 3992 3993 3991
f 3992 3991 3990
f 3994 3995 3987
f 3994 3987 3986
f 3994 3986 3983
f 3994 3983 3982
f 3994 3982 3993
f 3994 3993 3992
g ceiling
f 3989 3988 3995
f 3989 3995 3994
g wall
f 3986 3985 3980
f 3986 3980 3983
g ground
f 3982 3981 3991
f 3982 3991 3993
g ceiling
f 3994 3992 3990
f 3994 3990 3989
g wall
f 3995 3988 3984
f 3995 3984 3987
g ground
f 3996 3997 3998
f 3996 3998 3999
g wall
f 4000 4001 3997
f 4000 3997 3996
f 4001 4002 3998
f 4001 3998 3997
f 4002 4003 3999
f 4002 3999 3998
f 4003 4000 3996
f 4003 3996 3999
g ceiling
f 4003 4002 4001
f 4003 4001 4000
g ground
f 4004 4005 4006
f 4004 4006 4007
g wall
f 4008 4009 4005
f 4008 4005 4004
f 4009 4010 4006
f 4009 4006 4005
f 4010 4011 4007
f 4010 4007 4006
f 4011 4008 4004
f 4011 4004 4007
g ceiling
f 4011 4010 4009
f 4011 4009 4008
g ground
f 4012 4013 4014
f 4012 4014 4015
g wall
f 4016 4017 4013
f 4016 4013 4012
f 4017 4018 4014
f 4017 4014 4013
f 4018 4019 4015
f 4018 4015 4014
f 4019 4016 4012
f 4019 4012 4015
g ceiling
f 4019 4018 4017
f 4019 4017 4016
g ground
f 4020 4021 4022
f 4020 4022 4023
g wall
f 2306 4021 4020
f 2306 4020 4024
f 4025 4023 4022
f 4025 4022 4026
f 4024 4020 4023
f 4024 4023 4025
g ceiling
f 4025 4026 2306
f 4025 2306 4024
g ground
f 4027 4028 4029
f 4027 4029 4030
g wall
f 4031 4032 4028
f 4031 4028 4027
f 4032 4033 4029
f 4032 4029 4028
f 4033 4034 4030
f 4033 4030 4029
f 4034 4031 4027
f 4034 4027 4030
g ceiling
f 4034 4033 4032
f 4034 4032 4031
g ground
f 4035 4036 4037
f 4035 4037 4038
g wall
f 4039 4040 4036
f 4039 4036 4035
f 4040 4041 4037
f 4040 4037 4036
f 4041 4042 4038
f 4041 4038 4037
f 4042 4039 4035
f 4042 4035 4038
g ceiling
f 4042 4041 4040
f 4042 4040 4039
g ground
f 4043 4044 4045
f 4043 4045 4046
g wall
f 4047 4048 4044
f 4047 4044 4043
f 4048 4049 4045
f 4048 4045 4044
f 4049 4050 4046
f 4049 4046 4045
f 4050 4047 4043
f 4050 4043 4046
g ceiling
f 4050 4049 4048
f 4050 4048 4047
g wall
f 4051 4052 4053
f 4051 4053 4054
f 4053 4052 4055
f 4053 4055 4056
f 4057 4058 4051
f 4057 4051 4054
g ground
f 4059 4060 4061
f 4059 4061 4062
g wall
f 4063 4062 4061
f 4063 4061 4064
f 4064 4061 4060
f 4064 4060 4052
f 4052 4060 4059
f 4052 4059 4055
g ceiling
f 4063 4064 4052
f 4063 4052 4055
g wall
f 4065 4063 4064
f 4065 4064 4066
f 4066 4064 4067
f 4066 4067 4068
f 4068 4067 4069
f 4068 4069 4070
f 4054 4068 4067
f 4054 4067 4051
f 4070 4057 4058
f 4070 4058 4069
g ground
f 4069 4058 4051
f 4069 4051 4067
g ceiling
f 4057 4070 4068
f 4057 4068 4054
g wall
f 4070 4069 4067
f 4070 4067 4068
f 4054 4051 4058
f 4054 4058 4057
f 4071 4065 4066
f 4071 4066 4072
f 4072 4066 4053
f 4072 4053 4073
f 4073 4053 4056
f 4073 4056 4074
g ceiling
f 4071 4072 4073
f 4071 4073 4074
g ground
f 4056 4053 4066
f 4056 4066 4065
f 4075 4076 4077
f 4075 4077 4078
g wall
f 4079 4080 4076
f 4079 4076 4075
f 4080 4081 4077
f 4080 4077 4076
f 4081 4082 4078
f 4081 4078 4077
f 4082 4079 4075
f 4082 4075 4078
g ceiling
f 4082 4081 4080
f 4082 4080 4079
g wall
f 4083 4084 4085
f 4083 4085 4086
f 3492 4087 4084
f 3492 4084 4083
f 3495 4088 4087
f 3495 4087 3492
g ceiling
f 4083 4086 3495
f 4083 3495 3492
g ground
f 4085 4084 4087
f 4085 4087 4088
g wall
f 3499 3498 4083
f 3499 4083 3485
f 3501 3500 3498
f 3501 3498 3499
f 3485 4083 4086
f 3485 4086 3486
f 4089 4090 4091
f 4089 4091 4092
g ground
f 4090 4089 4093
f 4090 4093 4094
g ceiling
f 4095 4091 4090
f 4095 4090 4094
f 4096 4092 4091
f 4096 4091 4095
g wall
f 4094 4093 4096
f 4094 4096 4095
f 4097 4098 4099
f 4097 4099 4100
g ground
f 4098 4097 4101
f 4098 4101 4102
g ceiling
f 4103 4099 4098
f 4103 4098 4102
f 4104 4100 4099
f 4104 4099 4103
g wall
f 4102 4101 4104
f 4102 4104 4103
f 4105 4106 4107
f 4105 4107 4108
g ground
f 4106 4105 4109
f 4106 4109 4110
g ceiling
f 4111 4107 4106
f 4111 4106 4110
f 4112 4108 4107
f 4112 4107 4111
g wall
f 4110 4109 4112
f 4110 4112 4111
f 4113 4114 4115
f 4113 4115 4116
f 4113 4116 4117
g ceiling
f 4118 4114 4113
f 4118 4113 4119
f 4120 4115 4114
f 4120 4114 4118
g ground
f 4117 4116 4121
f 4117 4121 4122
g wall
f 4113 4117 4122
f 4113 4122 4119
f 4121 4120 4118
f 4121 4118 4119
f 4121 4119 4122
f 4115 4123 4124
f 4115 4124 4116
g ceiling
f 4123 4115 4120
f 4123 4120 4125
g ground
f 4121 4116 4124
f 4121 4124 4126
g wall
f 4121 4126 4125
f 4121 4125 4120
f 4123 4127 4128
f 4123 4128 4124
g ceiling
f 4127 4123 4125
f 4127 4125 4129
g ground
f 4126 4124 4128
f 4126 4128 4130
g wall
f 4131 4132 4126
f 4131 4126 4130
f 4133 4134 4135
f 4133 4135 4136
g ground
f 4134 4133 4137
f 4134 4137 4138
g wall
f 4135 4134 4138
f 4135 4138 4139
f 4140 4136 4135
f 4140 4135 4139
g ground
f 4137 4133 4136
f 4137 4136 4140
g wall
f 4139 4138 4137
f 4139 4137 4140
f 4141 4142 4143
f 4141 4143 4144
g ground
f 4145 4143 4142
f 4145 4142 4146
g wall
f 4146 4142 4141
f 4146 4141 4147
f 4148 4144 4149
f 4148 4149 4150
g ground
f 4144 4143 4145
f 4144 4145 4149
g wall
f 4145 4146 4151
f 4145 4151 4149
f 4152 4153 4154
f 4152 4154 4155
g ceiling
f 4156 4153 4152
f 4156 4152 4157
g ground
f 4155 4154 4158
f 4155 4158 4159
g wall
f 4156 4157 4159
f 4156 4159 4158
f 4160 4154 4153
f 4160 4153 4161
g ceiling
f 4162 4161 4153
f 4162 4153 4156
g ground
f 4154 4160 4163
f 4154 4163 4158
g wall
f 4162 4156 4158
f 4162 4158 4163
f 4160 4161 4164
f 4160 4164 4165
f 4160 4165 4166
g ceiling
f 4165 4164 4167
f 4165 4167 4168
f 4164 4161 4162
f 4164 4162 4167
g ground
f 4163 4160 4169
f 4163 4169 4170
g wall
f 4168 4167 4162
f 4168 4162 4163
f 4168 4163 4171
f 4172 4173 4174
f 4172 4174 4175
f 4172 4175 4176
g ceiling
f 4175 4174 4177
f 4175 4177 4178
f 4174 4173 4179
f 4174 4179 4177
g ground
f 4180 4181 4182
f 4180 4182 4183
g wall
f 4184 4185 4175
f 4184 4175 4178
f 4178 4177 4179
f 4178 4179 4186
f 4178 4186 4187
f 4181 4188 4189
f 4181 4189 4173
g ceiling
f 4179 4173 4189
f 4179 4189 4190
g ground
f 4188 4181 4180
f 4188 4180 4191
g wall
f 4179 4190 4191
f 4179 4191 4180
f 4192 4189 4188
f 4192 4188 4193
g ceiling
f 4190 4189 4192
f 4190 4192 4194
g ground
f 4193 4188 4191
f 4193 4191 4195
g wall
f 4190 4194 4195
f 4190 4195 4191
f 4196 4197 4198
f 4196 4198 4199
g ground
f 4200 4198 4197
f 4200 4197 4201
g wall
f 4201 4197 4202
f 4201 4202 4203
f 4196 4199 4204
f 4196 4204 4205
g ground
f 4199 4198 4200
f 4199 4200 4204
g wall
f 4200 4201 4203
f 4200 4203 4204
g ground
f 734 742 749
f 734 749 736
g wall
f 750 749 742
f 750 742 741
g ceiling
f 738 750 741
f 738 741 735
g ground
f 4206 734 736
f 4206 736 4207
g wall
f 734 4206 4208
f 734 4208 735
f 4209 4207 736
f 4209 736 738
f 4208 4206 4207
f 4208 4207 4209
g ceiling
f 4209 738 735
f 4209 735 4208
g wall
f 739 4210 4211
f 739 4211 746
f 4212 4210 739
f 4212 739 745
g ground
f 4213 4211 4210
f 4213 4210 4212
g wall
f 746 4211 4213
f 746 4213 752
f 4213 4212 745
f 4213 745 752
f 4214 4215 4216
f 4214 4216 4217
f 4218 4219 4215
f 4218 4215 4214
f 4220 4221 4219
f 4220 4219 4218
f 4217 4216 4221
f 4217 4221 4220
f 4222 4223 4224
f 4222 4224 4225
f 4226 4227 4223
f 4226 4223 4222
f 4228 4229 4227
f 4228 4227 4226
f 4225 4224 4229
f 4225 4229 4228
f 4230 4231 4232
f 4230 4232 4233
f 4234 4235 4231
f 4234 4231 4230
f 4236 4237 4235
f 4236 4235 4234
f 4233 4232 4237
f 4233 4237 4236
f 759 4238 4239
f 759 4239 766
f 4240 4238 759
f 4240 759 765
g ground
f 4241 4239 4238
f 4241 4238 4240
g wall
f 766 4239 4241
f 766 4241 772
f 4241 4240 765
f 4241 765 772
g ground
f 754 762 769
f 754 769 756
g wall
f 770 769 762
f 770 762 761
g ceiling
f 770 761 755
f 770 755 758
g ground
f 4242 754 756
f 4242 756 4243
g wall
f 754 4244 4245
f 754 4245 755
f 4246 4243 756
f 4246 756 758
f 4245 4244 4243
f 4245 4243 4246
g ceiling
f 4246 758 755
f 4246 755 4245
g wall
f 4247 4248 4249
f 4247 4249 4250
f 4251 4252 4248
f 4251 4248 4247
f 4253 4254 4252
f 4253 4252 4251
f 4250 4249 4254
f 4250 4254 4253
f 198 4255 4256
f 198 4256 4257
f 4258 4255 198
f 4258 198 240
g ceiling
f 4257 3929 240
f 4257 240 198
g wall
f 3929 4259 4258
f 3929 4258 240
f 190 4260 3785
f 190 3785 4261
f 4262 4260 190
f 4262 190 187
g ceiling
f 4261 3932 187
f 4261 187 190
g wall
f 3932 4263 4262
f 3932 4262 187
f 4264 4265 4266
f 4264 4266 4267
f 4268 227 228
f 4268 228 4269
g ceiling
f 3933 4257 228
f 3933 228 227
g wall
f 4270 4271 4272
f 4270 4272 4273
g ceiling
f 4274 4275 4273
f 4274 4273 4272
g wall
f 4276 4277 4278
f 4276 4278 4279
g ceiling
f 4280 4281 4279
f 4280 4279 4278
g ground
f 4282 4283 4284
f 4282 4284 4285
g wall
f 4283 4282 4286
f 4283 4286 4287
g ceiling
f 4288 4289 4287
f 4288 4287 4286
g wall
f 4290 4291 4292
f 4290 4292 4293
g ceiling
f 4293 4292 4294
f 4293 4294 4295
g wall
f 4296 4297 4295
f 4296 4295 4294
f 4290 4293 4295
f 4290 4295 4297
g ground
f 4297 4296 4291
f 4297 4291 4290
g wall
f 4296 4294 4292
f 4296 4292 4291
f 4298 4299 4300
f 4298 4300 4301
g ceiling
f 4301 4300 4302
f 4301 4302 4303
g wall
f 4304 4305 4303
f 4304 4303 4302
f 4298 4301 4303
f 4298 4303 4305
g ground
f 4305 4304 4299
f 4305 4299 4298
g wall
f 4304 4302 4300
f 4304 4300 4299
f 4306 4307 4308
f 4306 4308 4309
g ceiling
f 4309 4308 4310
f 4309 4310 4311
g wall
f 4312 4313 4311
f 4312 4311 4310
f 4306 4309 4311
f 4306 4311 4313
g ground
f 4313 4312 4307
f 4313 4307 4306
g wall
f 4312 4310 4308
f 4312 4308 4307
f 4314 4315 4316
f 4314 4316 4317
g ceiling
f 4317 4316 4318
f 4317 4318 4319
g wall
f 4320 4321 4319
f 4320 4319 4318
f 4314 4317 4319
f 4314 4319 4321
g ground
f 4321 4320 4315
f 4321 4315 4314
g wall
f 4320 4318 4316
f 4320 4316 4315
f 4322 4323 4324
f 4322 4324 4325
f 4326 4323 4322
f 4326 4322 4327
g ground
f 4328 4324 4323
f 4328 4323 4326
g wall
f 4329 4330 4331
f 4329 4331 4332
f 4333 4330 4329
f 4333 4329 4334
g ground
f 4335 4331 4330
f 4335 4330 4333
g wall
f 4332 4331 4335
f 4332 4335 4336
f 4337 4338 4339
f 4337 4339 4340
g ground
f 4341 4337 4340
f 4341 4340 4342
g wall
f 4343 4344 4345
f 4343 4345 4346
f 4347 4348 4349
f 4347 4349 4350
g ceiling
f 4351 4347 4350
f 4351 4350 4352
f 4353 4354 4351
f 4353 4351 4352
g wall
f 4350 4337 4355
f 4350 4355 4356
f 4357 4356 4355
f 4357 4355 4358
g ground
f 4342 4359 4360
f 4342 4360 4341
g wall
f 4361 4362 4357
f 4361 4357 4358
f 4340 4347 4363
f 4340 4363 4364
f 4364 4363 4343
f 4364 4343 4346
f 4365 2486 2560
f 4365 2560 4366
f 2561 2487 4367
f 2561 4367 4368
f 2559 2409 4369
f 2559 4369 4370
f 4371 2412 2562
f 4371 2562 4372
f 4348 4369 4365
f 4348 4365 4349
f 4373 4367 4371
f 4373 4371 4374
f 4338 4366 4370
f 4338 4370 4339
f 4375 4372 4368
f 4375 4368 4376
g ground
f 4377 4378 4379
f 4377 4379 4380
g wall
f 4381 4382 4378
f 4381 4378 4377
f 4382 4383 4379
f 4382 4379 4378
f 4383 4384 4380
f 4383 4380 4379
f 4384 4381 4377
f 4384 4377 4380
g ceiling
f 4384 4383 4382
f 4384 4382 4381
g ground
f 4385 4386 4387
f 4385 4387 4388
g wall
f 4378 4389 4386
f 4378 4386 4385
f 4389 4390 4387
f 4389 4387 4386
f 4390 4391 4388
f 4390 4388 4387
f 4391 4378 4385
f 4391 4385 4388
g ceiling
f 4391 4390 4389
f 4391 4389 4378
g ground
f 4392 4393 4394
f 4392 4394 4395
g wall
f 4395 4394 4396
f 4395 4396 4397
f 4394 4393 4398
f 4394 4398 4396
f 4393 4392 4399
f 4393 4399 4398
f 4392 4395 4397
f 4392 4397 4399
g ceiling
f 4397 4396 4398
f 4397 4398 4399
g ground
f 4400 4392 4395
f 4400 4395 4401
g wall
f 4401 4395 4397
f 4401 4397 4402
f 4395 4392 4399
f 4395 4399 4397
f 4392 4400 4403
f 4392 4403 4399
f 4400 4401 4402
f 4400 4402 4403
g ceiling
f 4402 4397 4399
f 4402 4399 4403
g ground
f 4404 4400 4401
f 4404 4401 4405
g wall
f 4405 4401 4402
f 4405 4402 4406
f 4401 4400 4403
f 4401 4403 4402
f 4400 4404 4407
f 4400 4407 4403
f 4404 4405 4406
f 4404 4406 4407
g ceiling
f 4406 4402 4403
f 4406 4403 4407
g ground
f 4408 4385 4388
f 4408 4388 4409
g wall
f 4377 4378 4385
f 4377 4385 4408
f 4378 4391 4388
f 4378 4388 4385
f 4391 4410 4409
f 4391 4409 4388
f 4410 4377 4408
f 4410 4408 4409
g ceiling
f 4410 4391 4378
f 4410 4378 4377
g ground
f 4411 4404 4405
f 4411 4405 4412
g wall
f 4412 4405 4406
f 4412 4406 4413
f 4405 4404 4407
f 4405 4407 4406
f 4404 4411 4414
f 4404 4414 4407
f 4411 4412 4413
f 4411 4413 4414
g ceiling
f 4413 4406 4407
f 4413 4407 4414
g ground
f 4415 4416 4417
f 4415 4417 4418
g wall
f 4418 4417 4401
f 4418 4401 4405
f 4417 4416 4419
f 4417 4419 4401
f 4416 4415 4420
f 4416 4420 4419
f 4415 4418 4405
f 4415 4405 4420
g ceiling
f 4405 4401 4419
f 4405 4419 4420
g ground
f 4378 4389 4421
f 4378 4421 4379
g wall
f 4382 4422 4389
f 4382 4389 4378
f 4422 4423 4421
f 4422 4421 4389
f 4423 4383 4379
f 4423 4379 4421
f 4383 4382 4378
f 4383 4378 4379
g ceiling
f 4383 4423 4422
f 4383 4422 4382
g ground
f 4424 4415 4418
f 4424 4418 4425
g wall
f 4425 4418 4405
f 4425 4405 4412
f 4418 4415 4420
f 4418 4420 4405
f 4415 4424 4426
f 4415 4426 4420
f 4424 4425 4412
f 4424 4412 4426
g ceiling
f 4412 4405 4420
f 4412 4420 4426
g ground
f 4427 4428 4429
f 4427 4429 4430
g wall
f 4430 4429 4394
f 4430 4394 4395
f 4429 4428 4431
f 4429 4431 4394
f 4428 4427 4432
f 4428 4432 4431
f 4427 4430 4395
f 4427 4395 4432
g ceiling
f 4395 4394 4431
f 4395 4431 4432
g ground
f 4389 4394 4393
f 4389 4393 4421
g wall
f 4422 4396 4394
f 4422 4394 4389
f 4396 4398 4393
f 4396 4393 4394
f 4398 4423 4421
f 4398 4421 4393
f 4423 4422 4389
f 4423 4389 4421
g ceiling
f 4423 4398 4396
f 4423 4396 4422
g ground
f 4386 4429 4428
f 4386 4428 4387
g wall
f 4389 4394 4429
f 4389 4429 4386
f 4394 4431 4428
f 4394 4428 4429
f 4431 4390 4387
f 4431 4387 4428
f 4390 4389 4386
f 4390 4386 4387
g ceiling
f 4390 4431 4394
f 4390 4394 4389
g ground
f 4416 4427 4430
f 4416 4430 4417
g wall
f 4417 4430 4395
f 4417 4395 4401
f 4430 4427 4432
f 4430 4432 4395
f 4427 4416 4419
f 4427 4419 4432
f 4416 4417 4401
f 4416 4401 4419
g ceiling
f 4401 4395 4432
f 4401 4432 4419
g ground
f 4433 4434 4435
f 4433 4435 4436
g wall
f 4436 4435 4437
f 4436 4437 4438
g ceiling
f 4438 4437 4439
f 4438 4439 4440
g ground
f 4441 4442 4443
g wall
f 4444 4445 4446
f 4444 4446 4447
g ceiling
f 4447 4446 4448
g ground
f 4436 4449 4450
g wall
f 4451 4449 4436
f 4451 4436 4438
g ceiling
f 4451 4438 4452
g wall
f 4453 4454 4455
f 4453 4455 4456
f 4454 4453 4457
f 4454 4457 4458
f 4459 4458 4457
f 4459 4457 4460
f 4456 4455 4459
f 4456 4459 4460
f 4461 4462 4463
f 4461 4463 4464
f 4465 4466 4462
f 4465 4462 4461
f 4465 4461 4467
g ground
f 4463 4462 4466
f 4463 4466 4468
g wall
f 4469 4470 4467
f 4469 4467 4471
f 4464 4463 4468
f 4464 4468 4472
f 4464 4472 4471
f 4454 4461 4464
f 4454 4464 4455
f 4461 4454 4458
f 4461 4458 4467
f 4471 4467 4458
f 4471 4458 4459
f 4455 4464 4471
f 4455 4471 4459
g ground
f 4473 4474 4475
f 4473 4475 4476
g wall
f 4476 4475 4477
f 4476 4477 4478
g ceiling
f 4478 4477 4463
f 4478 4463 4479
g ground
f 4480 4481 4482
f 4480 4482 4483
g wall
f 4484 4481 4480
f 4484 4480 4485
g ceiling
f 4486 4487 4484
f 4486 4484 4485
g wall
f 4488 4489 4490
f 4488 4490 4491
g ceiling
f 4492 4488 4491
f 4492 4491 4493
g wall
f 4494 4495 4492
f 4494 4492 4493
f 4489 4496 4466
f 4489 4466 4497
g ground
f 4468 4466 4496
f 4468 4496 4498
g wall
f 4499 4468 4498
f 4499 4498 4495
f 4490 4500 4501
f 4490 4501 4491
g ceiling
f 4493 4491 4501
f 4493 4501 4502
g wall
f 4493 4502 4503
f 4493 4503 4494
f 4497 4465 4501
f 4497 4501 4500
g ceiling
f 4502 4501 4470
f 4502 4470 4469
g wall
f 4472 4499 4503
f 4472 4503 4502
g ground
f 4504 4505 4506
f 4504 4506 4507
g wall
f 4507 4506 4508
f 4507 4508 4509
f 4505 4504 4510
f 4505 4510 4511
g ceiling
f 4509 4508 4511
f 4509 4511 4510
g wall
f 4512 4513 4496
f 4512 4496 4489
g ground
f 4498 4496 4513
f 4498 4513 4514
g wall
f 4495 4498 4514
f 4495 4514 4515
f 4516 4489 4488
f 4516 4488 4517
g ceiling
f 4517 4488 4492
f 4517 4492 4518
g wall
f 4492 4495 4519
f 4492 4519 4518
f 4517 4520 4521
f 4517 4521 4516
g ceiling
f 4520 4517 4518
f 4520 4518 4522
g wall
f 4519 4523 4522
f 4519 4522 4518
f 4524 4512 4521
f 4524 4521 4520
g ceiling
f 4524 4520 4522
f 4524 4522 4525
g wall
f 4515 4525 4522
f 4515 4522 4523
f 4509 4526 4527
f 4509 4527 4528
f 4527 4526 4513
f 4527 4513 4524
f 4527 4524 4529
g ground
f 4514 4513 4526
f 4514 4526 4509
g wall
f 4530 4529 4524
f 4530 4524 4525
f 4525 4514 4509
f 4525 4509 4528
f 4525 4528 4530
f 4528 4527 4531
f 4528 4531 4532
f 4531 4527 4529
f 4531 4529 4533
f 4533 4529 4530
f 4533 4530 4534
f 4528 4532 4534
f 4528 4534 4530
f 4532 4531 4535
f 4532 4535 4536
f 4535 4531 4533
f 4535 4533 4537
f 4537 4533 4534
f 4537 4534 4538
f 4532 4536 4538
f 4532 4538 4534
g ground
f 4539 4504 4507
f 4539 4507 4540
g wall
f 4504 4539 4541
f 4504 4541 4510
g ceiling
f 4542 4509 4510
f 4542 4510 4541
g ground
f 4543 4544 4545
f 4543 4545 4546
g wall
f 4544 4543 4547
f 4544 4547 4548
g ceiling
f 4548 4547 4549
f 4548 4549 4550
g ground
f 4551 4552 4553
f 4551 4553 4545
g wall
f 4554 4552 4551
f 4554 4551 4555
f 4556 4553 4552
f 4556 4552 4554
g ceiling
f 4550 4556 4554
f 4550 4554 4555
g ground
f 4557 4551 4545
g wall
f 4558 4559 4560
f 4558 4560 4555
g ceiling
f 4555 4560 4550
g ground
f 4544 4561 4545
g wall
f 4562 4561 4544
f 4562 4544 4548
g ceiling
f 4550 4562 4548
g wall
f 4563 4564 4565
f 4563 4565 4566
f 4566 4565 3047
f 4566 3047 4567
f 4567 3047 3057
f 4567 3057 4568
f 4568 3057 4564
f 4568 4564 4563
g ground
f 4565 4564 3057
f 4565 3057 3047
g ceiling
f 4563 4566 4567
f 4563 4567 4568
g wall
f 4569 4570 4571
f 4569 4571 4572
f 4570 4569 4573
f 4570 4573 4574
f 4574 4573 4575
f 4574 4575 4576
g ceiling
f 4571 4570 4574
f 4571 4574 4576
g wall
f 4576 4575 4572
f 4576 4572 4571
g ground
f 4569 4572 4575
f 4569 4575 4573
g wall
f 4577 4578 4579
f 4577 4579 4580
f 4579 4578 4581
f 4579 4581 4582
f 4582 4581 4583
f 4582 4583 4584
g ground
f 4578 4577 4583
f 4578 4583 4581
g wall
f 4584 4583 4577
f 4584 4577 4580
f 4585 4586 4587
f 4585 4587 4588
f 4589 4590 4591
f 4589 4591 4592
g ground
f 4587 4586 4590
f 4587 4590 4589
g wall
f 4591 4590 4586
f 4591 4586 4585
f 4588 4587 4589
f 4588 4589 4592
f 4593 4580 4588
f 4593 4588 4594
f 4595 4596 4597
f 4595 4597 4598
f 4594 4587 4577
f 4594 4577 4593
f 4599 4583 4589
f 4599 4589 4600
g ground
f 4577 4587 4589
f 4577 4589 4583
g ceiling
f 4599 4600 4594
f 4599 4594 4593
g wall
f 4601 4602 3058
f 4601 3058 4603
f 4604 4605 4606
f 4604 4606 3057
f 3057 4606 4603
f 3057 4603 3058
f 4607 4608 4579
f 4607 4579 4578
f 4609 4610 4611
f 4609 4611 4612
f 4613 4614 4615
f 4613 4615 4616
f 4614 4617 4618
f 4614 4618 4615
f 4617 4619 4620
f 4617 4620 4618
g ground
f 4619 4617 4614
f 4619 4614 4613
g ceiling
f 4616 4615 4618
f 4616 4618 4620
g wall
f 4620 4619 4613
f 4620 4613 4616
f 4621 4613 4622
f 4621 4622 4623
f 4619 4624 4625
f 4619 4625 4626
g ground
f 4624 4619 4613
f 4624 4613 4621
g wall
f 4622 4613 4619
f 4622 4619 4626
f 4625 4624 4621
f 4625 4621 4623
g ceiling
f 4623 4622 4626
f 4623 4626 4625
g wall
f 4622 4616 4627
f 4622 4627 4623
f 4628 4629 4630
f 4628 4630 4631
g ceiling
f 4627 4616 4630
f 4627 4630 4629
g wall
f 4616 4622 4631
f 4616 4631 4630
f 4629 4628 4623
f 4629 4623 4627
g ground
f 4628 4631 4622
f 4628 4622 4623
g wall
f 4632 4621 4627
f 4632 4627 4633
f 4624 4634 4635
f 4624 4635 4636
g ground
f 4634 4624 4621
f 4634 4621 4632
g wall
f 4632 4633 4635
f 4632 4635 4634
g ceiling
f 4633 4627 4636
f 4633 4636 4635
g wall
f 4627 4621 4624
f 4627 4624 4636
f 4637 4638 4639
f 4637 4639 4640
f 4641 4606 4642
f 4641 4642 4643
f 4606 4641 4638
f 4606 4638 4637
g ceiling
f 4642 4606 4637
f 4642 4637 4640
g wall
f 4640 4639 4643
f 4640 4643 4642
f 4644 4645 4646
f 4644 4646 4647
f 4648 4649 4650
f 4648 4650 4651
g ceiling
f 4646 4645 4650
f 4646 4650 4649
g wall
f 4645 4644 4651
f 4645 4651 4650
f 4649 4648 4647
f 4649 4647 4646
g ground
f 4648 4651 4644
f 4648 4644 4647
g wall
f 4652 4653 4654
f 4652 4654 4645
f 4653 4655 4656
f 4653 4656 4654
f 4655 4657 4658
f 4655 4658 4656
g ground
f 4657 4655 4653
f 4657 4653 4652
g ceiling
f 4645 4654 4656
f 4645 4656 4658
g wall
f 4658 4657 4652
f 4658 4652 4645
f 4659 4652 4644
f 4659 4644 4647
f 4657 4660 4661
f 4657 4661 4662
g ground
f 4660 4657 4652
f 4660 4652 4659
g wall
f 4644 4652 4657
f 4644 4657 4662
f 4661 4660 4659
f 4661 4659 4647
g ceiling
f 4647 4644 4662
f 4647 4662 4661
g wall
f 4663 4659 4646
f 4663 4646 4664
f 4660 4665 4666
f 4660 4666 4667
g ground
f 4665 4660 4659
f 4665 4659 4663
g wall
f 4663 4664 4666
f 4663 4666 4665
g ceiling
f 4664 4646 4667
f 4664 4667 4666
g wall
f 4646 4659 4660
f 4646 4660 4667
f 4640 4565 4668
f 4640 4668 4669
f 4565 4640 4642
f 4565 4642 3047
f 3047 4642 4670
f 3047 4670 4671
f 4672 4669 4668
f 4672 4668 4673
f 4668 4669 4674
f 4668 4674 4675
f 4675 4674 4676
f 4675 4676 4677
g ground
f 4669 4672 4676
f 4669 4676 4674
g wall
f 4677 4676 4672
f 4677 4672 4673
f 4678 4679 4672
f 4678 4672 4680
f 4681 4676 4682
f 4681 4682 4683
g ground
f 4672 4679 4682
f 4672 4682 4676
g ceiling
f 4681 4683 4678
f 4681 4678 4680
g wall
f 4680 4673 4684
f 4680 4684 4678
f 4685 4686 4687
f 4685 4687 4688
f 4608 4607 4679
f 4608 4679 4684
f 4682 4689 4690
f 4682 4690 4691
g ground
f 4679 4607 4689
f 4679 4689 4682
g wall
f 4690 4689 4607
f 4690 4607 4608
f 4684 4679 4682
f 4684 4682 4691
g ground
f 4692 4693 1676
f 4692 1676 4694
g wall
f 4694 1676 4695
f 4694 4695 4696
f 1676 4693 4697
f 1676 4697 4695
f 4693 4692 4698
f 4693 4698 4697
f 4692 4694 4696
f 4692 4696 4698
g ceiling
f 4696 4695 4697
f 4696 4697 4698
g ground
f 4699 4700 4701
f 4699 4701 4702
g wall
f 4703 4704 4700
f 4703 4700 4699
f 4704 4705 4701
f 4704 4701 4700
f 4705 4706 4702
f 4705 4702 4701
f 4706 4703 4699
f 4706 4699 4702
g ceiling
f 4706 4705 4704
f 4706 4704 4703
g ground
f 4703 4704 4707
f 4703 4707 4708
g wall
f 4709 4710 4704
f 4709 4704 4703
f 4710 4711 4707
f 4710 4707 4704
f 4711 4712 4708
f 4711 4708 4707
f 4712 4709 4703
f 4712 4703 4708
g ceiling
f 4712 4711 4710
f 4712 4710 4709
g wall
f 4713 4714 4614
f 4713 4614 4632
f 4715 4716 4717
f 4715 4717 4718
g ground
f 4716 4715 4714
f 4716 4714 4713
g wall
f 4713 4632 4717
f 4713 4717 4716
g ceiling
f 4632 4614 4718
f 4632 4718 4717
g wall
f 4715 4718 4614
f 4715 4614 4714
g ground
f 4693 4701 4700
f 4693 4700 1676
g wall
f 1676 4700 4704
f 1676 4704 4695
f 4700 4701 4705
f 4700 4705 4704
f 4701 4693 4697
f 4701 4697 4705
f 4693 1676 4695
f 4693 4695 4697
g ceiling
f 4695 4704 4705
f 4695 4705 4697
g wall
f 4719 4720 4721
f 4719 4721 4654
f 4722 4723 4724
f 4722 4724 4725
g ground
f 4723 4722 4720
f 4723 4720 4719
g wall
f 4719 4654 4724
f 4719 4724 4723
g ceiling
f 4654 4721 4725
f 4654 4725 4724
g wall
f 4722 4725 4721
f 4722 4721 4720
g ground
f 4726 4703 4708
f 4726 4708 4727
g wall
f 4728 4709 4703
f 4728 4703 4726
f 4709 4712 4708
f 4709 4708 4703
f 4712 4729 4727
f 4712 4727 4708
f 4729 4728 4726
f 4729 4726 4727
g ceiling
f 4729 4712 4709
f 4729 4709 4728
g wall
f 4730 4719 4653
f 4730 4653 4663
f 4723 4731 4732
f 4723 4732 4733
g ground
f 4731 4723 4719
f 4731 4719 4730
g wall
f 4730 4663 4732
f 4730 4732 4731
g ceiling
f 4663 4653 4733
f 4663 4733 4732
g wall
f 4723 4733 4653
f 4723 4653 4719
f 4734 4713 4633
f 4734 4633 4735
f 4716 4699 4736
f 4716 4736 4737
g ground
f 4699 4716 4713
f 4699 4713 4734
g wall
f 4734 4735 4736
f 4734 4736 4699
f 4716 4737 4633
f 4716 4633 4713
g ceiling
f 4735 4633 4737
f 4735 4737 4736
g wall
f 4714 4730 4664
f 4714 4664 4615
f 4731 4715 4738
f 4731 4738 4739
g ground
f 4715 4731 4730
f 4715 4730 4714
g wall
f 4714 4615 4738
f 4714 4738 4715
g ceiling
f 4615 4664 4739
f 4615 4739 4738
g wall
f 4731 4739 4664
f 4731 4664 4730
g ground
f 4740 4741 4695
f 4740 4695 4696
g wall
f 4696 4695 4742
f 4696 4742 4743
f 4695 4741 4744
f 4695 4744 4742
f 4741 4740 4745
f 4741 4745 4744
f 4740 4696 4743
f 4740 4743 4745
g ceiling
f 4743 4742 4744
f 4743 4744 4745
g ground
f 4741 4707 4704
f 4741 4704 4695
g wall
f 4695 4704 4710
f 4695 4710 4742
f 4704 4707 4711
f 4704 4711 4710
f 4707 4741 4744
f 4707 4744 4711
f 4741 4695 4742
f 4741 4742 4744
g ceiling
f 4742 4710 4711
f 4742 4711 4744
g ground
f 4746 4699 4702
f 4746 4702 4747
g wall
f 4726 4703 4699
f 4726 4699 4746
f 4703 4706 4702
f 4703 4702 4699
f 4706 4748 4747
f 4706 4747 4702
f 4748 4726 4746
f 4748 4746 4747
g ceiling
f 4748 4706 4703
f 4748 4703 4726
g wall
f 4749 4750 4751
f 4749 4751 4752
f 4753 4754 4750
f 4753 4750 4749
f 4754 4753 4755
f 4754 4755 4756
f 4757 4758 4759
f 4757 4759 4760
f 4761 4762 4763
f 4761 4763 4764
g ground
f 4758 4757 4763
f 4758 4763 4762
g wall
f 4759 4758 4762
f 4759 4762 4761
f 4764 4763 4757
f 4764 4757 4760
f 4765 4766 4767
f 4765 4767 4768
f 4769 4770 4771
f 4769 4771 4772
g ground
f 4768 4767 4772
f 4768 4772 4771
g wall
f 4771 4770 4765
f 4771 4765 4768
g ceiling
f 4770 4769 4766
f 4770 4766 4765
g wall
f 4767 4766 4769
f 4767 4769 4772
g ground
f 4773 4774 4775
f 4773 4775 4776
g wall
f 4776 4775 4777
f 4776 4777 4778
f 4775 4774 4779
f 4775 4779 4777
f 4774 4773 4780
f 4774 4780 4779
f 4773 4776 4778
f 4773 4778 4780
g ceiling
f 4778 4777 4779
f 4778 4779 4780
g wall
f 4781 4782 4783
f 4781 4783 4784
f 4782 4785 4786
f 4782 4786 4783
f 4785 4787 4788
f 4785 4788 4786
g ground
f 4784 4783 4786
f 4784 4786 4788
g ceiling
f 4787 4785 4782
f 4787 4782 4781
g wall
f 4781 4784 4788
f 4781 4788 4787
f 4752 4751 4789
f 4752 4789 4790
f 4791 4792 4751
f 4791 4751 4752
f 4793 4792 4791
f 4793 4791 4794
g ground
f 4789 4751 4792
f 4789 4792 4793
g wall
f 4790 4789 4793
f 4790 4793 4794
f 4795 4783 4796
f 4795 4796 4797
f 4798 4799 4800
f 4798 4800 4801
g ground
f 4797 4796 4801
f 4797 4801 4800
g wall
f 4800 4799 4795
f 4800 4795 4797
g ceiling
f 4799 4798 4783
f 4799 4783 4795
g wall
f 4796 4783 4798
f 4796 4798 4801
f 4802 4803 4804
f 4802 4804 4805
f 4806 4807 4808
f 4806 4808 4809
f 4782 4810 4768
f 4782 4768 4796
f 4811 4812 4801
f 4811 4801 4771
g ground
f 4796 4768 4771
f 4796 4771 4801
g wall
f 4801 4812 4782
f 4801 4782 4796
f 4768 4810 4811
f 4768 4811 4771
g ceiling
f 4812 4811 4810
f 4812 4810 4782
g wall
f 4813 4814 4815
f 4813 4815 4816
f 4817 4818 4819
f 4817 4819 4820
g ceiling
f 4819 4818 4815
f 4819 4815 4814
g wall
f 4818 4817 4816
f 4818 4816 4815
f 4814 4813 4820
f 4814 4820 4819
g ground
f 4813 4816 4817
f 4813 4817 4820
f 4821 4740 4696
f 4821 4696 4777
g wall
f 4777 4696 4743
f 4777 4743 4822
f 4696 4740 4745
f 4696 4745 4743
f 4740 4821 4823
f 4740 4823 4745
f 4821 4777 4822
f 4821 4822 4823
g ceiling
f 4822 4743 4745
f 4822 4745 4823
g wall
f 4824 4825 4781
f 4824 4781 4826
f 4827 4828 4829
f 4827 4829 4830
g ceiling
f 4829 4828 4781
f 4829 4781 4825
g wall
f 4828 4827 4826
f 4828 4826 4781
f 4825 4824 4830
f 4825 4830 4829
g ground
f 4824 4826 4827
f 4824 4827 4830
g wall
f 4831 4832 4750
f 4831 4750 4833
f 4834 4835 4836
f 4834 4836 4754
f 4832 4831 4835
f 4832 4835 4834
g ceiling
f 4834 4754 4750
f 4834 4750 4832
g wall
f 4754 4836 4833
f 4754 4833 4750
f 4815 4837 4766
f 4815 4766 4838
f 4837 4839 4840
f 4837 4840 4766
f 4839 4841 4842
f 4839 4842 4840
g ground
f 4838 4766 4840
f 4838 4840 4842
g ceiling
f 4841 4839 4837
f 4841 4837 4815
g wall
f 4815 4838 4842
f 4815 4842 4841
f 4759 4758 4843
f 4759 4843 4844
f 4845 4846 4847
f 4845 4847 4848
f 4849 4850 4851
f 4849 4851 4803
f 4852 4853 4854
f 4852 4854 4855
g ground
f 4850 4849 4854
f 4850 4854 4853
g wall
f 4851 4850 4853
f 4851 4853 4852
f 4855 4854 4849
f 4855 4849 4803
g ground
f 4856 4821 4777
f 4856 4777 4778
g wall
f 4778 4777 4822
f 4778 4822 4857
f 4777 4821 4823
f 4777 4823 4822
f 4821 4856 4858
f 4821 4858 4823
f 4856 4778 4857
f 4856 4857 4858
g ceiling
f 4857 4822 4823
f 4857 4823 4858
g wall
f 4859 4860 4861
f 4859 4861 4862
f 4863 4864 4860
f 4863 4860 4859
f 4864 4863 4865
f 4864 4865 4866
g ceiling
f 4865 4863 4859
f 4865 4859 4862
g wall
f 4862 4861 4866
f 4862 4866 4865
g ground
f 4861 4860 4864
f 4861 4864 4866
g wall
f 4867 4760 4790
f 4867 4790 4868
f 4869 4870 4871
f 4869 4871 4872
f 4844 4843 4873
f 4844 4873 4804
f 4874 4875 4843
f 4874 4843 4844
f 4876 4875 4874
f 4876 4874 4877
g ground
f 4873 4843 4875
f 4873 4875 4876
g wall
f 4804 4873 4876
f 4804 4876 4877
f 4805 4873 4849
f 4805 4849 4802
f 4878 4854 4876
f 4878 4876 4879
g ground
f 4849 4873 4876
f 4849 4876 4854
g ceiling
f 4878 4879 4805
f 4878 4805 4802
g wall
f 4810 4814 4880
f 4810 4880 4765
f 4881 4882 4883
f 4881 4883 4884
g ground
f 4765 4880 4884
f 4765 4884 4883
g wall
f 4883 4882 4810
f 4883 4810 4765
g ceiling
f 4882 4881 4814
f 4882 4814 4810
g wall
f 4881 4884 4880
f 4881 4880 4814
f 4885 4886 4887
f 4885 4887 257
f 4888 4889 2933
f 4888 2933 4834
f 257 4887 4834
f 257 4834 2933
f 4890 4891 4797
f 4890 4797 1672
f 4892 4893 4694
f 4892 4694 4800
g ground
f 1672 4797 4800
f 1672 4800 4694
g wall
f 4694 4893 4890
f 4694 4890 1672
f 4797 4891 4892
f 4797 4892 4800
g ceiling
f 4893 4892 4891
f 4893 4891 4890
g wall
f 4824 4826 4784
f 4824 4784 4894
f 4895 4896 4897
f 4895 4897 4788
g ground
f 4894 4784 4788
f 4894 4788 4897
g wall
f 4895 4788 4784
f 4895 4784 4826
f 4824 4894 4897
f 4824 4897 4896
g ceiling
f 4896 4895 4826
f 4896 4826 4824
g ground
f 4774 4692 4694
f 4774 4694 4775
g wall
f 4775 4694 4696
f 4775 4696 4777
f 4694 4692 4698
f 4694 4698 4696
f 4692 4774 4779
f 4692 4779 4698
f 4774 4775 4777
f 4774 4777 4779
g ceiling
f 4777 4696 4698
f 4777 4698 4779
g wall
f 4891 4825 4894
f 4891 4894 4795
f 4898 4899 4900
f 4898 4900 4897
g ground
f 4795 4894 4897
f 4795 4897 4900
g wall
f 4900 4899 4891
f 4900 4891 4795
g ceiling
f 4899 4898 4825
f 4899 4825 4891
g wall
f 4898 4897 4894
f 4898 4894 4825
f 4813 4816 4838
f 4813 4838 4880
f 4901 4902 4884
f 4901 4884 4842
g ground
f 4880 4838 4842
f 4880 4842 4884
g wall
f 4901 4842 4838
f 4901 4838 4816
f 4813 4880 4884
f 4813 4884 4902
g ceiling
f 4902 4901 4816
f 4902 4816 4813
g wall
f 4837 4903 4904
f 4837 4904 4767
f 4905 4906 4772
f 4905 4772 4775
g ground
f 4767 4904 4775
f 4767 4775 4772
g wall
f 4772 4906 4837
f 4772 4837 4767
g ceiling
f 4906 4905 4903
f 4906 4903 4837
g wall
f 4904 4903 4905
f 4904 4905 4775
f 4868 4789 4757
f 4868 4757 4867
f 4907 4763 4793
f 4907 4793 4908
g ground
f 4757 4789 4793
f 4757 4793 4763
g ceiling
f 4907 4908 4868
f 4907 4868 4867
g wall
f 309 4909 4910
f 309 4910 4911
f 328 4912 4909
f 328 4909 309
f 322 266 4912
f 322 4912 328
f 4909 4913 260
f 4909 260 4910
f 4912 2970 4913
f 4912 4913 4909
f 266 2933 2970
f 266 2970 4912
g ground
f 260 4913 2970
f 260 2970 2933
g wall
f 4914 4915 4916
f 4914 4916 4917
f 4917 4916 4918
f 4917 4918 4919
f 4920 4921 4915
f 4920 4915 4914
g ground
f 4916 4915 4921
f 4916 4921 4918
g wall
f 4922 4914 4917
f 4922 4917 4923
f 4923 4917 4919
f 4923 4919 4924
f 3045 4920 4914
f 3045 4914 4922
g ceiling
f 4922 4923 4924
f 4922 4924 3045
g ground
f 4925 4926 4927
f 4925 4927 4928
g wall
f 4929 4930 4931
f 4929 4931 4932
g ceiling
f 4922 4929 4932
f 4922 4932 4933
g ground
f 4928 2944 2950
f 4928 2950 4925
g wall
f 4925 2950 2952
f 4925 2952 4932
g ceiling
f 4932 2952 4934
f 4932 4934 4933
g wall
f 4935 4936 4937
f 4935 4937 4938
f 4939 4940 4936
f 4939 4936 4935
f 4941 4942 4940
f 4941 4940 4939
f 4938 4937 4942
f 4938 4942 4941
g ceiling
f 4941 4939 4935
f 4941 4935 4938
g ground
f 4937 4936 4940
f 4937 4940 4942
g wall
f 4943 4939 4944
f 4943 4944 4945
f 4946 4941 4939
f 4946 4939 4943
f 4947 4941 4946
f 4947 4946 4948
f 4945 4944 4947
f 4945 4947 4948
f 4949 4950 4951
f 4949 4951 4952
f 4953 4954 4955
f 4953 4955 4956
g ground
f 4950 4949 4954
f 4950 4954 4953
g ceiling
f 4952 4951 4956
f 4952 4956 4955
g wall
f 4951 4950 4953
f 4951 4953 4956
f 4955 4954 4949
f 4955 4949 4952
f 4957 4958 4935
f 4957 4935 4959
f 4960 4961 4958
f 4960 4958 4957
f 4938 4961 4960
f 4938 4960 4962
f 4959 4935 4938
f 4959 4938 4962
f 4963 4959 4962
f 4963 4962 4964
f 4965 4943 4959
f 4965 4959 4963
f 4966 4946 4943
f 4966 4943 4965
f 4964 4962 4946
f 4964 4946 4966
g ground
f 4962 4959 4943
f 4962 4943 4946
g wall
f 4967 4968 4969
f 4967 4969 4970
f 4971 4972 4968
f 4971 4968 4967
f 4973 4974 4972
f 4973 4972 4971
f 4970 4969 4974
f 4970 4974 4973
g ceiling
f 4973 4971 4967
f 4973 4967 4970
g ground
f 4969 4968 4972
f 4969 4972 4974
g wall
f 4975 4971 4976
f 4975 4976 4977
f 4978 4973 4971
f 4978 4971 4975
f 4979 4973 4978
f 4979 4978 4980
f 4977 4976 4979
f 4977 4979 4980
f 4981 4982 4983
f 4981 4983 4984
f 4985 4986 4987
f 4985 4987 4988
g ground
f 4982 4981 4986
f 4982 4986 4985
g ceiling
f 4984 4983 4988
f 4984 4988 4987
g wall
f 4983 4982 4985
f 4983 4985 4988
f 4987 4986 4981
f 4987 4981 4984
f 4989 4990 4967
f 4989 4967 4991
f 4992 4993 4990
f 4992 4990 4989
f 4970 4993 4992
f 4970 4992 4994
f 4991 4967 4970
f 4991 4970 4994
f 4995 4991 4994
f 4995 4994 4996
f 4997 4975 4991
f 4997 4991 4995
f 4998 4978 4975
f 4998 4975 4997
f 4996 4994 4978
f 4996 4978 4998
g ground
f 4994 4991 4975
f 4994 4975 4978
f 4999 5000 5001
f 4999 5001 5002
g wall
f 5003 5004 5000
f 5003 5000 4999
f 5004 5005 5001
f 5004 5001 5000
f 5005 5006 5002
f 5005 5002 5001
f 5006 5003 4999
f 5006 4999 5002
g ceiling
f 5006 5005 5004
f 5006 5004 5003
g ground
f 5007 5008 5009
f 5007 5009 5010
g wall
f 5011 5008 5007
f 5011 5007 5012
f 5013 5010 5009
f 5013 5009 5014
g ceiling
f 5011 5012 5013
f 5011 5013 5014
g ground
f 5015 5016 5017
f 5015 5017 5018
g wall
f 5019 5020 5021
f 5019 5021 5022
f 5023 5017 5016
f 5023 5016 5024
f 5025 5026 5027
f 5025 5027 5028
f 5029 5015 5030
f 5029 5030 5031
g ceiling
f 5032 5023 5024
f 5032 5024 5029
g wall
f 5033 5034 5035
f 5033 5035 5036
g ground
f 5034 5037 5038
f 5034 5038 5039
g ceiling
f 5040 5035 5034
f 5040 5034 5039
f 5041 5036 5035
f 5041 5035 5040
g wall
f 5039 5038 5041
f 5039 5041 5040
f 5042 5043 5044
f 5042 5044 5045
g ceiling
f 5043 5042 5046
f 5043 5046 5047
g ground
f 5048 5045 5044
f 5048 5044 5049
g wall
f 5047 5046 5048
f 5047 5048 5049
f 5050 5051 5052
f 5050 5052 5053
f 5050 5053 5054
g ceiling
f 5055 5051 5050
f 5055 5050 5056
f 5057 5058 5059
f 5057 5059 5060
g ground
f 5054 5053 5061
f 5054 5061 5062
g wall
f 5050 5054 5062
f 5050 5062 5056
f 5061 5063 5055
f 5061 5055 5056
f 5061 5056 5062
f 5064 5065 5066
f 5064 5066 5067
f 5068 5069 5070
f 5068 5070 5071
g ceiling
f 5068 5071 5064
f 5068 5064 5067
g wall
f 5072 5073 5074
f 5072 5074 5075
g ground
f 5073 5072 5076
f 5073 5076 5077
g ceiling
f 5078 5074 5073
f 5078 5073 5077
f 5079 5075 5074
f 5079 5074 5078
g wall
f 5077 5076 5079
f 5077 5079 5078
f 5080 5081 5082
f 5080 5082 5083
g ground
f 5081 5080 5084
f 5081 5084 5085
g wall
f 5082 5081 5085
f 5082 5085 5086
f 5087 5083 5082
f 5087 5082 5086
g ground
f 5084 5080 5083
f 5084 5083 5087
g wall
f 5086 5085 5084
f 5086 5084 5087
f 5058 5042 5045
f 5058 5045 5053
g ceiling
f 5042 5058 5057
f 5042 5057 5046
g ground
f 5061 5053 5045
f 5061 5045 5048
g wall
f 5061 5048 5046
f 5061 5046 5057
f 5088 5089 5090
f 5088 5090 5091
g ground
f 5089 5088 5092
f 5089 5092 5093
g ceiling
f 5094 5090 5089
f 5094 5089 5093
f 5095 5091 5090
f 5095 5090 5094
g wall
f 5093 5092 5095
f 5093 5095 5094
g ground
f 5096 5097 5098
f 5096 5098 5099
g wall
f 5100 5098 5097
f 5100 5097 5101
f 5102 5096 5099
f 5102 5099 5103
g ceiling
f 5103 5100 5101
f 5103 5101 5102
g ground
f 5099 5098 5104
f 5099 5104 5105
g wall
f 5106 5105 5104
f 5106 5104 5107
f 5107 5104 5098
f 5107 5098 5108
f 5108 5098 5099
f 5108 5099 5109
f 5109 5099 5105
f 5109 5105 5106
g ground
f 5110 5111 5097
f 5110 5097 5096
g wall
f 5112 5096 5097
f 5112 5097 5113
f 5113 5097 5111
f 5113 5111 5114
f 5114 5111 5110
f 5114 5110 5115
f 5115 5110 5096
f 5115 5096 5112
g ground
f 5116 5117 5118
f 5116 5118 5119
g wall
f 5120 5121 5117
f 5120 5117 5116
f 5121 5122 5118
f 5121 5118 5117
f 5122 5123 5119
f 5122 5119 5118
f 5123 5120 5116
f 5123 5116 5119
g ceiling
f 5123 5122 5121
f 5123 5121 5120
g ground
f 5124 5125 5126
f 5124 5126 5127
g wall
f 5128 5129 5125
f 5128 5125 5124
f 5129 5130 5126
f 5129 5126 5125
f 5130 5131 5127
f 5130 5127 5126
f 5131 5128 5124
f 5131 5124 5127
g ceiling
f 5131 5130 5129
f 5131 5129 5128
g wall
f 5132 5133 5134
f 5132 5134 5135
f 5132 5135 5136
f 5132 5136 5137
g ceiling
f 5133 5132 5138
f 5133 5138 5139
g wall
f 5140 5134 5133
f 5140 5133 5139
f 5141 5135 5142
f 5141 5142 5143
g ground
f 5144 5136 5135
f 5144 5135 5141
f 5145 5137 5136
f 5145 5136 5144
g wall
f 5145 5144 5141
f 5145 5141 5140
f 5145 5140 5139
f 5145 5139 5138
g ground
f 5146 5147 5148
f 5146 5148 5149
g wall
f 5150 5148 5147
f 5150 5147 5151
f 5151 5147 5146
f 5151 5146 5152
f 5152 5146 5149
f 5152 5149 5153
g ceiling
f 5150 5151 5152
f 5150 5152 5153
g wall
f 5154 5155 5156
f 5154 5156 5157
f 5154 5157 5158
f 5154 5158 5159
g ceiling
f 5155 5154 5160
f 5155 5160 5161
g wall
f 5162 5156 5155
f 5162 5155 5161
f 5163 5157 5156
f 5163 5156 5162
g ground
f 5164 5158 5157
f 5164 5157 5163
f 5165 5159 5158
f 5165 5158 5164
g wall
f 5165 5164 5163
f 5165 5163 5162
f 5165 5162 5161
f 5165 5161 5160
g ground
f 5166 5167 5168
f 5166 5168 5169
g wall
f 5170 5168 5167
f 5170 5167 5171
f 5171 5167 5166
f 5171 5166 5172
f 5172 5166 5169
f 5172 5169 5173
g ceiling
f 5170 5171 5172
f 5170 5172 5173
g ground
f 5174 5175 5176
f 5174 5176 5177
g wall
f 5178 5179 5180
f 5178 5180 5181
f 5182 5176 5175
f 5182 5175 5178
f 5183 5177 5176
f 5183 5176 5182
f 5181 5174 5177
f 5181 5177 5183
g ceiling
f 5183 5182 5178
f 5183 5178 5181
g ground
f 5184 5185 5186
f 5184 5186 5187
g wall
f 5188 5185 5184
f 5188 5184 5189
f 5190 5186 5185
f 5190 5185 5188
f 5191 5187 5186
f 5191 5186 5190
f 5189 5184 5187
f 5189 5187 5191
g ground
f 5192 5193 5194
f 5192 5194 5195
g wall
f 5196 5193 5192
f 5196 5192 5197
f 5198 5194 5193
f 5198 5193 5196
f 5199 5195 5194
f 5199 5194 5198
f 5197 5192 5195
f 5197 5195 5199
g ceiling
f 5199 5198 5196
f 5199 5196 5197
g ground
f 5200 5201 5202
f 5200 5202 5203
g wall
f 5204 5201 5200
f 5204 5200 5205
f 5206 5202 5207
f 5206 5207 5204
f 5208 5203 5202
f 5208 5202 5206
f 5205 5200 5203
f 5205 5203 5208
g ceiling
f 5208 5206 5204
f 5208 5204 5205
g ground
f 5209 5210 5211
f 5209 5211 5212
g wall
f 5213 5210 5209
f 5213 5209 5214
f 5215 5211 5210
f 5215 5210 5213
f 5216 5212 5211
f 5216 5211 5215
f 5214 5209 5212
f 5214 5212 5216
g ceiling
f 5215 5213 5214
f 5215 5214 5216
g ground
f 5217 5218 5219
f 5217 5219 5220
g wall
f 5221 5218 5217
f 5221 5217 5222
f 5223 5219 5218
f 5223 5218 5221
f 5224 5220 5219
f 5224 5219 5223
f 5222 5217 5220
f 5222 5220 5224
g ceiling
f 5224 5223 5221
f 5224 5221 5222
g wall
f 5225 5226 5227
f 5225 5227 5228
f 5229 5230 5226
f 5229 5226 5225
f 5231 5232 5230
f 5231 5230 5229
f 5233 5234 5235
f 5233 5235 5236
f 5237 5238 5239
f 5237 5239 5240
f 5241 5242 5243
f 5241 5243 5244
f 5245 5246 5247
f 5245 5247 5248
f 5249 5250 5251
f 5249 5251 5252
g ceiling
f 5253 5231 5229
f 5253 5229 5225
f 5253 5225 5228
f 5253 5228 5245
f 5253 5245 5248
f 5253 5248 5254
g ground
f 5255 5251 5250
f 5256 5246 5257
f 5243 5242 5258
f 5234 5243 5259
f 5260 5261 5234
f 5262 5230 5232
f 5262 5226 5263
f 5264 5227 5265
g wall
f 5266 5267 5268
f 5266 5268 5269
f 5270 5271 5267
f 5270 5267 5266
f 5272 5273 5271
f 5272 5271 5270
f 5269 5268 5273
f 5269 5273 5272
g ground
f 5274 5275 5276
f 5274 5276 5277
g wall
f 5278 5275 5274
f 5278 5274 5279
f 5280 5276 5275
f 5280 5275 5278
f 5281 5277 5276
f 5281 5276 5280
f 5279 5274 5277
f 5279 5277 5281
g ground
f 5282 5283 5284
f 5282 5284 5285
g wall
f 5286 5283 5282
f 5286 5282 5287
f 5288 5284 5283
f 5288 5283 5286
f 5289 5285 5284
f 5289 5284 5288
f 5287 5282 5285
f 5287 5285 5289
f 5290 5291 5292
f 5290 5292 5293
f 5294 5295 5291
f 5294 5291 5290
f 5296 5244 5295
f 5296 5295 5294
f 5293 5292 5244
f 5293 5244 5296
f 5297 5298 5299
f 5297 5299 5300
g ground
f 5301 5302 5303
f 5301 5303 5304
g wall
f 5305 5306 5307
f 5305 5307 5308
g ceiling
f 5309 5310 5311
f 5309 5311 5305
g wall
f 5312 5313 5314
f 5312 5314 5315
f 5316 5317 5313
f 5316 5313 5312
f 5318 5319 5317
f 5318 5317 5316
f 5315 5314 5319
f 5315 5319 5318
f 5320 5321 5322
f 5320 5322 5323
g ground
f 5324 5325 5321
f 5324 5321 5326
g wall
f 5327 5328 5325
f 5327 5325 5324
g ceiling
f 5329 5330 5331
f 5329 5331 5332
g wall
f 5333 5334 5335
f 5333 5335 5336
f 5337 5338 5334
f 5337 5334 5333
f 5339 5340 5338
f 5339 5338 5337
f 5336 5335 5340
f 5336 5340 5339
g ground
f 5341 5342 5343
g ceiling
f 4929 3043 5344
g ground
f 2917 5345 5341
g ceiling
f 3043 3696 5346
g ground
f 5347 1756 5348
f 5347 5348 5349
f 5350 5347 5349
f 5350 5349 5351
f 5352 5353 5354
f 5352 5354 5355
f 5356 5357 5358
f 5356 5358 5352
f 5358 5359 1535
f 5358 1535 5360
g ceiling
f 854 575 567
f 854 567 5361
g ground
f 5360 1534 5362
f 5360 5362 5353
g ceiling
f 559 605 1531
f 559 1531 5361
g ground
f 5363 4539 5364
f 5363 5364 5365
g wall
f 5366 5363 5367
f 5366 5367 5368
g ceiling
f 5369 5370 4541
f 5369 4541 5367
g wall
f 5371 5372 5373
f 5371 5373 5374
f 5375 5376 4429
f 5375 4429 4430
g ceiling
f 5376 5375 5372
f 5376 5372 5371
g ground
f 5374 5373 4430
f 5374 4430 4429
g wall
f 5373 5372 5375
f 5373 5375 4430
f 4429 5376 5371
f 4429 5371 5374
f 5377 5378 5379
f 5377 5379 5371
f 5380 4474 5376
f 5380 5376 5381
g ceiling
f 4474 5380 5378
f 4474 5378 5377
g ground
f 5371 5379 5381
f 5371 5381 5376
g wall
f 5379 5378 5380
f 5379 5380 5381
f 5376 4474 5377
f 5376 5377 5371
f 5382 5383 5372
f 5382 5372 5384
f 4507 5385 5386
f 4507 5386 5375
g ceiling
f 5385 4507 5383
f 5385 5383 5382
g ground
f 5384 5372 5375
f 5384 5375 5386
g wall
f 5372 5383 4507
f 5372 4507 5375
f 5386 5385 5382
f 5386 5382 5384
f 5387 5388 5385
f 5387 5385 5380
g ceiling
f 5382 5378 5380
f 5382 5380 5385
g ground
f 5388 5387 5389
f 5388 5389 5390
g wall
f 5385 5388 5390
f 5385 5390 5382
f 5378 5389 5387
f 5378 5387 5380
f 5391 5392 5393
f 5391 5393 5394
f 5393 5392 5395
f 5393 5395 5390
f 5389 5396 5391
f 5389 5391 5394
f 5397 5398 5396
f 5397 5396 5395
f 5399 5400 5401
f 5399 5401 5402
g ceiling
f 5395 5396 5402
f 5395 5402 5401
g ground
f 5400 5399 5398
f 5400 5398 5397
g wall
f 5401 5400 5397
f 5401 5397 5395
f 5396 5398 5399
f 5396 5399 5402
f 5398 5397 5384
f 5398 5384 5379
f 5403 5404 5405
f 5403 5405 5406
g ceiling
f 5404 5403 5397
f 5404 5397 5398
g ground
f 5379 5384 5406
f 5379 5406 5405
g wall
f 5384 5397 5403
f 5384 5403 5406
f 5405 5404 5398
f 5405 5398 5379
f 5407 5371 5374
f 5407 5374 5408
f 5409 5410 5411
f 5409 5411 4386
g ceiling
f 5410 5409 5371
f 5410 5371 5407
g ground
f 5408 5374 4386
f 5408 4386 5411
g wall
f 5374 5371 5409
f 5374 5409 4386
f 5411 5410 5407
f 5411 5407 5408
f 5412 5413 5414
f 5412 5414 5407
f 5415 5416 5410
f 5415 5410 5417
g ceiling
f 5416 5415 5413
f 5416 5413 5412
g ground
f 5407 5414 5417
f 5407 5417 5410
g wall
f 5414 5413 5415
f 5414 5415 5417
f 5410 5416 5412
f 5410 5412 5407
f 5418 5377 5371
f 5418 5371 5419
f 5420 5421 5422
f 5420 5422 5409
g ceiling
f 5421 5420 5377
f 5421 5377 5418
g ground
f 5419 5371 5409
f 5419 5409 5422
g wall
f 5371 5377 5420
f 5371 5420 5409
f 5422 5421 5418
f 5422 5418 5419
f 5423 5424 5425
f 5423 5425 5426
f 5427 5428 5429
f 5427 5429 5430
g ceiling
f 5426 5425 5430
f 5426 5430 5429
g ground
f 5428 5427 5424
f 5428 5424 5423
g wall
f 5429 5428 5423
f 5429 5423 5426
f 5425 5424 5427
f 5425 5427 5430
f 5431 5432 5421
f 5431 5421 5415
g ceiling
f 5418 5413 5415
f 5418 5415 5421
g ground
f 5432 5431 5433
f 5432 5433 5434
g wall
f 5421 5432 5434
f 5421 5434 5418
f 5413 5433 5431
f 5413 5431 5415
f 5424 5423 5419
f 5424 5419 5414
f 5435 5436 5437
f 5435 5437 5438
g ceiling
f 5436 5435 5423
f 5436 5423 5424
g ground
f 5414 5419 5438
f 5414 5438 5437
g wall
f 5419 5423 5435
f 5419 5435 5438
f 5437 5436 5424
f 5437 5424 5414
f 5426 5425 5433
f 5426 5433 5434
f 5439 5440 5441
f 5439 5441 5442
f 5441 5440 5426
f 5441 5426 5434
f 5433 5425 5439
f 5433 5439 5442
f 5443 5407 5408
f 5443 5408 5444
f 5410 5445 5446
f 5410 5446 5411
g ceiling
f 5445 5410 5407
f 5445 5407 5443
g ground
f 5444 5408 5411
f 5444 5411 5446
g wall
f 5408 5407 5410
f 5408 5410 5411
f 5446 5445 5443
f 5446 5443 5444
f 5447 5412 5407
f 5447 5407 5448
f 5416 5449 5450
f 5416 5450 5410
g ceiling
f 5449 5416 5412
f 5449 5412 5447
g ground
f 5448 5407 5410
f 5448 5410 5450
g wall
f 5407 5412 5416
f 5407 5416 5410
f 5450 5449 5447
f 5450 5447 5448
f 5451 5452 5448
f 5451 5448 5453
f 5454 5455 5456
f 5454 5456 5457
g ceiling
f 5455 5454 5452
f 5455 5452 5451
g ground
f 5453 5448 5457
f 5453 5457 5456
g wall
f 5448 5452 5454
f 5448 5454 5457
f 5456 5455 5451
f 5456 5451 5453
f 5452 5451 5458
f 5452 5458 5459
f 5460 5461 5462
f 5460 5462 5463
g ceiling
f 5459 5458 5463
f 5459 5463 5462
g ground
f 5461 5460 5451
f 5461 5451 5452
g wall
f 5462 5461 5452
f 5462 5452 5459
f 5458 5451 5460
f 5458 5460 5463
f 5459 5458 5464
f 5459 5464 5465
f 5466 5467 5468
f 5466 5468 5469
f 5468 5467 5459
f 5468 5459 5465
f 5464 5458 5466
f 5464 5466 5469
f 5465 5464 5470
f 5465 5470 5447
f 5471 5472 5449
f 5471 5449 5473
g ground
f 5472 5471 5464
f 5472 5464 5465
g wall
f 5449 5472 5465
f 5449 5465 5447
f 5470 5464 5471
f 5470 5471 5473
f 5474 5470 5453
f 5474 5453 5443
f 5473 5475 5445
f 5473 5445 5476
g ceiling
f 5475 5473 5470
f 5475 5470 5474
g ground
f 5443 5453 5476
f 5443 5476 5445
g wall
f 5453 5470 5473
f 5453 5473 5476
f 5445 5475 5474
f 5445 5474 5443
f 5477 5478 5479
f 5477 5479 5480
f 4425 5481 5482
f 4425 5482 5483
g ceiling
f 5480 5479 5483
f 5480 5483 5482
g ground
f 5481 4425 5478
f 5481 5478 5477
g wall
f 4425 5483 5479
f 4425 5479 5478
f 5477 5480 5482
f 5477 5482 5481
f 5480 5484 5485
f 5480 5485 5486
f 5487 5482 5488
f 5487 5488 5489
g ceiling
f 5486 5485 5489
f 5486 5489 5488
g ground
f 5482 5487 5484
f 5482 5484 5480
g wall
f 5487 5489 5485
f 5487 5485 5484
f 5480 5486 5488
f 5480 5488 5482
f 5484 5490 5491
f 5484 5491 5492
f 5493 5494 5495
f 5493 5495 5496
g ceiling
f 5492 5491 5496
f 5492 5496 5495
g ground
f 5494 5493 5490
f 5494 5490 5484
g wall
f 5493 5496 5491
f 5493 5491 5490
f 5484 5492 5495
f 5484 5495 5494
f 5497 5498 5499
f 5497 5499 5500
g ceiling
f 5501 5502 5500
f 5501 5500 5499
g ground
f 5498 5497 5491
f 5498 5491 5492
g wall
f 5502 5491 5497
f 5502 5497 5500
f 5499 5498 5492
f 5499 5492 5501
f 5501 5502 5503
f 5501 5503 5504
f 5505 5506 5507
f 5505 5507 5508
f 5503 5502 5505
f 5503 5505 5508
f 5507 5506 5501
f 5507 5501 5504
f 5504 5503 5509
f 5504 5509 5485
f 5510 5511 5489
f 5510 5489 5512
g ground
f 5511 5510 5503
f 5511 5503 5504
g wall
f 5509 5503 5510
f 5509 5510 5512
f 5489 5511 5504
f 5489 5504 5485
f 5490 5479 5513
f 5490 5513 5509
f 5483 5514 5512
f 5483 5512 5515
g ceiling
f 5509 5513 5515
f 5509 5515 5512
g ground
f 5514 5483 5479
f 5514 5479 5490
g wall
f 5483 5515 5513
f 5483 5513 5479
f 5490 5509 5512
f 5490 5512 5514
f 5478 5373 5372
f 5478 5372 5479
f 4417 4418 5516
f 4417 5516 5517
g ceiling
f 5479 5372 5517
f 5479 5517 5516
g ground
f 4418 4417 5373
f 4418 5373 5478
g wall
f 4417 5517 5372
f 4417 5372 5373
f 5478 5479 5516
f 5478 5516 4418
f 5479 5518 5519
f 5479 5519 5513
f 5520 5516 5521
f 5520 5521 5522
g ceiling
f 5513 5519 5522
f 5513 5522 5521
g ground
f 5516 5520 5518
f 5516 5518 5479
g wall
f 5520 5522 5519
f 5520 5519 5518
f 5479 5513 5521
f 5479 5521 5516
f 5518 5523 5524
f 5518 5524 5525
f 5526 5527 5528
f 5526 5528 5529
g ceiling
f 5525 5524 5529
f 5525 5529 5528
g ground
f 5527 5526 5523
f 5527 5523 5518
g wall
f 5526 5529 5524
f 5526 5524 5523
f 5518 5525 5528
f 5518 5528 5527
f 5530 5531 5532
f 5530 5532 5533
g ceiling
f 5534 5535 5533
f 5534 5533 5532
g ground
f 5531 5530 5524
f 5531 5524 5525
g wall
f 5535 5524 5530
f 5535 5530 5533
f 5532 5531 5525
f 5532 5525 5534
f 5536 5537 5538
f 5536 5538 5539
f 5540 5535 5536
f 5540 5536 5539
f 5538 5537 5534
f 5538 5534 5541
f 5542 5543 5522
f 5542 5522 5544
g ceiling
f 5519 5545 5544
f 5519 5544 5522
g ground
f 5543 5542 5540
f 5543 5540 5541
g wall
f 5545 5540 5542
f 5545 5542 5544
f 5522 5543 5541
f 5522 5541 5519
f 5523 5372 5383
f 5523 5383 5545
f 5517 5546 5544
f 5517 5544 4540
g ceiling
f 5545 5383 4540
f 5545 4540 5544
g ground
f 5546 5517 5372
f 5546 5372 5523
g wall
f 5517 4540 5383
f 5517 5383 5372
f 5523 5545 5544
f 5523 5544 5546
f 4439 4474 5547
f 4439 5547 5548
f 5548 5547 5549
f 5548 5549 5550
f 5550 5549 5420
f 5550 5420 4440
f 4440 5420 4474
f 4440 4474 4439
g ceiling
f 4439 5548 5550
f 4439 5550 4440
g ground
f 5420 5549 5547
f 5420 5547 4474
g wall
f 5551 5552 5553
f 5551 5553 5554
f 5554 5553 5555
f 5554 5555 5556
f 5556 5555 5557
f 5556 5557 5558
f 5559 5560 5561
f 5559 5561 5562
f 5563 5564 5565
f 5563 5565 5550
f 5550 5565 5560
f 5550 5560 5559
g ceiling
f 5559 5562 5563
f 5559 5563 5550
g ground
f 5565 5564 5561
f 5565 5561 5560
g wall
f 5566 5567 5568
f 5566 5568 5569
f 5570 5571 5549
f 5570 5549 5572
f 5572 5549 5567
f 5572 5567 5566
g ceiling
f 5566 5569 5570
f 5566 5570 5572
g ground
f 5549 5571 5568
f 5549 5568 5567
g wall
f 5573 5574 5575
f 5573 5575 5576
f 5576 5575 5566
f 5576 5566 5560
f 5577 5578 5579
f 5577 5579 5580
f 5562 5568 5581
f 5562 5581 5582
f 5583 4482 5571
f 5583 5571 5563
f 5563 5571 5568
f 5563 5568 5562
g ceiling
f 5562 5582 5583
f 5562 5583 5563
g ground
f 5571 4482 5581
f 5571 5581 5568
g wall
f 5584 5521 5585
f 5584 5585 5586
f 5587 5588 5521
f 5587 5521 5584
f 5589 5590 5588
f 5589 5588 5587
g ceiling
f 5584 5586 5589
f 5584 5589 5587
g ground
f 5590 5585 5521
f 5590 5521 5588
g wall
f 5591 5592 4507
f 5591 4507 4556
f 5593 5588 5592
f 5593 5592 5591
f 4550 4540 5588
f 4550 5588 5593
f 4556 4507 4540
f 4556 4540 4550
g ceiling
f 5593 5591 4556
f 5593 4556 4550
g ground
f 4507 5592 5588
f 4507 5588 4540
g wall
f 5594 5595 5596
f 5594 5596 5597
f 5593 5598 5595
f 5593 5595 5594
f 5599 5600 5598
f 5599 5598 5593
g ceiling
f 5594 5597 5599
f 5594 5599 5593
g ground
f 5600 5596 5595
f 5600 5595 5598
g wall
f 5601 5602 5603
f 5601 5603 5604
f 5595 5584 5602
f 5595 5602 5601
f 5605 5606 5584
f 5605 5584 5595
f 5604 5603 5606
f 5604 5606 5605
f 5607 5608 5609
f 5607 5609 5610
f 5600 5589 5608
f 5600 5608 5607
f 5611 5612 5613
f 5611 5613 5614
g ground
f 691 5615 5616
f 691 5616 5617
g wall
f 344 5612 5611
f 344 5611 5615
f 344 5615 691
f 5617 5616 5614
f 5617 5614 5613
f 5617 5613 341
g ground
f 5616 5615 5611
f 5616 5611 5614
g wall
f 691 5617 341
f 691 341 344
f 5618 5619 5620
f 5618 5620 5621
g ground
f 5622 5620 5623
f 5622 5623 5624
g ceiling
f 5625 5621 5626
f 5625 5626 5627
g wall
f 5622 5624 5628
f 5622 5628 5626
f 684 5629 5630
f 684 5630 5631
f 684 5631 338
f 5631 5630 5632
f 5631 5632 5633
g ground
f 5634 5635 5629
f 5634 5629 684
g wall
f 347 5633 5632
f 347 5632 5635
f 347 5635 5634
g ground
f 5630 5629 5635
f 5630 5635 5632
g wall
f 5634 684 338
f 5634 338 347
f 5636 5637 5638
f 5636 5638 5639
f 5639 5638 5640
f 5639 5640 5641
f 678 5637 5636
f 678 5636 679
g ceiling
f 679 5636 5639
f 679 5639 5641
g wall
f 5642 5643 5644
f 5642 5644 5645
f 5645 5644 686
f 5645 686 689
f 5646 5643 5642
f 5646 5642 5647
g ceiling
f 5647 5642 5645
f 5647 5645 689
g wall
f 5648 682 5649
f 5648 5649 5650
g ground
f 5651 5649 5652
f 5651 5652 5653
g ceiling
f 5654 5650 5655
f 5654 5655 5656
g wall
f 5651 5653 5657
f 5651 5657 5655
g ceiling
f 459 5658 5659
f 459 5659 5660
g wall
f 438 459 5660
f 438 5660 5661
f 5661 5660 5659
f 5661 5659 5640
f 5658 678 5640
f 5658 5640 5659
f 5662 5663 5661
f 5662 5661 5664
f 5665 5640 5646
f 5665 5646 5666
g ceiling
f 5664 5665 5666
f 5664 5666 5662
g wall
f 5663 5646 5667
f 5663 5667 5668
g ceiling
f 5668 5667 5669
f 5668 5669 621
g wall
f 655 5663 5668
f 655 5668 621
f 5667 5646 686
f 5667 686 5669
g ground
f 615 5670 5671
f 615 5671 416
g wall
f 5672 5670 615
f 5672 615 612
f 5673 5671 5670
f 5673 5670 5672
f 441 416 5671
f 441 5671 5673
f 612 615 416
f 612 416 441
g ceiling
f 441 5673 5672
f 441 5672 612
g wall
f 5674 5675 5676
f 5674 5676 5677
f 5678 5679 5680
f 5678 5680 5681
f 5682 5683 5675
f 5682 5675 5684
f 5679 5685 5686
f 5679 5686 5687
f 5688 5683 5682
f 5688 5682 5689
f 5686 5685 5690
f 5686 5690 5691
f 5692 5688 5693
f 5692 5693 5694
f 5695 5690 5696
f 5695 5696 5697
f 5633 5632 5614
f 5633 5614 5613
g ground
f 5614 5632 5698
f 5614 5698 5699
g wall
f 5700 5701 5702
f 5700 5702 5703
g ground
f 5702 5701 5704
f 5702 5704 5705
g wall
f 5706 5707 5708
f 5706 5708 5709
g ground
f 5708 5707 5710
f 5708 5710 5711
g ceiling
f 5712 5713 5668
f 5712 5668 5660
g wall
f 5635 5616 5713
f 5635 5713 5712
g ground
f 5714 5715 5616
f 5714 5616 5635
g wall
f 5715 5714 5660
f 5715 5660 5668
f 5676 5664 5714
f 5676 5714 5716
f 5717 5718 5719
f 5717 5719 5634
f 5718 5676 5716
f 5718 5716 5719
f 5664 5676 5692
f 5664 5692 5662
f 5718 5717 5720
f 5718 5720 5721
g ceiling
f 5718 5721 5692
f 5718 5692 5676
g wall
f 5662 5692 5722
f 5662 5722 5715
f 5721 5720 5617
f 5721 5617 5723
f 5722 5692 5721
f 5722 5721 5723
f 5684 5674 5677
f 5684 5677 5716
f 5681 5680 5687
f 5681 5687 5724
f 5694 5693 5689
f 5694 5689 5722
f 5691 5695 5697
f 5691 5697 5725
g ground
f 5726 5727 5728
f 5726 5728 353
g wall
f 5729 5727 5726
f 5729 5726 5730
g ceiling
f 5731 5729 5730
f 5731 5730 350
g wall
f 4453 4456 5732
f 4453 5732 5733
f 5732 4456 4460
f 5732 4460 5734
f 5735 5734 4460
f 5735 4460 4457
f 4457 4453 5733
f 4457 5733 5735
g ceiling
f 5736 5737 5738
f 5736 5738 5739
g wall
f 5737 5736 5740
f 5737 5740 5741
f 4538 5740 5736
f 4538 5736 5739
g ground
f 5741 5740 4538
f 5741 4538 4537
g wall
f 4537 4538 5739
f 4537 5739 5738
f 5738 5737 5741
f 5738 5741 4537
f 5742 5743 5744
f 5742 5744 5745
g ground
f 5746 5743 5742
f 5746 5742 5747
g wall
f 5746 5747 5733
f 5746 5733 696
g ground
f 5748 5749 5750
f 5748 5750 5751
g wall
f 5749 5748 5752
f 5749 5752 5753
f 5751 5750 5754
f 5751 5754 5755
g ceiling
f 5755 5754 5753
f 5755 5753 5752
g ground
f 5756 5748 5751
f 5756 5751 5757
g wall
f 5748 5756 5758
f 5748 5758 5752
f 5747 5757 5751
f 5747 5751 5755
f 5758 5756 5757
f 5758 5757 5747
g ceiling
f 5747 5755 5752
f 5747 5752 5758
g ground
f 5759 5760 5761
f 5759 5761 5762
g ceiling
f 5763 5764 5765
f 5763 5765 5766
g wall
f 5761 5760 5764
f 5761 5764 5763
f 5762 5761 5763
f 5762 5763 5766
g ground
f 5767 5768 5769
f 5767 5769 5770
g ceiling
f 5771 5772 5773
f 5771 5773 5774
g wall
f 5768 5767 5774
f 5768 5774 5773
f 5767 5770 5771
f 5767 5771 5774
f 5769 5768 5773
f 5769 5773 5772
g ground
f 5775 5776 5777
f 5775 5777 5778
g ceiling
f 5779 5780 5781
f 5779 5781 5782
g wall
f 5776 5775 5782
f 5776 5782 5781
f 5775 5778 5779
f 5775 5779 5782
f 5777 5776 5781
f 5777 5781 5780
g ground
f 5768 5783 5784
f 5768 5784 5769
g ceiling
f 5785 5786 5787
f 5785 5787 5788
g wall
f 5783 5768 5788
f 5783 5788 5787
g ground
f 5749 5789 5790
f 5749 5790 5750
g wall
f 5789 5749 5791
f 5789 5791 5792
f 5793 5750 5790
f 5793 5790 5794
g ground
f 5783 5795 5796
f 5783 5796 5784
g ceiling
f 5797 5798 5799
f 5797 5799 5800
g wall
f 5795 5783 5800
f 5795 5800 5799
f 5783 5784 5797
f 5783 5797 5800
f 5796 5795 5799
f 5796 5799 5798
f 5746 484 5801
f 5746 5801 5802
f 5802 5801 5791
f 5802 5791 5753
f 484 5746 5754
f 484 5754 5793
g ceiling
f 5754 5746 5802
f 5754 5802 5753
g ground
f 5803 5804 5805
f 5803 5805 5806
g wall
f 5807 5804 5803
f 5807 5803 5808
f 5809 5805 5804
f 5809 5804 5807
f 5810 5806 5805
f 5810 5805 5809
g ceiling
f 5809 5807 5808
f 5809 5808 5810
g ground
f 5795 5811 5812
f 5795 5812 5796
g ceiling
f 5813 5814 5815
f 5813 5815 5816
g wall
f 5811 5795 5816
f 5811 5816 5815
g ground
f 5811 5817 5818
f 5811 5818 5812
g wall
f 5818 5817 5819
f 5818 5819 5820
g ceiling
f 5821 5820 5819
f 5821 5819 5822
g wall
f 5819 5817 5811
f 5819 5811 5822
f 5811 5812 5821
f 5811 5821 5822
f 5823 5824 5825
f 5823 5825 5826
f 5827 5828 5824
f 5827 5824 5823
f 5829 5830 5828
f 5829 5828 5827
g ceiling
f 5827 5823 5826
f 5827 5826 5829
g wall
f 5831 5832 5833
f 5831 5833 5834
f 5835 5836 5837
f 5835 5837 5838
f 5839 5840 5836
f 5839 5836 5835
f 5841 5842 5840
f 5841 5840 5839
f 5843 5844 5845
f 5843 5845 5846
f 5847 5848 5844
f 5847 5844 5843
f 5849 5850 5848
f 5849 5848 5847
f 5851 5852 5853
f 5851 5853 5854
g ground
f 5855 5856 5857
f 5855 5857 5858
f 5855 5858 5859
f 5855 5859 5860
f 5855 5860 5861
f 5855 5861 5862
f 5855 5862 5863
f 5855 5863 5864
f 5855 5864 5865
f 5855 5865 5866
g wall
f 5867 5868 5855
f 5867 5855 5869
f 5870 5871 5872
f 5870 5872 5873
f 5874 5858 5857
f 5874 5857 5875
f 5876 5859 5858
f 5876 5858 5874
f 5877 5860 5859
f 5877 5859 5876
f 5878 5861 5879
f 5878 5879 5880
f 5881 5862 5861
f 5881 5861 5878
f 5882 5883 5884
f 5882 5884 5885
f 5886 5864 5887
f 5886 5887 5888
f 5889 5890 5891
f 5889 5891 5892
f 5893 5894 5895
f 5893 5895 5896
f 5897 5898 5894
f 5897 5894 5893
g ceiling
f 5881 5878 5877
f 5881 5877 5876
f 5881 5876 5874
f 5881 5874 5875
f 5881 5875 5899
f 5881 5899 5869
f 5881 5869 5900
f 5881 5900 5901
f 5881 5901 5886
f 5881 5886 5902
g ground
f 5903 5904 5905
f 5903 5905 5906
g wall
f 5907 5904 5903
f 5907 5903 5908
f 5909 5905 5904
f 5909 5904 5907
f 5910 5906 5905
f 5910 5905 5909
g ceiling
f 5910 5909 5907
f 5910 5907 5908
g wall
f 488 481 5911
f 488 5911 5912
g ground
f 5789 5911 481
f 5789 481 5790
g wall
f 5912 5911 5789
f 5912 5789 5913
f 5790 481 488
f 5790 488 5914
f 5915 5916 5917
f 5915 5917 5918
f 5915 5918 5919
f 5915 5919 5920
g ceiling
f 5921 5916 5915
f 5921 5915 5922
g wall
f 5923 5917 5916
f 5923 5916 5921
f 5924 5918 5917
f 5924 5917 5923
g ground
f 5925 5919 5918
f 5925 5918 5924
f 5926 5920 5919
f 5926 5919 5925
g wall
f 5926 5925 5924
f 5926 5924 5923
f 5926 5923 5921
f 5926 5921 5922
f 5912 5913 5792
f 5912 5792 5801
f 5914 488 484
f 5914 484 5794
f 484 488 5912
f 484 5912 5801
g ground
f 5927 5928 5929
f 5927 5929 5930
g wall
f 5931 5928 5927
f 5931 5927 5932
f 5932 5927 5930
f 5932 5930 5933
f 5934 5929 5928
f 5934 5928 5931
f 5933 5930 5929
f 5933 5929 5934
f 5935 5936 5937
f 5935 5937 5938
f 5937 5936 5939
f 5937 5939 5940
f 5935 5938 5941
f 5935 5941 5942
f 5943 5944 5945
f 5943 5945 5946
f 5943 5946 5947
g ground
f 5948 5949 5950
f 5948 5950 5951
f 5952 5949 5948
f 5952 5948 5953
g wall
f 5946 5945 5954
f 5946 5954 5939
g ceiling
f 5955 5947 5946
f 5955 5946 5939
g wall
f 5956 5957 5947
f 5956 5947 5955
f 5958 5959 5960
f 5958 5960 5961
f 5962 5963 5964
f 5962 5964 5965
g ceiling
f 5965 5964 5961
f 5965 5961 5960
g wall
f 5966 5967 5968
f 5966 5968 5969
f 5966 5969 5970
f 5966 5970 5955
f 5968 5967 5971
f 5968 5971 5972
f 5973 5974 5975
f 5973 5975 5972
f 5976 5977 5978
f 5976 5978 5979
g ceiling
f 5979 5978 5972
f 5979 5972 5975
g wall
f 5974 5980 5941
f 5974 5941 5975
f 5981 5976 5979
f 5981 5979 5982
g ceiling
f 5982 5979 5975
f 5982 5975 5941
g wall
f 5983 5984 5985
f 5983 5985 5986
g ceiling
f 5987 5986 5985
f 5987 5985 5988
g ground
f 5989 5984 5983
f 5989 5983 5990
g wall
f 5989 5990 5987
f 5989 5987 5988
g ceiling
f 5941 5991 5992
f 5941 5992 5993
g wall
f 5932 5992 5991
f 5932 5991 5931
f 5933 5993 5992
f 5933 5992 5932
f 5931 5991 5941
f 5931 5941 5934
f 5934 5941 5993
f 5934 5993 5933
g ground
f 5994 5995 5996
f 5994 5996 5997
g wall
f 5995 5994 5998
f 5995 5998 5999
g ceiling
f 5999 5998 6000
f 5999 6000 6001
g wall
f 5998 5994 5997
f 5998 5997 6000
f 5996 5995 5999
f 5996 5999 6001
f 6002 5990 6003
f 6002 6003 6004
g ceiling
f 6005 6003 5990
f 6005 5990 5972
g wall
f 6004 6003 6005
f 6004 6005 6006
f 5990 6002 6007
f 5990 6007 5972
f 6006 6005 5972
f 6006 5972 6007
g ground
f 6008 6009 6010
f 6008 6010 6011
g wall
f 6010 6009 6012
f 6010 6012 6013
g ceiling
f 6013 6012 6014
f 6013 6014 6015
g wall
f 6012 6009 6008
f 6012 6008 6014
f 6011 6010 6013
f 6011 6013 6015
g ground
f 6016 5818 6017
f 6016 6017 6018
g wall
f 6004 6017 5818
f 6004 5818 6002
f 6006 6018 6017
f 6006 6017 6004
f 6002 5818 6016
f 6002 6016 6007
f 6007 6016 6018
f 6007 6018 6006
g ground
f 6019 6020 6021
f 6019 6021 6022
g wall
f 6023 6020 6019
f 6023 6019 6024
f 6025 6021 6020
f 6025 6020 6023
f 6026 6022 6021
f 6026 6021 6025
g ceiling
f 6026 6025 6023
f 6026 6023 6024
g ground
f 5929 6027 6028
f 5929 6028 5930
g wall
f 5930 6028 5963
f 5930 5963 5962
f 6027 5929 5942
f 6027 5942 5971
f 6028 6027 5971
f 6028 5971 5963
f 6029 6030 6031
f 6029 6031 6032
f 6032 6031 6033
f 6032 6033 6034
g ground
f 6031 6030 6035
f 6031 6035 6033
g wall
f 6030 6029 6036
f 6030 6036 6035
g ceiling
f 6029 6032 6034
f 6029 6034 6036
g wall
f 6034 6033 6035
f 6034 6035 6036
g ceiling
f 5987 6037 6038
f 5987 6038 6039
g wall
f 6037 5987 6040
f 6037 6040 6041
f 6042 6040 5987
f 6042 5987 6039
g ground
f 6041 6040 6042
f 6041 6042 6043
g wall
f 6038 6037 6041
f 6038 6041 6043
f 696 481 6044
f 696 6044 6045
g ground
f 6044 481 482
f 6044 482 6046
g wall
f 6046 482 6047
f 6046 6047 6048
g ground
f 6049 6050 6051
g wall
f 6051 6050 6052
f 6051 6052 6053
f 6050 6049 6054
f 6050 6054 6052
f 6049 6051 6053
f 6049 6053 6054
g ceiling
f 6053 6052 6054
g ground
f 6051 6055 6056
f 6055 6049 6057
f 6056 6055 6057
f 6056 6057 6058
g wall
f 6051 6059 6060
f 6061 6049 6062
g ceiling
f 6054 6063 6064
f 6063 6053 6065
f 6064 6063 6065
f 6064 6065 6066
g wall
f 6054 6067 6068
f 6053 6066 6069
g ceiling
f 6070 6071 6072
f 6071 6073 6074
f 6072 6071 6074
f 6072 6074 6075
g wall
f 6070 6072 6075
f 6073 6076 6077
g ground
f 6078 6079 6080
g wall
f 6080 6079 6081
f 6080 6081 6073
f 6079 6078 6070
f 6079 6070 6081
f 6078 6080 6073
f 6078 6073 6070
g ceiling
f 6073 6081 6070
g ground
f 6080 6082 6083
f 6082 6078 6084
f 6083 6082 6084
f 6083 6084 6085
g wall
f 6080 6086 6087
f 6088 6078 6089
g ceiling
f 6090 6091 6092
f 6090 6092 6093
g wall
f 6091 6094 6095
f 6091 6095 6092
g ground
f 6095 6094 6096
f 6095 6096 6097
g ceiling
f 6098 6090 6093
f 6098 6093 6099
g wall
f 6090 6100 6101
f 6090 6101 6093
g ground
f 6101 6100 6102
f 6101 6102 6103
g ceiling
f 6104 6098 6099
f 6104 6099 6105
g wall
f 6098 6106 6107
f 6098 6107 6099
g ground
f 6107 6106 6108
f 6107 6108 6109
g ceiling
f 728 6104 6105
f 728 6105 729
g wall
f 6104 6110 6111
f 6104 6111 6105
g ground
f 6111 6110 6112
f 6111 6112 6113
g wall
f 728 6114 6115
f 728 6115 729
g ground
f 6115 6114 6116
f 6115 6116 6117
f 6118 5356 6119
f 6118 6119 6120
g ceiling
f 570 6121 4560
f 570 4560 555
g ground
f 6122 6119 6123
f 6122 6123 6124
g ceiling
f 555 6125 6126
f 555 6126 603
f 6127 6092 4437
f 6127 4437 6126
g ground
f 6124 6128 6129
f 6124 6129 6130
g wall
f 6130 6129 6092
f 6130 6092 6127
g ceiling
f 6125 4554 6091
f 6125 6091 6131
g ground
f 6132 6133 6134
f 6132 6134 6122
g wall
f 6133 6132 6131
f 6133 6131 6091
f 6134 6133 6091
f 6134 6091 4554
g ground
f 5727 1103 1104
f 5727 1104 5728
g wall
f 1105 1103 5727
f 1105 5727 5729
g ceiling
f 1106 1105 5729
f 1106 5729 5731
g ground
f 6135 6136 6137
f 6135 6137 6138
g ceiling
f 6139 6140 6141
f 6139 6141 5729
g ground
f 6142 6143 6123
f 6142 6123 5355
g ceiling
f 603 6144 4447
f 603 4447 600
g ground
f 6145 6142 5355
f 6145 5355 6146
g ceiling
f 600 4447 6147
f 600 6147 1105
g ground
f 6138 6145 6146
f 6138 6146 6135
g ceiling
f 1105 6147 6139
f 1105 6139 5729
g ground
f 6148 6149 6150
f 6148 6150 6151
g wall
f 6139 6149 6148
f 6139 6148 6147
g ceiling
f 6152 6153 6139
f 6152 6139 6147
g ground
f 6149 6154 6155
f 6149 6155 6150
g wall
f 6156 6154 6149
f 6156 6149 6139
g ceiling
f 6153 6157 6156
f 6153 6156 6139
g ground
f 4442 6148 6151
f 4442 6151 4433
g wall
f 6147 6148 4442
f 6147 4442 4447
g ceiling
f 4440 6152 6147
f 4440 6147 4447
g ground
f 6130 6158 6159
g ceiling
f 6160 730 6127
g ground
f 6161 6162 6159
f 6161 6159 6163
g ceiling
f 6164 6165 6166
f 6164 6166 6167
g ground
f 6168 6169 6132
g ceiling
f 6131 727 6170
g wall
f 355 6171 2226
f 355 2226 6172
g ceiling
f 631 621 355
f 631 355 6172
g ground
f 6173 6174 6175
f 6173 6175 6176
g ceiling
f 6177 6178 6179
f 6177 6179 6180
g ground
f 6181 6182 6183
f 6181 6183 6184
g ceiling
f 6183 6182 6185
f 6183 6185 6186
g wall
f 6187 6188 6189
f 6187 6189 6190
g ceiling
f 6191 6188 6187
f 6191 6187 6192
g ground
f 6193 6194 6195
f 6193 6195 6196
g wall
f 6194 6193 6197
f 6194 6197 6198
f 6196 6195 6199
f 6196 6199 6200
g ceiling
f 6200 6199 6198
f 6200 6198 6197
g ground
f 6201 6202 6203
f 6201 6203 6204
g wall
f 6204 6203 6205
f 6204 6205 6206
f 6207 6208 6202
f 6207 6202 6201
g ceiling
f 6206 6205 6208
f 6206 6208 6207
g ground
f 6194 6209 6210
f 6194 6210 6195
g wall
f 6198 6211 6209
f 6198 6209 6194
f 6195 6210 6212
f 6195 6212 6213
g ceiling
f 6199 6214 6211
f 6199 6211 6198
g ground
f 6215 6216 6217
f 6215 6217 6218
g ceiling
f 6219 6216 6215
f 6219 6215 6220
g wall
f 6221 6222 6223
f 6224 6225 6226
g ground
f 6227 6228 6229
f 6227 6229 6230
g ceiling
f 6230 6229 6231
f 6230 6231 6232
g ground
f 6233 6234 6235
f 6233 6235 6236
g wall
f 6234 6233 6237
f 6234 6237 6238
f 6236 6235 6239
f 6236 6239 6240
g ceiling
f 6238 6237 6240
f 6238 6240 6239
g ground
f 6241 6242 6243
f 6241 6243 6244
g wall
f 6245 6246 6247
f 6245 6247 6248
f 6211 6249 6250
f 6211 6250 6241
f 6251 6252 6253
f 6251 6253 6214
f 6214 6254 6255
f 6214 6255 6211
f 6256 6257 628
f 6256 628 624
f 6258 6259 6257
f 6258 6257 6256
f 443 444 6259
f 443 6259 6258
f 624 628 444
f 624 444 443
g ground
f 6227 6230 6260
f 6227 6260 6261
g ceiling
f 6262 6260 6230
f 6262 6230 6232
g ground
f 6263 6264 6265
f 6263 6265 6266
g wall
f 6267 6265 6268
f 6267 6268 6269
f 6264 6270 6271
f 6264 6271 6272
f 6273 6274 6275
f 6273 6275 6276
g ceiling
f 6275 6274 6277
f 6275 6277 6278
g ground
f 6261 6260 6215
f 6261 6215 6218
g ceiling
f 6220 6215 6260
f 6220 6260 6262
g ground
f 6279 6280 6281
f 6279 6281 6282
g wall
f 6282 6281 6232
f 6282 6232 6262
f 6186 6280 6283
f 6186 6283 6185
g ground
f 6276 6275 6284
f 6276 6284 6285
g ceiling
f 6284 6275 6278
f 6284 6278 6286
g ground
f 6285 6284 6287
f 6285 6287 6288
g ceiling
f 6287 6284 6286
f 6287 6286 6289
g ground
f 6290 6291 6292
f 6290 6292 6293
g wall
f 6291 6290 6294
f 6291 6294 6289
f 6293 6295 6180
f 6293 6180 6296
f 6297 6298 6299
f 6297 6299 6300
g ceiling
f 6301 6302 6303
f 6301 6303 6304
g wall
f 6216 6187 6190
f 6216 6190 6217
g ceiling
f 6192 6187 6216
f 6192 6216 6219
g ground
f 6236 6201 6204
f 6236 6204 6233
g wall
f 6233 6204 6206
f 6233 6206 6237
f 6201 6236 6240
f 6201 6240 6207
g ceiling
f 6237 6206 6207
f 6237 6207 6240
g ground
f 6305 6290 6293
f 6305 6293 6235
g wall
f 6290 6234 6238
f 6290 6238 6294
f 6235 6293 6296
f 6235 6296 6239
f 6306 6307 6308
f 6306 6308 6309
g ceiling
f 6310 6311 6312
f 6310 6312 6301
g ground
f 6313 6297 6300
f 6313 6300 6176
g ceiling
f 6304 6303 6178
f 6304 6178 6177
g wall
f 6314 6315 6316
f 6314 6316 6317
g ceiling
f 6318 6319 6320
f 6318 6320 6321
g wall
f 6322 6323 6324
f 6322 6324 6325
g ceiling
f 6326 6327 6328
f 6326 6328 6320
g ground
f 6291 6329 6330
f 6291 6330 6295
g wall
f 6231 6329 6291
f 6231 6291 6289
f 6331 6330 6332
f 6331 6332 6180
g ground
f 6333 6334 6179
f 6333 6179 6173
g ceiling
f 6180 6179 6334
f 6180 6334 6332
g wall
f 6335 6336 6274
f 6335 6274 6337
g ceiling
f 6274 6336 6338
f 6274 6338 6277
g ground
f 6339 6340 6341
f 6339 6341 6181
g ceiling
f 6182 6342 6343
f 6182 6343 6185
g ground
f 6264 6279 6282
f 6264 6282 6265
g wall
f 6344 6282 6262
f 6344 6262 6268
f 6283 6345 6272
f 6283 6272 6185
g ground
f 6346 6347 6348
f 6346 6348 6203
g wall
f 6349 6350 6351
f 6349 6351 6352
f 6353 6350 6349
f 6353 6349 6205
f 6208 6352 6351
f 6208 6351 6202
f 6205 6354 6355
f 6205 6355 6208
f 6356 6336 6335
f 6336 6356 6338
g ground
f 6288 6287 6229
f 6288 6229 6228
g ceiling
f 6231 6229 6287
f 6231 6287 6289
g wall
f 6188 6357 6358
f 6357 6188 6191
g ground
f 6196 6270 6267
f 6196 6267 6193
g wall
f 6193 6267 6359
f 6193 6359 6360
f 6270 6196 6200
f 6270 6200 6361
g ceiling
f 6362 6200 6197
f 6362 6197 6269
g ground
f 6317 6316 6363
f 6317 6363 6339
g ceiling
f 6342 6364 6321
f 6342 6321 6343
g wall
f 6365 6366 6367
f 6365 6367 6368
f 6369 6370 6366
f 6369 6366 6365
f 6371 6372 6370
f 6371 6370 6369
g ceiling
f 6371 6369 6365
f 6371 6365 6368
g wall
f 6373 6374 6375
f 6374 6376 6310
f 6184 6377 6378
f 6184 6378 6379
g ground
f 6380 6378 6377
f 6380 6377 6381
g wall
f 6379 6378 6380
f 6379 6380 6382
f 6382 6380 6381
f 6382 6381 6333
f 6383 6384 6385
f 6383 6385 350
f 6386 6387 6384
f 6386 6384 6383
f 5583 6388 6387
f 5583 6387 6386
f 350 6385 6388
f 350 6388 5583
g ceiling
f 5583 6386 6383
f 5583 6383 350
g ground
f 6389 6390 6391
f 6389 6391 4482
g wall
f 6387 6391 6390
f 6387 6390 6384
f 6388 4482 6391
f 6388 6391 6387
f 6385 6389 4482
f 6385 4482 6388
f 6392 5443 5444
f 6392 5444 6393
f 5445 6394 4385
f 5445 4385 5446
g ceiling
f 6394 5445 5443
f 6394 5443 6392
g ground
f 6393 5444 5446
f 6393 5446 4385
g wall
f 5444 5443 5445
f 5444 5445 5446
f 4385 6394 6392
f 4385 6392 6393
f 5581 5474 5443
f 5581 5443 6395
f 5475 4482 6396
f 5475 6396 5445
g ceiling
f 4482 5475 5474
f 4482 5474 5581
g ground
f 6395 5443 5445
f 6395 5445 6396
g wall
f 5443 5474 5475
f 5443 5475 5445
f 6396 4482 5581
f 6396 5581 6395
f 6397 6398 6395
f 6397 6395 6399
f 6400 6401 6402
f 6400 6402 6403
g ceiling
f 6401 6400 6398
f 6401 6398 6397
g ground
f 6399 6395 6403
f 6399 6403 6402
g wall
f 6395 6398 6400
f 6395 6400 6403
f 6402 6401 6397
f 6402 6397 6399
f 6404 6405 6399
f 6404 6399 6392
f 6406 6407 6394
f 6406 6394 6408
g ceiling
f 6407 6406 6405
f 6407 6405 6404
g ground
f 6392 6399 6408
f 6392 6408 6394
g wall
f 6399 6405 6406
f 6399 6406 6408
f 6394 6407 6404
f 6394 6404 6392
f 6398 6397 6409
f 6398 6409 6410
f 6411 6412 6413
f 6411 6413 6414
g ceiling
f 6410 6409 6414
f 6410 6414 6413
g ground
f 6412 6411 6397
f 6412 6397 6398
g wall
f 6413 6412 6398
f 6413 6398 6410
f 6410 6409 6415
f 6410 6415 6416
f 6417 6418 6419
f 6417 6419 6420
f 6419 6418 6410
f 6419 6410 6416
g ground
f 6421 6422 5726
f 6421 5726 6423
g wall
f 6141 6422 6421
f 6141 6421 6424
g ceiling
f 6141 6424 6425
f 6141 6425 5730
g wall
f 6426 6427 6428
f 6426 6428 6429
f 6430 6431 6432
f 6430 6432 6433
g ceiling
f 6433 6426 6429
f 6433 6429 6430
g ground
f 6434 6435 6436
f 6434 6436 6437
g wall
f 6438 6439 6440
f 6441 6442 6443
f 6444 6445 6446
f 6447 6448 6449
g ceiling
f 6443 6450 6439
f 6443 6439 6438
f 6443 6438 6449
f 6443 6449 6448
f 6443 6448 6445
f 6443 6445 6444
g ground
f 6437 6436 6446
f 6437 6446 6445
f 6437 6445 6451
f 6437 6451 6447
f 6435 6434 6452
f 6435 6452 6427
f 6435 6427 6453
f 6435 6453 6454
f 6436 6435 6455
f 6436 6455 6456
f 6436 6456 6444
f 6436 6444 6446
f 6428 6452 6457
f 6428 6457 6458
f 6428 6458 6447
f 6428 6447 6459
g wall
f 6460 6461 6462
g ceiling
f 6463 6461 6464
f 6463 6464 6465
g wall
f 6465 6464 6466
f 6450 6467 6468
f 6450 6468 6460
f 6468 6467 6469
f 6468 6469 6470
g ceiling
f 6460 6468 6470
f 6460 6470 6466
g wall
f 6470 6469 6427
f 6470 6427 6466
f 6471 6459 6448
f 6471 6448 6472
f 6473 6474 6475
f 6473 6475 6476
g ceiling
f 6472 6473 6477
f 6472 6477 6471
g wall
f 6433 6432 6478
f 6433 6478 6479
f 6480 6450 6427
f 6480 6427 6426
g ceiling
f 6479 6480 6426
f 6479 6426 6433
g wall
f 6481 6482 6483
f 6481 6483 6484
g ground
f 6485 6483 6482
f 6485 6482 6486
g ceiling
f 6487 6481 6484
f 6487 6484 6488
g wall
f 6485 6486 6487
f 6485 6487 6488
f 6489 6490 6474
f 6489 6474 6473
f 6472 6448 6445
f 6472 6445 6491
g ceiling
f 6491 6489 6473
f 6491 6473 6472
g wall
f 6492 6493 6494
f 6492 6494 6495
f 6496 6493 6492
f 6496 6492 6497
f 6495 6494 6498
f 6495 6498 6499
f 6498 6496 6497
f 6498 6497 6499
f 6500 6443 6450
f 6500 6450 6480
f 6479 6478 6501
f 6479 6501 6502
g ceiling
f 6503 6504 6479
f 6503 6479 6505
g wall
f 6506 6492 6495
f 6506 6495 6507
g ceiling
f 6508 6506 6507
f 6508 6507 6509
g wall
f 6507 6495 6499
f 6507 6499 6509
f 6499 6497 6508
f 6499 6508 6509
f 6510 6444 6443
f 6510 6443 6500
f 6502 6501 6511
f 6502 6511 6512
g ceiling
f 6510 6500 6502
f 6510 6502 6512
g wall
f 6435 6513 6467
f 6435 6467 6450
g ground
f 6514 6513 6435
f 6514 6435 6457
g wall
f 6467 6513 6514
f 6467 6514 6469
f 6469 6514 6457
f 6469 6457 6427
f 6429 6428 6459
f 6429 6459 6471
f 6476 6475 6431
f 6476 6431 6430
g ceiling
f 6476 6430 6429
f 6476 6429 6471
g wall
f 6491 6445 6444
f 6491 6444 6510
f 6512 6511 6490
f 6512 6490 6489
g ceiling
f 6489 6491 6510
f 6489 6510 6512
g wall
f 6493 6482 6481
f 6493 6481 6494
g ground
f 6486 6482 6493
f 6486 6493 6496
g ceiling
f 6494 6481 6487
f 6494 6487 6498
g wall
f 6486 6496 6498
f 6486 6498 6487
g ground
f 6515 6516 6517
f 6515 6517 6518
g wall
f 6519 6520 6516
f 6519 6516 6515
f 6520 6521 6517
f 6520 6517 6516
f 6521 6522 6518
f 6521 6518 6517
f 6522 6519 6515
f 6522 6515 6518
g ceiling
f 6522 6521 6520
f 6522 6520 6519
g ground
f 6523 6524 6525
f 6523 6525 6526
g wall
f 6527 6524 6523
f 6527 6523 6528
f 6529 6525 6524
f 6529 6524 6527
f 6530 6526 6525
f 6530 6525 6529
f 6528 6523 6526
f 6528 6526 6530
g ceiling
f 6527 6528 6530
f 6527 6530 6529
g wall
f 6531 6532 6533
f 6531 6533 6534
f 6531 6534 6535
f 6531 6535 6536
g ceiling
f 6537 6532 6531
f 6537 6531 6538
g wall
f 6539 6533 6532
f 6539 6532 6537
f 6540 6541 6542
f 6540 6542 6543
g ground
f 6544 6545 6546
f 6544 6546 6547
f 6548 6536 6545
f 6548 6545 6544
g wall
f 6548 6544 6547
f 6548 6547 6539
f 6548 6539 6537
f 6548 6537 6538
f 6549 6550 6551
f 6549 6551 6552
f 6553 6554 6550
f 6553 6550 6549
f 6555 6550 6556
f 6555 6556 6557
g ceiling
f 6555 6557 2374
f 6555 2374 6558
g wall
f 6559 6560 6561
f 6559 6561 6562
f 6563 2370 6564
f 6563 6564 6565
f 6566 2370 6563
f 6566 6563 6567
f 6568 6556 6569
f 6568 6569 6570
f 6569 6556 6566
f 6569 6566 6567
f 6571 6572 6573
f 6571 6573 6574
f 6575 6576 6572
f 6575 6572 6571
f 6577 6572 6578
f 6577 6578 6579
g ceiling
f 6577 6579 2383
f 6577 2383 6580
g wall
f 6581 6582 6583
f 6581 6583 6584
f 6585 6578 6586
f 6585 6586 6587
f 6586 6578 6588
f 6586 6588 6589
f 6590 2379 6591
f 6590 6591 6592
f 6588 2379 6590
f 6588 6590 6589
f 6593 6594 6595
f 6593 6595 6596
f 6597 6598 6594
f 6597 6594 6593
f 6599 6594 6600
f 6599 6600 6601
g ceiling
f 6599 6601 6602
f 6599 6602 6603
g wall
f 6604 6605 6606
f 6604 6606 6607
g ceiling
f 6604 6607 6608
f 6604 6608 6609
g wall
f 6610 6611 6612
f 6610 6612 6613
f 6614 6615 6616
f 6614 6616 6617
f 6618 6600 6576
f 6618 6576 6575
f 6619 6620 6600
f 6619 6600 6618
f 6621 6606 6554
f 6621 6554 6553
f 6622 6623 6606
f 6622 6606 6621
f 6624 6625 6598
f 6624 6598 6597
f 6626 6627 6625
f 6626 6625 6624
f 6628 6629 6630
f 6628 6630 6631
f 6632 6633 6629
f 6632 6629 6628
g ground
f 6634 6635 6636
f 6634 6636 6118
g ceiling
f 6637 6638 6121
f 6637 6121 577
g wall
f 6639 6640 6641
f 6639 6641 6642
f 8 6643 6644
f 8 6644 6645
g ground
f 6646 6647 6648
f 6646 6648 6649
g wall
f 6650 6648 6647
f 6650 6647 6651
f 6651 6647 6646
f 6651 6646 6652
g ceiling
f 6653 6650 6651
f 6653 6651 6652
g wall
f 6654 5477 5480
f 6654 5480 6655
f 5481 6656 6657
f 5481 6657 5482
g ceiling
f 6655 5480 5482
f 6655 5482 6657
g ground
f 6656 5481 5477
f 6656 5477 6654
g wall
f 5481 5482 5480
f 5481 5480 5477
f 6654 6655 6657
f 6654 6657 6656
f 6658 5480 6659
f 6658 6659 6660
f 5482 6661 6662
f 5482 6662 6663
g ceiling
f 6660 6659 6663
f 6660 6663 6662
g ground
f 6661 5482 5480
f 6661 5480 6658
g wall
f 5482 6663 6659
f 5482 6659 5480
f 6658 6660 6662
f 6658 6662 6661
f 6664 6658 6665
f 6664 6665 6666
f 6667 6668 6669
f 6667 6669 6670
g ceiling
f 6666 6665 6670
f 6666 6670 6669
g ground
f 6668 6667 6658
f 6668 6658 6664
g wall
f 6667 6670 6665
f 6667 6665 6658
f 6664 6666 6669
f 6664 6669 6668
f 6655 6664 6671
f 6655 6671 6672
f 6673 6657 6674
f 6673 6674 6675
g ceiling
f 6672 6671 6675
f 6672 6675 6674
g ground
f 6657 6673 6664
f 6657 6664 6655
g wall
f 6673 6675 6671
f 6673 6671 6664
f 6655 6672 6674
f 6655 6674 6657
f 6666 6665 6676
f 6666 6676 6671
f 6677 6678 6675
f 6677 6675 6679
g ground
f 6678 6677 6665
f 6678 6665 6666
g wall
f 6676 6665 6677
f 6676 6677 6679
f 6416 6415 6405
f 6416 6405 5582
f 6680 6681 5583
f 6680 5583 6406
g ceiling
f 5582 6405 6406
f 5582 6406 5583
g ground
f 6681 6680 6415
f 6681 6415 6416
g wall
f 5583 6681 6416
f 5583 6416 5582
g ground
f 4412 6682 6683
f 4412 6683 4411
g wall
f 4413 6684 6682
f 4413 6682 4412
f 6684 6685 6683
f 6684 6683 6682
f 6685 4414 4411
f 6685 4411 6683
f 4414 4413 4412
f 4414 4412 4411
g ceiling
f 4414 6685 6684
f 4414 6684 4413
g ground
f 4425 6656 6686
f 4425 6686 4424
g wall
f 4412 6682 6656
f 4412 6656 4425
f 6682 6687 6686
f 6682 6686 6656
f 6687 4426 4424
f 6687 4424 6686
f 4426 4412 4425
f 4426 4425 4424
g ceiling
f 4426 6687 6682
f 4426 6682 4412
g ground
f 5521 5515 6688
f 5521 6688 6689
g wall
f 6689 6688 6690
f 6689 6690 6691
g ceiling
f 6691 6690 6692
f 6691 6692 6693
g ground
f 6694 6695 6696
f 6694 6696 5488
g wall
f 6695 6694 6697
f 6695 6697 6698
g ceiling
f 6699 6700 6698
f 6699 6698 6697
g wall
f 6701 6702 5590
f 6701 5590 5599
f 6703 5513 6702
f 6703 6702 6701
f 5597 5585 5513
f 5597 5513 6703
f 5599 5590 5585
f 5599 5585 5597
g ceiling
f 5597 6703 6701
f 5597 6701 5599
g ground
f 5590 6702 5513
f 5590 5513 5585
g wall
f 6704 6705 6706
f 6704 6706 6707
f 6672 6676 6660
f 6672 6660 6708
f 6679 6674 6709
f 6679 6709 6662
g ceiling
f 6708 6660 6662
f 6708 6662 6709
g wall
f 6660 6676 6679
f 6660 6679 6662
f 6709 6674 6672
f 6709 6672 6708
f 6710 6711 5513
f 6710 5513 6703
f 6712 6713 6711
f 6712 6711 6710
f 6714 5515 6713
f 6714 6713 6712
g ceiling
f 6712 6710 6703
f 6712 6703 6714
g ground
f 5513 6711 6713
f 5513 6713 5515
g wall
f 6715 5486 6711
f 6715 6711 6716
f 6717 5488 5486
f 6717 5486 6715
f 6718 6713 5488
f 6718 5488 6717
g ceiling
f 6717 6715 6716
f 6717 6716 6718
g ground
f 6711 5486 5488
f 6711 5488 6713
g wall
f 6719 6715 6720
f 6719 6720 6721
f 6722 6717 6715
f 6722 6715 6719
f 6723 6724 6717
f 6723 6717 6722
f 6721 6720 6724
f 6721 6724 6723
f 6659 6719 6725
f 6659 6725 6710
f 6663 6722 6719
f 6663 6719 6659
f 6712 6726 6722
f 6712 6722 6663
g ceiling
f 6663 6659 6710
f 6663 6710 6712
g ground
f 6725 6719 6722
f 6725 6722 6726
g wall
f 6721 6720 6716
f 6721 6716 6725
f 6727 6728 6729
f 6727 6729 6730
f 6731 6732 6733
f 6731 6733 6734
f 6735 6736 6732
f 6735 6732 6731
g ground
f 6737 6738 6739
f 6737 6739 6740
g wall
f 6741 6739 6738
f 6741 6738 6742
f 6742 6738 6737
f 6742 6737 88
g ceiling
f 6743 6741 6742
f 6743 6742 88
g wall
f 6744 6745 84
f 6744 84 674
f 669 6746 6745
f 669 6745 6744
f 667 10 6746
f 667 6746 669
g ground
f 6747 6748 6749
f 6747 6749 6750
g ceiling
f 6751 6749 6748
f 6751 6748 6752
g ground
f 6753 6754 6755
f 6753 6755 6756
g ceiling
f 6757 6755 6754
f 6757 6754 6758
g wall
f 6759 6760 6761
f 6759 6761 6762
g ceiling
f 6763 6764 6765
f 6763 6765 6766
g ground
f 6767 6768 6769
f 6767 6769 6770
g wall
f 6768 6767 6771
f 6768 6771 6772
f 6773 6774 6775
f 6773 6775 6776
g ceiling
f 6777 6778 6779
f 6777 6779 6780
g ground
f 6781 6782 6783
f 6781 6783 6784
g wall
f 6784 6783 6785
f 6784 6785 6786
f 6787 6788 6782
f 6787 6782 6781
g ceiling
f 6786 6785 6788
f 6786 6788 6787
g ground
f 6768 6789 6790
f 6768 6790 6769
g wall
f 6772 6791 6789
f 6772 6789 6768
f 6769 6792 6793
f 6769 6793 6794
g ceiling
f 6778 6795 6796
f 6778 6796 6779
g ground
f 6797 6798 6799
f 6797 6799 6800
g ceiling
f 6801 6802 6803
f 6801 6803 6804
g wall
f 6805 6806 6807
f 6806 6805 6808
g ground
f 6809 6810 6811
f 6809 6811 6812
g ceiling
f 6813 6814 6812
f 6813 6812 6811
g ground
f 6815 6816 6817
f 6815 6817 6818
g wall
f 6819 6820 6821
f 6819 6821 6822
f 6818 6817 6823
f 6818 6823 6824
g ceiling
f 6825 6826 6824
f 6825 6824 6823
g ground
f 6789 6827 6828
f 6789 6828 6790
g wall
f 6829 6828 6827
f 6829 6827 6830
f 6831 6830 6827
f 6831 6827 6789
f 6792 6832 6833
f 6792 6833 6834
f 6795 6833 6835
f 6795 6835 6791
f 6836 6837 6838
f 6836 6838 6839
f 6840 6841 6837
f 6840 6837 6836
f 6842 6843 6841
f 6842 6841 6840
g ground
f 6809 6812 6844
f 6809 6844 6845
g ceiling
f 6846 6844 6812
f 6846 6812 6814
g ground
f 6847 6848 6849
f 6847 6849 6850
g wall
f 6851 6849 6852
f 6851 6852 6853
f 6848 6854 6855
f 6848 6855 6856
f 6857 6858 6859
f 6857 6859 6860
g ceiling
f 6861 6862 6863
f 6861 6863 6864
g ground
f 6865 6866 6867
f 6865 6867 6800
g ceiling
f 6868 6869 6844
f 6868 6844 6846
g ground
f 6870 6871 6872
f 6870 6872 6873
g wall
f 6873 6872 6814
f 6873 6814 6874
f 6757 6875 6876
f 6757 6876 6758
g ground
f 6860 6861 6877
f 6860 6877 6878
g ceiling
f 6877 6861 6864
f 6877 6864 6879
g ground
f 6878 6877 6880
f 6878 6880 6881
g ceiling
f 6882 6883 6879
f 6882 6879 6884
g ground
f 6885 6886 6887
f 6885 6887 6888
g wall
f 6886 6889 6890
f 6886 6890 6884
f 6888 6891 6752
f 6888 6752 6892
f 6893 6894 6895
f 6893 6895 6896
g ceiling
f 6897 6894 6893
f 6897 6893 6898
g wall
f 6899 6900 6762
f 6899 6762 6799
g ceiling
f 6766 6901 6902
f 6766 6902 6801
g ground
f 6903 6815 6818
f 6903 6818 6904
g wall
f 6815 6784 6905
f 6815 6905 6826
f 6781 6818 6824
f 6781 6824 6906
g ceiling
f 6907 6786 6787
f 6907 6787 6824
g ground
f 6908 6885 6909
f 6908 6909 6910
g wall
f 6889 6819 6911
f 6889 6911 6890
f 6912 6888 6892
f 6912 6892 6913
f 6894 6914 6915
f 6894 6915 6916
g ceiling
f 6917 6914 6894
f 6917 6894 6897
g ground
f 6749 6893 6896
f 6749 6896 6750
g ceiling
f 6898 6893 6749
f 6898 6749 6751
g wall
f 6918 6919 6920
f 6918 6920 6921
g ceiling
f 6920 6919 6922
f 6920 6922 6923
g wall
f 6807 6806 6919
f 6807 6919 6924
g ceiling
f 6919 6806 6808
f 6919 6808 6922
g ground
f 6886 6925 6926
f 6886 6926 6927
g wall
f 6813 6925 6886
f 6813 6886 6884
f 6891 6928 6929
f 6891 6929 6752
g ground
f 6930 6931 6748
f 6930 6748 6747
g ceiling
f 6752 6932 6933
f 6752 6933 6929
g wall
f 6934 6935 6862
f 6934 6862 6936
g ceiling
f 6937 6938 6939
f 6937 6939 6863
g ground
f 6940 6941 6754
f 6940 6754 6753
g ceiling
f 6754 6941 6942
f 6754 6942 6758
g ground
f 6848 6943 6944
f 6848 6944 6849
g wall
f 6849 6944 6846
f 6849 6846 6852
f 6870 6848 6856
f 6870 6856 6945
g ground
f 6946 6947 6948
f 6946 6948 6949
g wall
f 6950 6951 6952
f 6950 6952 6953
f 6783 6954 6955
f 6783 6955 6785
f 6788 6956 6957
f 6788 6957 6958
f 6959 6955 6956
f 6959 6956 6960
f 6961 6962 6934
f 6963 6964 6965
g ground
f 6881 6880 6811
f 6881 6811 6810
g ceiling
f 6813 6811 6880
f 6813 6880 6884
g wall
f 6760 6966 6761
f 6967 6968 6763
g ground
f 6770 6854 6851
f 6770 6851 6767
g wall
f 6767 6851 6853
f 6767 6853 6969
f 6854 6770 6777
f 6854 6777 6855
g ceiling
f 6855 6777 6969
f 6855 6969 6853
g ground
f 6921 6920 6941
f 6921 6941 6940
g ceiling
f 6941 6920 6923
f 6941 6923 6942
g wall
f 6970 6971 6972
f 6970 6972 6973
f 6974 6975 6971
f 6974 6971 6970
f 6976 6977 6975
f 6976 6975 6974
g ceiling
f 6976 6974 6970
f 6976 6970 6973
g wall
f 6914 6978 6979
f 6978 6914 6917
f 6980 6981 6982
f 6980 6982 6983
g ground
f 6984 6982 6981
f 6984 6981 6985
g wall
f 6983 6982 6984
f 6983 6984 6986
f 6986 6984 6985
f 6986 6985 6987
f 6988 6989 6990
f 6988 6990 6991
g ground
f 6992 6993 6994
f 6992 6994 6995
g wall
f 6996 6989 6988
f 6996 6988 6993
f 6996 6993 6992
f 6995 6994 6991
f 6995 6991 6990
f 6995 6990 6997
g ground
f 6998 6999 7000
f 6998 7000 7001
g wall
f 7002 7003 7004
f 7002 7004 7005
g ground
f 7006 7004 7003
f 7006 7003 7007
g ceiling
f 7002 7005 7008
f 7002 7008 7009
g wall
f 7006 7007 7009
f 7006 7009 7008
f 7010 7011 7012
f 7010 7012 7013
f 7010 7013 7014
f 7013 7012 7015
f 7013 7015 7016
g ground
f 7017 7018 7011
f 7017 7011 7010
g wall
f 7019 7016 7015
f 7019 7015 7018
f 7019 7018 7017
g ground
f 7020 7021 7022
f 7020 7022 7023
g wall
f 7024 7025 7026
f 7024 7026 7027
f 7027 7026 7028
f 7027 7028 7029
f 7030 7025 7024
f 7030 7024 7031
g ceiling
f 7031 7024 7027
f 7031 7027 7029
g wall
f 7032 7033 7034
f 7032 7034 7035
f 7035 7034 7036
f 7035 7036 7037
f 7038 7033 7032
f 7038 7032 7039
g ceiling
f 7039 7032 7035
f 7039 7035 7037
g wall
f 7040 7041 7042
f 7040 7042 7043
g ground
f 7044 7042 7041
f 7044 7041 7045
g ceiling
f 7040 7043 7046
f 7040 7046 7047
g wall
f 7044 7045 7047
f 7044 7047 7046
f 7030 7014 7048
f 7030 7048 7049
f 7049 7048 7050
f 7049 7050 7051
f 7051 7050 7019
f 7051 7019 7028
f 7014 7030 7028
f 7014 7028 7019
f 7052 7053 7051
f 7052 7051 7054
f 7055 7028 7038
f 7055 7038 7056
g ceiling
f 7052 7054 7055
f 7052 7055 7056
g wall
f 7053 7038 6997
f 7053 6997 7057
f 7058 7053 7057
f 7058 7057 7059
f 7036 7058 7059
f 7036 7059 6996
f 6997 7038 7036
f 6997 7036 6996
g ground
f 7060 7061 7062
f 7060 7062 7063
g wall
f 7064 7061 7060
f 7064 7060 7065
f 7066 7062 7061
f 7066 7061 7064
f 7067 7063 7062
f 7067 7062 7066
g ceiling
f 7067 7066 7064
f 7067 7064 7065
g wall
f 7068 7069 7070
f 7068 7070 7071
f 7072 7073 7074
f 7072 7074 7075
f 7076 7077 7069
f 7076 7069 7078
f 7073 7079 7080
f 7073 7080 7081
f 7082 7077 7076
f 7082 7076 7083
f 7080 7079 7084
f 7080 7084 7085
f 7086 7082 7087
f 7086 7087 7088
f 7089 7084 7090
f 7089 7090 7091
f 7016 7023 7001
f 7016 7001 6990
g ground
f 7001 7023 7092
f 7001 7092 7093
g wall
f 7094 7095 7096
f 7094 7096 7097
g ground
f 7096 7095 7098
f 7096 7098 7099
g wall
f 7100 7101 7102
f 7100 7102 7103
g ground
f 7102 7101 7104
f 7102 7104 7105
g wall
f 7022 6998 7106
f 7022 7106 7107
g ground
f 6998 7022 7108
f 6998 7108 7109
g wall
f 7109 7108 7050
f 7109 7050 7057
f 7070 7054 7108
f 7070 7108 7110
f 7111 7112 7113
f 7111 7113 7114
f 7115 7116 7110
f 7115 7110 7113
f 7054 7070 7086
f 7054 7086 7052
f 7117 7118 7119
f 7117 7119 7120
g ceiling
f 7086 7121 7122
f 7086 7122 7120
g wall
f 7052 7086 7123
f 7052 7123 7109
f 7120 7119 7124
f 7120 7124 7125
f 7123 7086 7120
f 7123 7120 7125
f 7078 7068 7071
f 7078 7071 7110
f 7075 7074 7081
f 7075 7081 7126
f 7088 7087 7083
f 7088 7083 7123
f 7085 7089 7091
f 7085 7091 7127
f 7128 6639 7129
f 7128 7129 670
f 669 6746 6645
f 669 6645 7130
g ceiling
f 669 7130 7128
f 669 7128 670
g wall
f 6663 7131 7132
f 6663 7132 7133
f 7134 7135 7131
f 7134 7131 6663
f 7136 7137 7135
f 7136 7135 7134
g ceiling
f 7136 7134 6663
f 7136 6663 7133
g wall
f 7131 7138 7139
f 7131 7139 7132
f 7137 7140 7141
f 7137 7141 7135
f 7135 7141 7138
f 7135 7138 7131
f 7142 7139 6640
f 7142 6640 7143
f 7058 6644 7140
f 7058 7140 7049
f 7144 6605 7145
f 7144 7145 7146
f 6631 6630 6605
f 6631 6605 7144
f 7147 7148 7149
f 7147 7149 7150
g ceiling
f 7151 7152 7147
f 7151 7147 7150
g wall
f 7153 7154 7152
f 7153 7152 7151
g ground
f 7149 7148 7154
f 7149 7154 7153
g wall
f 7150 7149 7153
f 7150 7153 7151
f 7155 7156 7157
f 7155 7157 7158
f 7141 7150 7156
f 7141 7156 7155
f 6643 7147 7150
f 6643 7150 7141
g ceiling
f 7141 7155 7158
f 7141 7158 6643
g wall
f 7159 7160 7161
f 7159 7161 7162
f 7163 7164 7165
f 7163 7165 7166
g ceiling
f 7167 7168 7162
f 7167 7162 7169
g ground
f 7170 7171 7172
f 7170 7172 7173
g wall
f 7174 7175 7176
f 7177 7178 7179
f 7180 7181 7182
f 7183 7184 7185
g ceiling
f 7181 7180 7179
f 7181 7179 7178
f 7181 7178 7175
f 7181 7175 7174
f 7181 7174 7185
f 7181 7185 7184
g ground
f 7173 7172 7182
f 7173 7182 7181
f 7173 7181 7184
f 7173 7184 7183
f 7186 7187 7188
f 7186 7188 7160
f 7186 7160 7189
f 7186 7189 7190
f 7172 7171 7190
f 7172 7190 7191
f 7172 7191 7192
f 7172 7192 7193
f 7194 7176 7170
f 7194 7170 7173
f 7194 7173 7183
f 7194 7183 7195
g wall
f 7196 7197 7198
g ceiling
f 7198 7197 7199
f 7198 7199 7200
g wall
f 7200 7199 7201
f 7189 7202 7203
f 7189 7203 7196
f 7203 7202 7204
f 7203 7204 7205
g ceiling
f 7201 7196 7203
f 7201 7203 7205
g wall
f 7205 7204 7160
f 7205 7160 7201
f 7206 7185 7184
f 7206 7184 7207
f 7208 7209 7210
f 7208 7210 7211
g ceiling
f 7212 7208 7211
f 7212 7211 7206
g wall
f 7166 7165 7213
f 7166 7213 7214
f 7215 7189 7160
f 7215 7160 7159
g ceiling
f 7166 7214 7215
f 7166 7215 7159
g wall
f 7216 7217 7218
f 7216 7218 7219
g ground
f 7218 7217 7220
f 7218 7220 7221
g ceiling
f 7222 7216 7219
f 7222 7219 7223
g wall
f 7221 7220 7222
f 7221 7222 7223
f 7224 7225 7209
f 7224 7209 7208
f 7207 7184 7181
f 7207 7181 7226
g ceiling
f 7226 7224 7208
f 7226 7208 7207
g wall
f 7227 7228 7229
f 7227 7229 7230
f 7231 7228 7227
f 7231 7227 7232
f 7230 7229 7233
f 7230 7233 7234
f 7233 7231 7232
f 7233 7232 7234
f 7235 7179 7189
f 7235 7189 7215
f 7214 7213 7236
f 7214 7236 7237
g ceiling
f 7235 7238 7239
f 7235 7239 7237
g wall
f 7240 7227 7230
f 7240 7230 7241
f 7232 7227 7240
f 7232 7240 7242
g ceiling
f 7242 7240 7241
f 7242 7241 7243
g wall
f 7241 7230 7234
f 7241 7234 7243
f 7234 7232 7242
f 7234 7242 7243
f 7244 7180 7179
f 7244 7179 7235
f 7237 7236 7245
f 7237 7245 7246
g ceiling
f 7246 7244 7235
f 7246 7235 7237
g wall
f 7171 7247 7202
f 7171 7202 7178
g ground
f 7248 7247 7171
f 7248 7171 7170
g wall
f 7202 7247 7248
f 7202 7248 7204
f 7204 7248 7170
f 7204 7170 7175
f 7162 7161 7185
f 7162 7185 7206
f 7211 7210 7164
f 7211 7164 7163
g ceiling
f 7211 7163 7162
f 7211 7162 7206
g wall
f 7226 7181 7180
f 7226 7180 7244
f 7246 7245 7225
f 7246 7225 7224
g ceiling
f 7249 7250 7244
f 7249 7244 7251
g wall
f 7252 7253 7216
f 7252 7216 7254
g ground
f 7220 7217 7228
f 7220 7228 7231
g ceiling
f 7229 7216 7222
f 7229 7222 7233
g wall
f 7255 7256 7257
f 7255 7257 7222
g ground
f 7258 7259 7260
f 7258 7260 7261
g wall
f 7262 7259 7258
f 7262 7258 7263
f 7264 7260 7259
f 7264 7259 7262
f 7265 7261 7260
f 7265 7260 7264
g ceiling
f 7265 7264 7262
f 7265 7262 7263
g ground
f 7266 7283 7267
f 7266 7267 7268
g wall
f 7269 7270 7271
f 7269 7271 7272
f 7273 7274 7275
f 7273 7275 7276
f 7272 7271 7268
f 7272 7268 7267
f 7272 7267 7274
f 7272 7274 7273
f 7272 7273 7280
f 7272 7280 7277
g ceiling
f 7278 7279 7277
f 7278 7277 7280
g wall
f 7266 7268 7281
f 7266 7281 7282
g ground
f 7267 7283 7275
f 7267 7275 7274
g ceiling
f 7273 7276 7278
f 7273 7278 7280
g wall
f 7279 7284 7285
f 7279 7285 7277
g ground
f 7286 7287 7288
f 7286 7288 7289
g wall
f 676 7287 7286
f 676 7286 7290
g ceiling
f 674 676 7290
f 674 7290 7291
g ground
f 7292 7286 7289
f 7292 7289 7293
g wall
f 7286 7292 7294
f 7286 7294 7290
g ceiling
f 7290 7294 7295
f 7290 7295 7291
g ground
f 7296 857 856
f 7296 856 7297
g wall
f 7297 856 858
f 7297 858 7298
g ceiling
f 7298 858 859
f 7298 859 7299
g ground
f 7293 7296 7297
f 7293 7297 7292
g wall
f 7292 7297 7298
f 7292 7298 7294
g ceiling
f 7294 7298 7299
f 7294 7299 7295
g ground
f 7300 7301 7302
f 7300 7302 7303
g wall
f 7304 7301 7300
f 7304 7300 7305
g ceiling
f 7133 6663 7304
f 7133 7304 7305
g ground
f 7306 7307 7308
f 7306 7308 7309
g ceiling
f 7310 7311 7312
f 7310 7312 7313
g ground
f 7314 7315 7316
f 7314 7316 7317
g wall
f 6638 7315 7314
f 6638 7314 7313
g ceiling
f 6638 7313 7318
f 6638 7318 5594
g ground
f 7319 7320 7321
f 7319 7321 7322
g wall
f 7322 7321 7323
f 7322 7323 7312
g ceiling
f 7312 7323 6714
f 7312 6714 7324
g ground
f 7325 7326 7327
f 7325 7327 7328
g wall
f 7326 7325 7329
f 7326 7329 7330
g ceiling
f 7330 7329 7331
f 7330 7331 7332
g ground
f 7333 7334 7335
f 7333 7335 7336
g wall
f 7334 7333 7337
f 7334 7337 7338
g ceiling
f 7339 7340 7338
f 7339 7338 7337
g ground
f 7317 7319 7322
f 7317 7322 7314
g wall
f 7314 7322 7312
f 7314 7312 7313
g ceiling
f 7313 7312 7324
f 7313 7324 7318
g ground
f 7341 7342 7343
f 7341 7343 7344
g ceiling
f 7311 7345 7346
f 7311 7346 7312
g ground
f 7342 7347 7343
g ceiling
f 7345 7323 7346
f 7348 7349 7350
f 7348 7350 701
g ground
f 475 7351 7352
f 475 7352 7353
g wall
f 7353 7352 7349
f 7353 7349 7348
f 7350 7351 475
f 7350 475 701
f 7354 7355 7356
f 7354 7356 7357
g ceiling
f 7358 7357 7356
f 7358 7356 7359
g ground
f 7360 7355 7354
f 7360 7354 7361
g wall
f 7361 7354 7357
f 7361 7357 7358
f 7356 7355 7360
f 7356 7360 7359
f 7355 7362 7363
f 7355 7363 7356
g ceiling
f 7364 7356 7363
f 7364 7363 7365
g ground
f 7366 7362 7355
f 7366 7355 7367
g wall
f 7366 7367 7364
f 7366 7364 7365
f 7368 7369 7370
f 7368 7370 7371
g ceiling
f 7360 7371 7370
f 7360 7370 7372
g ground
f 7373 7369 7368
f 7373 7368 7374
g wall
f 7374 7368 7371
f 7374 7371 7360
f 7373 7374 7360
f 7373 7360 7372
f 7375 7376 7377
f 7375 7377 7378
g ceiling
f 7379 7378 7377
f 7379 7377 7362
g ground
f 7380 7376 7375
f 7380 7375 7381
g wall
f 7380 7381 7379
f 7380 7379 7362
f 7382 7383 7384
f 7382 7384 7385
g ceiling
f 7386 7385 7384
f 7386 7384 7387
g ground
f 7388 7383 7382
f 7388 7382 7389
g wall
f 7384 7383 7388
f 7384 7388 7387
f 7388 7389 7386
f 7388 7386 7387
g ceiling
f 7390 7391 7392
f 7390 7392 7393
g ground
f 7394 7395 7396
f 7394 7396 7397
g wall
f 7397 7396 7391
f 7397 7391 7390
f 7392 7395 7394
f 7392 7394 7393
g ceiling
f 486 7398 7399
f 486 7399 7400
g ground
f 7401 7402 7403
f 7401 7403 497
g wall
f 497 7403 7398
f 497 7398 486
f 7399 7402 7401
f 7399 7401 7400
f 7401 497 486
f 7401 486 7400
f 7404 7405 7406
f 7404 7406 7407
g ceiling
f 7408 7407 7406
f 7408 7406 7379
g ground
f 7381 7405 7404
f 7381 7404 7409
g wall
f 7409 7404 7407
f 7409 7407 7408
f 7406 7405 7381
f 7406 7381 7379
f 7381 7409 7408
f 7381 7408 7379
f 7410 7411 7412
f 7410 7412 7413
g ceiling
f 7414 7413 7412
f 7414 7412 7415
g ground
f 7416 7411 7410
f 7416 7410 7417
g wall
f 7417 7410 7413
f 7417 7413 7414
f 7412 7411 7416
f 7412 7416 7415
f 7416 7417 7414
f 7416 7414 7415
g ceiling
f 7418 7419 7420
f 7418 7420 7421
g wall
f 7422 7423 7419
f 7422 7419 7418
f 7424 7425 7421
f 7424 7421 7420
g ceiling
f 7426 7427 7428
f 7426 7428 7429
g ground
f 7430 7431 7432
f 7430 7432 7433
g wall
f 7433 7432 7427
f 7433 7427 7426
f 7428 7431 7430
f 7428 7430 7429
g ceiling
f 7434 7435 7436
f 7434 7436 7437
g ground
f 7438 7439 7440
f 7438 7440 7441
g wall
f 7441 7440 7435
f 7441 7435 7434
f 7439 7438 7437
f 7439 7437 7436
g ceiling
f 7442 7443 7444
f 7442 7444 7445
g ground
f 7446 7447 7448
f 7446 7448 7449
g wall
f 7449 7448 7443
f 7449 7443 7442
f 7447 7446 7445
f 7447 7445 7444
f 7450 7451 7452
f 7450 7452 7453
f 7454 7455 7456
f 7454 7456 7457
f 7453 7458 7459
f 7453 7459 7450
f 7460 7461 7462
f 7460 7462 7463
g ground
f 7460 7463 7453
f 7460 7453 7450
g wall
f 7464 7465 7459
f 7464 7459 7466
f 7467 7468 7469
f 7467 7469 7461
f 7465 7467 7461
f 7465 7461 7459
f 7451 7465 7470
f 7451 7470 7452
f 7471 7472 7467
f 7471 7467 7473
g ceiling
f 7451 7452 7471
f 7451 7471 7473
g wall
f 7470 7474 7475
f 7470 7475 7458
f 7476 7472 7462
f 7476 7462 7477
f 7472 7470 7458
f 7472 7458 7462
f 7478 7479 7480
f 7478 7480 7481
f 7482 7483 7484
f 7482 7484 7485
f 7484 7478 7481
f 7484 7481 7485
f 7486 7464 7466
f 7486 7466 7487
f 7488 7489 7490
f 7488 7490 7491
f 7464 7488 7491
f 7464 7491 7466
f 7489 7486 7487
f 7489 7487 7490
g ceiling
f 7492 7493 7361
f 7492 7361 7494
g ground
f 7495 7496 7497
f 7495 7497 7498
g wall
f 7498 7497 7493
f 7498 7493 7492
f 7496 7495 7494
f 7496 7494 7361
f 7497 7496 7361
f 7497 7361 7493
g ceiling
f 7499 7500 7354
f 7499 7354 7501
g ground
f 7502 7503 7504
f 7502 7504 7505
g wall
f 7505 7504 7500
f 7505 7500 7499
f 7354 7503 7502
f 7354 7502 7501
f 7502 7505 7499
f 7502 7499 7501
f 7474 7506 7507
f 7474 7507 7475
f 7508 7509 7510
f 7508 7510 7511
f 7509 7474 7475
f 7509 7475 7510
f 7506 7508 7511
f 7506 7511 7507
f 7512 7486 7487
f 7512 7487 7513
f 7514 7515 7516
f 7514 7516 7517
f 7515 7512 7513
f 7515 7513 7516
f 7518 7519 7512
f 7518 7512 7520
f 7521 7515 7522
f 7521 7522 7523
g ceiling
f 7518 7520 7521
f 7518 7521 7523
g wall
f 7524 7518 7520
f 7524 7520 7525
f 7526 7527 7528
f 7526 7528 7529
f 7525 7513 7530
f 7525 7530 7524
f 7531 7532 7516
f 7531 7516 7533
g ground
f 7531 7533 7525
f 7531 7525 7524
g wall
f 7442 7519 7530
f 7442 7530 7441
f 7522 7534 7535
f 7522 7535 7532
f 7519 7522 7532
f 7519 7532 7530
f 7536 7443 7440
f 7536 7440 7537
f 7538 7539 7540
f 7538 7540 7541
f 7539 7536 7537
f 7539 7537 7540
f 7542 7543 7536
f 7542 7536 7544
f 7545 7539 7546
f 7545 7546 7547
g ceiling
f 7542 7544 7545
f 7542 7545 7547
g wall
f 7548 7542 7544
f 7548 7544 7549
f 7550 7551 7552
f 7550 7552 7553
f 7549 7537 7554
f 7549 7554 7548
f 7555 7556 7540
f 7555 7540 7557
g ground
f 7555 7557 7549
f 7555 7549 7548
g wall
f 7506 7543 7554
f 7506 7554 7507
f 7546 7558 7559
f 7546 7559 7556
f 7543 7546 7556
f 7543 7556 7554
f 7560 7561 7562
f 7560 7562 7563
f 7496 7560 7563
f 7496 7563 7361
f 7562 7561 7564
f 7562 7564 7565
f 7564 7496 7361
f 7564 7361 7565
f 7502 7566 7567
f 7502 7567 7501
f 7568 7502 7501
f 7568 7501 7569
f 7567 7566 7570
f 7567 7570 7571
f 7570 7568 7569
f 7570 7569 7571
g ceiling
f 7572 7573 7574
f 7572 7574 7575
g ground
f 7576 7577 7578
f 7576 7578 7579
g wall
f 7579 7578 7573
f 7579 7573 7572
f 7574 7577 7576
f 7574 7576 7575
f 7576 7579 7572
f 7576 7572 7575
g ceiling
f 7580 7581 7582
f 7580 7582 7384
g ground
f 7383 7583 7584
f 7383 7584 7585
g wall
f 7585 7584 7581
f 7585 7581 7580
f 7583 7383 7384
f 7583 7384 7582
f 7584 7583 7582
f 7584 7582 7581
g ceiling
f 7586 7587 7588
f 7586 7588 7589
g ground
f 7590 7591 7592
f 7590 7592 7593
g wall
f 7591 7590 7589
f 7591 7589 7588
f 7593 7592 7587
f 7593 7587 7586
f 7594 7595 7596
f 7594 7596 7597
f 7598 7599 7600
f 7598 7600 7601
f 7595 7598 7601
f 7595 7601 7596
f 7602 7603 7604
f 7602 7604 7605
f 7606 7607 7608
f 7606 7608 7609
f 7603 7606 7609
f 7603 7609 7604
f 7607 7602 7605
f 7607 7605 7608
f 7610 7611 7612
f 7610 7612 7613
f 7614 7615 7616
f 7614 7616 7617
g ceiling
f 7614 7617 7610
f 7614 7610 7613
g wall
f 7618 7594 7597
f 7618 7597 7619
f 7620 7621 7622
f 7620 7622 7623
f 7621 7618 7619
f 7621 7619 7622
f 7594 7620 7623
f 7594 7623 7597
f 7612 7602 7605
f 7612 7605 7624
f 7625 7615 7626
f 7625 7626 7627
f 7615 7612 7624
f 7615 7624 7626
f 7628 7618 7619
f 7628 7619 7629
f 7630 7631 7632
f 7630 7632 7633
f 7631 7628 7629
f 7631 7629 7632
f 7588 7611 7634
f 7588 7634 7635
f 7616 7636 7637
f 7616 7637 7638
f 7611 7616 7638
f 7611 7638 7634
g ceiling
f 7639 7640 7641
f 7639 7641 7642
g ground
f 7643 7635 7644
f 7643 7644 7645
g wall
f 7635 7643 7642
f 7635 7642 7641
f 7645 7644 7640
f 7645 7640 7639
f 7646 7647 7648
f 7646 7648 7649
f 7650 7651 7652
f 7650 7652 7653
f 7654 7655 7628
f 7654 7628 7656
f 7657 7631 7658
f 7657 7658 7659
g ceiling
f 7657 7659 7654
f 7657 7654 7656
g wall
f 7603 7655 7660
f 7603 7660 7604
f 7658 7661 7662
f 7658 7662 7663
f 7655 7658 7663
f 7655 7663 7660
f 7664 7624 7634
f 7664 7634 7665
f 7666 7638 7626
f 7666 7626 7667
g ground
f 7664 7665 7666
f 7664 7666 7667
g wall
f 7668 7589 7643
f 7668 7643 7669
f 7670 7671 7672
f 7670 7672 7673
f 7671 7668 7669
f 7671 7669 7672
f 7674 7654 7656
f 7674 7656 7675
f 7676 7677 7678
f 7676 7678 7679
f 7675 7629 7660
f 7675 7660 7674
f 7680 7663 7632
f 7680 7632 7681
g ground
f 7675 7674 7680
f 7675 7680 7681
g wall
f 7665 7610 7613
f 7665 7613 7664
f 7682 7683 7684
f 7682 7684 7685
f 7649 7669 7596
f 7649 7596 7646
f 7686 7601 7672
f 7686 7672 7687
g ground
f 7649 7646 7686
f 7649 7686 7687
g wall
f 7647 7595 7668
f 7647 7668 7648
f 7688 7671 7598
f 7688 7598 7689
g ceiling
f 7688 7689 7647
f 7688 7647 7648
g wall
f 7690 7579 7572
f 7690 7572 7691
f 7692 7690 7691
f 7692 7691 7693
f 7572 7579 7694
f 7572 7694 7695
f 7694 7692 7693
f 7694 7693 7695
f 7696 7697 7698
f 7696 7698 7699
f 7700 7696 7699
f 7700 7699 7701
f 7698 7697 7584
f 7698 7584 7581
f 7584 7700 7701
f 7584 7701 7581
f 7702 7703 7704
f 7702 7704 7705
g ceiling
f 7706 7705 7704
f 7706 7704 7707
g wall
f 7708 7702 7705
f 7708 7705 7706
f 7709 7708 7706
f 7709 7706 7707
f 7704 7703 7709
f 7704 7709 7707
g ceiling
f 7710 7418 7421
f 7710 7421 7711
g wall
f 7712 7422 7418
f 7712 7418 7710
f 7425 7713 7711
f 7425 7711 7421
f 7713 7712 7710
f 7713 7710 7711
g ceiling
f 7714 7715 7716
f 7714 7716 7717
g wall
f 7718 7719 7715
f 7718 7715 7714
f 7720 7721 7717
f 7720 7717 7716
g ceiling
f 7715 7722 7723
f 7715 7723 7716
g wall
f 7719 7724 7722
f 7719 7722 7715
f 7725 7720 7716
f 7725 7716 7723
f 7724 7725 7723
f 7724 7723 7722
f 7726 7727 7728
f 7726 7728 7479
g ceiling
f 7368 7479 7728
f 7368 7728 7729
g ground
f 7730 7727 7726
f 7730 7726 7731
g wall
f 7728 7727 7730
f 7728 7730 7729
f 7730 7731 7368
f 7730 7368 7729
f 7732 7733 7404
f 7732 7404 7411
g ceiling
f 7416 7411 7404
f 7416 7404 7409
g ground
f 7734 7733 7732
f 7734 7732 7735
g wall
f 7735 7732 7411
f 7735 7411 7416
f 7404 7733 7734
f 7404 7734 7409
f 7736 7737 7380
f 7736 7380 7738
g ceiling
f 7739 7738 7380
f 7739 7380 7740
g ground
f 7741 7737 7736
f 7741 7736 7742
g wall
f 7741 7742 7739
f 7741 7739 7740
f 7737 7743 7578
f 7737 7578 7380
g ceiling
f 7744 7380 7578
f 7744 7578 7584
g ground
f 7745 7743 7737
f 7745 7737 7746
g wall
f 7746 7737 7380
f 7746 7380 7744
f 7578 7743 7745
f 7578 7745 7584
g ceiling
f 7747 7748 7749
f 7747 7749 478
g ground
f 479 7750 7751
f 479 7751 7752
g wall
f 7752 7751 7748
f 7752 7748 7747
f 7749 7750 479
f 7749 479 478
f 7753 7745 7584
f 7753 7584 7496
g ceiling
f 7495 7496 7584
f 7495 7584 7585
g ground
f 7754 7745 7753
f 7754 7753 7755
g wall
f 7755 7753 7496
f 7755 7496 7495
f 7584 7745 7754
f 7584 7754 7585
f 7754 7755 7495
f 7754 7495 7585
f 7756 7736 7738
f 7756 7738 7503
g ceiling
f 7496 7503 7738
f 7496 7738 7374
g ground
f 7757 7736 7756
f 7757 7756 7753
g wall
f 7753 7756 7503
f 7753 7503 7496
f 7738 7736 7757
f 7738 7757 7374
f 7758 7759 7760
f 7758 7760 7761
g ceiling
f 7761 7760 7762
f 7761 7762 7763
g ground
f 7370 7764 7759
f 7370 7759 7758
g wall
f 7760 7759 7764
f 7760 7764 7762
f 7764 7370 7763
f 7764 7763 7762
f 7480 7765 7766
f 7480 7766 7767
g ceiling
f 7768 7767 7766
f 7768 7766 7769
g ground
f 7765 7480 7371
f 7765 7371 7770
g wall
f 7770 7371 7768
f 7770 7768 7769
g ceiling
f 7771 7763 7769
f 7771 7769 7772
g ground
f 7770 7370 7773
f 7770 7773 7774
g wall
f 7370 7770 7769
f 7370 7769 7763
g ceiling
f 7772 7775 7776
f 7772 7776 7771
g ground
f 7773 7777 7778
f 7773 7778 7774
g ceiling
f 7775 7779 7780
f 7775 7780 7776
g ground
f 7777 7781 7782
f 7777 7782 7778
g wall
f 7765 7758 7761
f 7765 7761 7766
g ceiling
f 7783 7766 7761
f 7783 7761 7784
g ground
f 7785 7758 7765
f 7785 7765 7786
g ceiling
f 7779 7783 7784
f 7779 7784 7780
g ground
f 7781 7785 7786
f 7781 7786 7782
g ceiling
f 7787 7788 7789
f 7787 7789 7790
g wall
f 7790 7789 7791
f 7790 7791 7792
f 7789 7788 7793
f 7789 7793 7791
f 7788 7787 7794
f 7788 7794 7793
f 7787 7790 7792
f 7787 7792 7794
g ground
f 7792 7791 7793
f 7792 7793 7794
g ceiling
f 7795 7796 7797
f 7795 7797 7798
f 7799 7800 7796
f 7799 7796 7795
g wall
f 7801 7799 7795
f 7801 7795 7798
f 7800 7432 7797
f 7800 7797 7796
g ceiling
f 7802 7803 7804
f 7802 7804 7805
f 7806 7807 7803
f 7806 7803 7802
g wall
f 7433 7806 7802
f 7433 7802 7805
f 7807 7808 7804
f 7807 7804 7803
g ceiling
f 7809 7810 7811
f 7809 7811 7812
g wall
f 7812 7811 7813
f 7812 7813 7814
f 7811 7810 7815
f 7811 7815 7813
f 7810 7809 7816
f 7810 7816 7815
f 7809 7812 7814
f 7809 7814 7816
g ground
f 7814 7813 7815
f 7814 7815 7816
g wall
f 7817 7818 7819
f 7817 7819 7820
f 7821 7822 7823
f 7821 7823 7824
f 7823 7822 7818
f 7823 7818 7817
g ground
f 7822 7821 7819
f 7822 7819 7818
g wall
f 7820 7819 7821
f 7820 7821 7824
g ceiling
f 7817 7820 7824
f 7817 7824 7823
g wall
f 7825 7826 7827
f 7825 7827 7828
f 7829 7830 7831
f 7829 7831 7832
f 7831 7830 7826
f 7831 7826 7825
g ground
f 7830 7829 7827
f 7830 7827 7826
g wall
f 7828 7827 7829
f 7828 7829 7832
g ceiling
f 7825 7828 7832
f 7825 7832 7831
g wall
f 7833 7834 7835
f 7833 7835 7836
f 7837 7838 7839
f 7837 7839 7840
f 7839 7838 7834
f 7839 7834 7833
g ground
f 7838 7837 7835
f 7838 7835 7834
g wall
f 7836 7835 7837
f 7836 7837 7840
g ceiling
f 7833 7836 7840
f 7833 7840 7839
g wall
f 7841 7842 7843
f 7841 7843 7844
f 7845 7846 7847
f 7845 7847 7848
f 7847 7846 7842
f 7847 7842 7841
g ground
f 7846 7845 7843
f 7846 7843 7842
g wall
f 7844 7843 7845
f 7844 7845 7848
g ceiling
f 7841 7844 7848
f 7841 7848 7847
g wall
f 7849 7850 7851
f 7849 7851 7852
f 7853 7854 7855
f 7853 7855 7856
f 7855 7854 7850
f 7855 7850 7849
g ground
f 7854 7853 7851
f 7854 7851 7850
g wall
f 7852 7851 7853
f 7852 7853 7856
g ceiling
f 7849 7852 7856
f 7849 7856 7855
g wall
f 7857 7858 7859
f 7857 7859 7860
f 7861 7862 7863
f 7861 7863 7864
f 7863 7862 7858
f 7863 7858 7857
g ground
f 7862 7861 7859
f 7862 7859 7858
g wall
f 7860 7859 7861
f 7860 7861 7864
g ceiling
f 7857 7860 7864
f 7857 7864 7863
g wall
f 7865 7866 7867
f 7865 7867 7868
f 7869 7870 7871
f 7869 7871 7872
f 7871 7870 7866
f 7871 7866 7865
g ground
f 7870 7869 7867
f 7870 7867 7866
g wall
f 7868 7867 7869
f 7868 7869 7872
g ceiling
f 7865 7868 7872
f 7865 7872 7871
g wall
f 7873 7874 7875
f 7873 7875 7876
f 7877 7878 7879
f 7877 7879 7880
f 7879 7878 7874
f 7879 7874 7873
g ground
f 7878 7877 7875
f 7878 7875 7874
g wall
f 7876 7875 7877
f 7876 7877 7880
g ceiling
f 7873 7876 7880
f 7873 7880 7879
g wall
f 7881 7882 7883
f 7881 7883 7884
f 7885 7886 7887
f 7885 7887 7888
f 7887 7886 7882
f 7887 7882 7881
g ground
f 7886 7885 7883
f 7886 7883 7882
g wall
f 7884 7883 7885
f 7884 7885 7888
g ceiling
f 7881 7884 7888
f 7881 7888 7887
g wall
f 7889 7890 7891
f 7889 7891 7892
f 7893 7894 7895
f 7893 7895 7896
f 7895 7894 7890
f 7895 7890 7889
g ground
f 7894 7893 7891
f 7894 7891 7890
g wall
f 7892 7891 7893
f 7892 7893 7896
g ceiling
f 7889 7892 7896
f 7889 7896 7895
g wall
f 7897 7898 7899
f 7897 7899 7900
f 7901 7902 7903
f 7901 7903 7904
f 7903 7902 7898
f 7903 7898 7897
g ground
f 7902 7901 7899
f 7902 7899 7898
g wall
f 7900 7899 7901
f 7900 7901 7904
g ceiling
f 7897 7900 7904
f 7897 7904 7903
g wall
f 7905 7906 7907
f 7905 7907 7908
f 7909 7910 7911
f 7909 7911 7912
f 7911 7910 7906
f 7911 7906 7905
g ground
f 7910 7909 7907
f 7910 7907 7906
g wall
f 7908 7907 7909
f 7908 7909 7912
g ceiling
f 7905 7908 7912
f 7905 7912 7911
g wall
f 7913 7914 7915
f 7913 7915 7916
f 7917 7918 7919
f 7917 7919 7920
f 7919 7918 7914
f 7919 7914 7913
g ground
f 7918 7917 7915
f 7918 7915 7914
g wall
f 7916 7915 7917
f 7916 7917 7920
g ceiling
f 7913 7916 7920
f 7913 7920 7919
g wall
f 7921 7922 7923
f 7921 7923 7924
f 7925 7926 7927
f 7925 7927 7928
f 7927 7926 7922
f 7927 7922 7921
g ground
f 7926 7925 7923
f 7926 7923 7922
g wall
f 7924 7923 7925
f 7924 7925 7928
g ceiling
f 7921 7924 7928
f 7921 7928 7927
g wall
f 7929 7930 7931
f 7929 7931 7932
f 7933 7934 7935
f 7933 7935 7936
f 7935 7934 7930
f 7935 7930 7929
g ground
f 7934 7933 7931
f 7934 7931 7930
g wall
f 7932 7931 7933
f 7932 7933 7936
g ceiling
f 7929 7932 7936
f 7929 7936 7935
g wall
f 7937 7938 7939
f 7937 7939 7940
f 7941 7942 7943
f 7941 7943 7944
f 7943 7942 7938
f 7943 7938 7937
g ground
f 7942 7941 7939
f 7942 7939 7938
g wall
f 7940 7939 7941
f 7940 7941 7944
g ceiling
f 7937 7940 7944
f 7937 7944 7943
g wall
f 7945 7946 7947
f 7945 7947 7948
f 7949 7950 7951
f 7949 7951 7952
f 7951 7950 7946
f 7951 7946 7945
g ground
f 7950 7949 7947
f 7950 7947 7946
g wall
f 7948 7947 7949
f 7948 7949 7952
g ceiling
f 7945 7948 7952
f 7945 7952 7951
g wall
f 7953 7954 7955
f 7953 7955 7956
f 7957 7958 7959
f 7957 7959 7960
f 7959 7958 7954
f 7959 7954 7953
g ground
f 7958 7957 7955
f 7958 7955 7954
g wall
f 7956 7955 7957
f 7956 7957 7960
g ceiling
f 7953 7956 7960
f 7953 7960 7959
g wall
f 7961 7962 7963
f 7961 7963 7964
f 7965 7966 7967
f 7965 7967 7968
f 7967 7966 7962
f 7967 7962 7961
g ground
f 7966 7965 7963
f 7966 7963 7962
g wall
f 7964 7963 7965
f 7964 7965 7968
g ceiling
f 7961 7964 7968
f 7961 7968 7967
g wall
f 7969 7970 7971
f 7969 7971 7972
f 7973 7974 7975
f 7973 7975 7976
f 7975 7974 7970
f 7975 7970 7969
g ground
f 7974 7973 7971
f 7974 7971 7970
g wall
f 7972 7971 7973
f 7972 7973 7976
g ceiling
f 7969 7972 7976
f 7969 7976 7975
g wall
f 7977 7978 7979
f 7977 7979 7980
f 7981 7982 7983
f 7981 7983 7984
f 7983 7982 7978
f 7983 7978 7977
g ground
f 7982 7981 7979
f 7982 7979 7978
g wall
f 7980 7979 7981
f 7980 7981 7984
g ceiling
f 7977 7980 7984
f 7977 7984 7983
g wall
f 7985 7986 7987
f 7985 7987 7988
f 7989 7990 7991
f 7989 7991 7992
f 7991 7990 7986
f 7991 7986 7985
g ground
f 7990 7989 7987
f 7990 7987 7986
g wall
f 7988 7987 7989
f 7988 7989 7992
g ceiling
f 7985 7988 7992
f 7985 7992 7991
g wall
f 7993 7994 7995
f 7993 7995 7996
f 7997 7998 7999
f 7997 7999 8000
f 7999 7998 7994
f 7999 7994 7993
g ground
f 7998 7997 7995
f 7998 7995 7994
g wall
f 7996 7995 7997
f 7996 7997 8000
g ceiling
f 7993 7996 8000
f 7993 8000 7999
g wall
f 8001 8002 8003
f 8001 8003 8004
f 8005 8006 8007
f 8005 8007 8008
f 8007 8006 8002
f 8007 8002 8001
g ground
f 8006 8005 8003
f 8006 8003 8002
g wall
f 8004 8003 8005
f 8004 8005 8008
g ceiling
f 8001 8004 8008
f 8001 8008 8007
g wall
f 5116 1673 4734
f 5116 4734 8009
f 8010 4700 1675
f 8010 1675 8011
g ground
f 4734 1673 1675
f 4734 1675 4700
g wall
f 1673 5116 8011
f 1673 8011 1675
f 4700 8010 8009
f 4700 8009 4734
g ceiling
f 8010 8011 5116
f 8010 5116 8009
g wall
f 4564 8012 5119
f 4564 5119 8009
f 8013 3058 8010
f 8013 8010 8014
g ceiling
f 3058 8013 8012
f 3058 8012 4564
g wall
f 5119 8012 8013
f 5119 8013 8014
f 8010 3058 4564
f 8010 4564 8009
g ground
f 8009 5119 8014
f 8009 8014 8010
g wall
f 5123 8012 1671
f 5123 1671 5120
f 8015 1674 8013
f 8015 8013 8016
g ceiling
f 8013 1674 1671
f 8013 1671 8012
g ground
f 5123 5120 8015
f 5123 8015 8016
f 8017 8018 8019
f 8017 8019 8020
g wall
f 8020 8019 675
f 8020 675 8021
g ceiling
f 670 7128 8021
f 670 8021 675
g wall
f 8022 697 704
f 8022 704 8023
g ceiling
f 8023 704 702
f 8023 702 8024
g ground
f 475 7353 8025
f 475 8025 8026
g wall
f 8022 8023 8024
f 8022 8024 8027
g ceiling
f 8028 8024 702
f 8028 702 8029
g ground
f 5732 8026 8025
f 5732 8025 8030
g wall
f 8030 8025 8024
f 8030 8024 8028
f 8026 5732 8029
f 8026 8029 702
f 5732 8030 8028
f 5732 8028 8029
g ceiling
f 8031 8032 8033
f 8031 8033 8034
g wall
f 8035 8036 8031
f 8035 8031 8034
f 8033 8032 8037
f 8033 8037 8038
f 8039 8031 8040
f 8039 8040 8041
f 8042 8039 8041
f 8042 8041 8043
f 8043 8044 8032
f 8043 8032 8042
f 8045 8046 8047
f 8045 8047 8048
f 8034 8047 8046
f 8034 8046 8049
f 8050 8045 8048
f 8050 8048 8033
g ground
f 8051 8052 8053
f 8051 8053 8054
g wall
f 8052 8051 8055
f 8052 8055 8056
g ceiling
f 8057 8056 8055
f 8057 8055 8058
g wall
f 8055 8051 8054
f 8055 8054 8058
f 8054 8053 8057
f 8054 8057 8058
g ground
f 8059 8060 8061
f 8060 8062 8063
f 8061 8060 8063
f 8061 8063 8064
g wall
f 8059 8061 8065
f 8063 8062 8065
f 8066 8067 8068
f 8066 8068 8069
g ceiling
f 8070 8069 8068
f 8070 8068 8071
g wall
f 8072 8066 8069
f 8072 8069 8070
f 8068 8067 8073
f 8068 8073 8071
f 8073 8072 8070
f 8073 8070 8071
f 8074 8075 8076
f 8074 8076 8077
g ceiling
f 8078 8077 8076
f 8078 8076 8079
g wall
f 8080 8074 8077
f 8080 8077 8078
f 8076 8075 8081
f 8076 8081 8079
f 8081 8080 8078
f 8081 8078 8079
g ceiling
f 359 358 8082
f 359 8082 8083
g wall
f 8084 8085 358
f 8084 358 359
f 8082 8086 8087
f 8082 8087 8083
g ceiling
f 8088 8089 8090
f 8088 8090 8091
g wall
f 8092 8093 8089
f 8092 8089 8088
f 8094 8095 8091
f 8094 8091 8090
f 8096 8089 8097
f 8096 8097 8098
f 8099 8100 8101
f 8099 8101 8102
f 8100 8096 8098
f 8100 8098 8101
f 8103 8104 8105
f 8103 8105 8106
f 8107 8108 8109
f 8107 8109 8110
g ground
f 8107 8110 8103
f 8107 8103 8106
g ceiling
f 8111 8112 8113
f 8111 8113 8114
g wall
f 8115 8116 8114
f 8115 8114 8113
f 8117 8118 8112
f 8117 8112 8111
f 8116 8117 8111
f 8116 8111 8114
f 8119 8120 8121
f 8119 8121 532
g ceiling
f 532 8121 8122
f 532 8122 533
g ground
f 332 8120 8119
f 332 8119 538
g wall
f 332 538 533
f 332 533 8122
f 499 519 8123
f 499 8123 8124
f 8124 8123 8125
f 8124 8125 8126
f 519 499 8127
f 519 8127 8128
g ceiling
f 8127 499 8124
f 8127 8124 8126
g wall
f 8126 8125 8128
f 8126 8128 8127
f 8129 8130 8131
f 8129 8131 8132
g ceiling
f 8133 8132 8131
f 8133 8131 8134
g ground
f 8130 8129 8135
f 8130 8135 8136
g ceiling
f 8079 8076 8137
f 8079 8137 8138
g ground
f 8139 8140 8141
f 8139 8141 8142
g ceiling
f 8143 8144 8145
f 8143 8145 8146
g wall
f 8147 8148 8146
f 8147 8146 8145
f 8149 8150 8144
f 8149 8144 8143
f 8151 8152 8153
f 8151 8153 8154
f 8155 8156 8157
f 8155 8157 8158
g ground
f 8151 8154 8155
f 8151 8155 8158
g wall
f 8159 8160 8105
f 8159 8105 8161
f 8162 8163 8164
f 8162 8164 8108
f 8160 8162 8108
f 8160 8108 8105
g ceiling
f 8165 8166 8167
f 8165 8167 8168
g wall
f 8169 8170 8166
f 8169 8166 8165
f 8171 8169 8165
f 8171 8165 8168
f 8167 8166 8170
f 8167 8170 8172
f 8173 8174 8175
f 8173 8175 8176
f 8177 8178 8179
f 8177 8179 8180
f 8179 8178 8174
f 8179 8174 8173
g ground
f 8178 8177 8175
f 8178 8175 8174
g wall
f 8176 8175 8177
f 8176 8177 8180
g ceiling
f 8173 8176 8180
f 8173 8180 8179
f 8181 8182 8183
f 8181 8183 8184
g wall
f 8185 8186 8183
f 8185 8183 8182
f 8181 8184 8187
f 8181 8187 8188
f 499 511 8189
f 499 8189 8190
g ground
f 8191 8189 511
f 8191 511 512
g wall
f 8191 512 8192
f 8191 8192 8193
g ceiling
f 8194 8195 8196
f 8195 8197 8198
f 8196 8195 8199
f 8196 8199 8200
g wall
f 8194 8201 8202
f 8197 8203 8199
g ground
f 8204 8205 8206
g wall
f 8206 8205 8207
f 8206 8207 8208
f 8205 8204 8209
f 8205 8209 8207
f 8204 8206 8208
f 8204 8208 8209
g ceiling
f 8208 8207 8209
g wall
f 8189 8210 8186
f 8189 8186 8185
g ground
f 8211 8210 8189
f 8211 8189 8191
g wall
f 8188 8187 8211
f 8188 8211 8191
g ceiling
f 8192 8212 8213
f 8192 8213 8214
g wall
f 517 8215 8212
f 517 8212 8192
f 8213 8216 8217
f 8213 8217 8214
f 8217 517 8192
f 8217 8192 8214
g ceiling
f 8218 8219 8220
f 8218 8220 8221
g wall
f 400 392 8219
f 400 8219 8218
f 8220 305 301
f 8220 301 8221
f 8222 8223 8224
f 8222 8224 8225
f 8226 8227 8228
f 8226 8228 8229
g ceiling
f 8226 8229 8222
f 8226 8222 8225
g wall
f 8230 8231 8232
f 8230 8232 8233
f 8234 8235 8236
f 8234 8236 8237
g ceiling
f 8238 8239 8240
f 8238 8240 8241
g ground
f 8242 8243 8244
f 8242 8244 8245
g wall
f 8246 8247 8248
f 8246 8248 8249
f 8250 8251 8252
f 8250 8252 8253
f 8252 8251 8247
f 8252 8247 8246
g ground
f 8251 8250 8248
f 8251 8248 8247
g wall
f 8249 8248 8250
f 8249 8250 8253
g ceiling
f 8246 8249 8253
f 8246 8253 8252
g wall
f 8254 8255 8256
f 8254 8256 8257
f 8258 8259 8260
f 8258 8260 8261
f 8260 8259 8255
f 8260 8255 8254
g ground
f 8259 8258 8256
f 8259 8256 8255
g wall
f 8257 8256 8258
f 8257 8258 8261
g ceiling
f 8254 8257 8261
f 8254 8261 8260
g wall
f 8262 8263 8264
f 8262 8264 8265
f 8266 8267 8268
f 8266 8268 8269
f 8267 8262 8265
f 8267 8265 8268
f 8263 8266 8269
f 8263 8269 8264
f 8088 8270 8271
f 8088 8271 8272
f 8273 8274 8275
f 8273 8275 8276
f 8270 8273 8276
f 8270 8276 8271
f 8277 8278 8279
f 8277 8279 8280
g ceiling
f 8281 8282 8280
f 8281 8280 8279
g wall
f 8283 8277 8280
f 8283 8280 8282
f 8284 8283 8282
f 8284 8282 8281
f 8279 8278 8284
f 8279 8284 8281
g ceiling
f 8239 8285 8286
f 8239 8286 8240
g ground
f 8243 8287 8288
f 8243 8288 8244
g wall
f 8289 8290 8291
f 8289 8291 8292
f 8293 8294 8295
f 8293 8295 8296
f 8295 8294 8290
f 8295 8290 8289
g ground
f 8294 8293 8291
f 8294 8291 8290
g wall
f 8292 8291 8293
f 8292 8293 8296
g ceiling
f 8289 8292 8296
f 8289 8296 8295
g wall
f 8297 8298 8299
f 8297 8299 8300
f 8301 8302 8303
f 8301 8303 8304
f 8303 8302 8298
f 8303 8298 8297
g ground
f 8302 8301 8299
f 8302 8299 8298
g wall
f 8300 8299 8301
f 8300 8301 8304
g ceiling
f 8297 8300 8304
f 8297 8304 8303
g wall
f 8210 544 533
f 8210 533 8305
g ground
f 546 544 8210
f 546 8210 8211
g wall
f 8306 536 546
f 8306 546 8211
g ceiling
f 8132 8133 8069
f 8132 8069 8307
g wall
f 8066 8308 8307
f 8066 8307 8069
f 8309 8310 8133
f 8309 8133 8132
f 8311 8146 8312
f 8311 8312 8313
f 8314 8315 8316
f 8314 8316 8317
f 8315 8311 8313
f 8315 8313 8316
f 8263 8318 8319
f 8263 8319 8264
f 8320 8321 8322
f 8320 8322 8323
f 8318 8320 8323
f 8318 8323 8319
f 8324 8270 8325
f 8324 8325 8326
f 8327 8328 8273
f 8327 8273 8329
g ceiling
f 8324 8326 8327
f 8324 8327 8329
g wall
f 8330 8331 8332
f 8330 8332 8333
f 8334 8335 8336
f 8334 8336 8337
f 8335 8330 8333
f 8335 8333 8336
f 8331 8334 8337
f 8331 8337 8332
f 8325 8338 8339
f 8325 8339 8340
f 8341 8328 8342
f 8341 8342 8343
f 8328 8325 8340
f 8328 8340 8342
f 8231 8344 8096
f 8231 8096 8232
f 8345 8100 8346
f 8345 8346 8347
g ceiling
f 8231 8232 8345
f 8231 8345 8347
g wall
f 8348 8087 8083
f 8348 8083 361
g ceiling
f 362 361 8083
f 362 8083 8349
g wall
f 8350 8348 361
f 8350 361 362
f 8083 8087 8351
f 8083 8351 8349
f 8351 8350 362
f 8351 362 8349
f 8352 8353 8354
f 8352 8354 368
g ceiling
f 369 368 8354
f 369 8354 8355
g wall
f 8356 8352 368
f 8356 368 369
f 8354 8353 8357
f 8354 8357 8355
f 8357 8356 369
f 8357 369 8355
g ceiling
f 8358 8359 8360
f 8358 8360 8361
g ground
f 8362 8363 8364
f 8362 8364 8365
g wall
f 8364 8363 8360
f 8364 8360 8359
f 8366 8367 8368
f 8366 8368 8369
f 8370 8371 8372
f 8370 8372 8373
f 8372 8371 8367
f 8372 8367 8366
g ground
f 8371 8370 8368
f 8371 8368 8367
g wall
f 8369 8368 8370
f 8369 8370 8373
g ceiling
f 8366 8369 8373
f 8366 8373 8372
g wall
f 8374 8375 8376
f 8374 8376 8377
f 8378 8379 8380
f 8378 8380 8381
f 8380 8379 8375
f 8380 8375 8374
g ground
f 8379 8378 8376
f 8379 8376 8375
g wall
f 8377 8376 8378
f 8377 8378 8381
g ceiling
f 8374 8377 8381
f 8374 8381 8380
g wall
f 8382 8383 8384
f 8382 8384 8385
f 8182 8384 8383
f 8182 8383 8386
f 8387 8382 8385
f 8387 8385 8181
g ceiling
f 8209 8388 8389
f 8388 8208 8390
g ground
f 8208 8209 8391
g ceiling
f 8392 8388 8393
f 8392 8393 8207
g wall
f 8209 8389 8394
f 8208 8395 8390
f 8396 8397 8398
f 8396 8398 8399
f 8400 8401 8402
f 8400 8402 8403
f 8402 8396 8399
f 8402 8399 8403
f 8404 8405 8406
f 8404 8406 8407
f 8408 8409 8410
f 8408 8410 8411
f 8412 8413 8414
f 8412 8414 8415
g ceiling
f 8415 8414 8416
f 8415 8416 8359
g ground
f 8413 8412 8364
f 8413 8364 8417
g wall
f 8414 8413 8417
f 8414 8417 8416
f 8417 8364 8359
f 8417 8359 8416
f 8418 8419 8420
f 8418 8420 8421
f 8422 8423 8424
f 8422 8424 8425
f 8424 8423 8419
f 8424 8419 8418
g ground
f 8423 8422 8420
f 8423 8420 8419
g wall
f 8421 8420 8422
f 8421 8422 8425
g ceiling
f 8418 8421 8425
f 8418 8425 8424
g wall
f 8426 8427 8428
f 8426 8428 8429
f 8430 8431 8432
f 8430 8432 8433
f 8432 8431 8427
f 8432 8427 8426
g ground
f 8431 8430 8428
f 8431 8428 8427
g wall
f 8429 8428 8430
f 8429 8430 8433
g ceiling
f 8426 8429 8433
f 8426 8433 8432
g ground
f 8052 8434 8435
f 8052 8435 8436
g wall
f 8437 8434 8052
f 8437 8052 8438
f 8439 8435 8434
f 8439 8434 8437
f 8438 8052 8436
f 8438 8436 8440
f 8440 8436 8435
f 8440 8435 8439
f 8441 8442 8443
f 8441 8443 8444
g ceiling
f 8445 8444 8443
f 8445 8443 8082
g wall
f 8443 8442 8086
f 8443 8086 8082
f 8086 8446 8445
f 8086 8445 8082
f 8447 8262 8265
f 8447 8265 8448
f 8449 8450 8451
f 8449 8451 8452
f 8450 8447 8448
f 8450 8448 8451
f 8154 8222 8225
f 8154 8225 8151
f 8453 8454 8455
f 8453 8455 8456
f 8331 8344 8457
f 8331 8457 8332
f 8346 8458 8459
f 8346 8459 8460
f 8344 8346 8460
f 8344 8460 8457
f 8461 8324 8326
f 8461 8326 8462
f 8463 8464 8465
f 8463 8465 8466
g ceiling
f 8072 8308 8357
f 8072 8357 8467
g ground
f 8468 8469 8470
f 8468 8470 8471
g wall
f 8470 8469 8308
f 8470 8308 8072
f 8357 8468 8471
f 8357 8471 8467
f 8471 8470 8072
f 8471 8072 8467
f 8472 8412 8415
f 8472 8415 8473
g ceiling
f 8241 8473 8415
f 8241 8415 8238
g ground
f 8412 8472 8242
f 8412 8242 8245
g wall
f 8474 8475 8476
f 8474 8476 8477
g ceiling
f 8478 8475 8474
f 8478 8474 8479
g wall
f 8480 8476 8475
f 8480 8475 8478
f 8481 8480 8478
f 8481 8478 8479
f 8482 8483 8484
f 8482 8484 8485
f 8486 8487 8488
f 8486 8488 8489
f 8488 8487 8483
f 8488 8483 8482
g ground
f 8487 8486 8484
f 8487 8484 8483
g wall
f 8485 8484 8486
f 8485 8486 8489
g ceiling
f 8482 8485 8489
f 8482 8489 8488
g wall
f 8490 8491 8492
f 8490 8492 8493
f 8494 8495 8496
f 8494 8496 8497
f 8496 8495 8491
f 8496 8491 8490
g ground
f 8495 8494 8492
f 8495 8492 8491
g wall
f 8493 8492 8494
f 8493 8494 8497
g ceiling
f 8490 8493 8497
f 8490 8497 8496
g wall
f 8498 8499 8500
f 8498 8500 8501
f 8502 8503 8504
f 8502 8504 8505
f 8504 8503 8499
f 8504 8499 8498
g ground
f 8503 8502 8500
f 8503 8500 8499
g wall
f 8501 8500 8502
f 8501 8502 8505
g ceiling
f 8498 8501 8505
f 8498 8505 8504
g wall
f 8438 533 8506
f 8438 8506 8437
g ceiling
f 8507 8506 533
f 8507 533 8508
g wall
f 8437 8506 8507
f 8437 8507 8439
f 533 8438 8440
f 533 8440 8508
f 8439 8507 8508
f 8439 8508 8440
g ceiling
f 277 281 357
f 277 357 356
g ground
f 8509 8510 8511
f 8509 8511 8512
g wall
f 8512 8511 277
f 8512 277 356
f 8513 8514 8515
f 8513 8515 8516
f 8517 8513 8516
f 8517 8516 8518
f 8515 8514 8519
f 8515 8519 8520
f 8519 8517 8518
f 8519 8518 8520
f 8521 8522 8523
f 8521 8523 8524
f 8525 8526 8527
f 8525 8527 8528
f 8522 8525 8528
f 8522 8528 8523
g ceiling
f 8355 8529 8134
f 8355 8134 8131
g wall
f 8530 8531 8131
f 8530 8131 8134
f 8357 8532 8529
f 8357 8529 8355
f 8533 8160 8534
f 8533 8534 8535
f 8536 8537 8162
f 8536 8162 8538
g ceiling
f 8533 8535 8536
f 8533 8536 8538
g wall
f 8106 8533 8535
f 8106 8535 8103
f 8539 8540 8541
f 8539 8541 8542
f 8543 8544 8442
f 8543 8442 8545
g ceiling
f 8546 8545 8442
f 8546 8442 8357
g ground
f 8544 8543 8547
f 8544 8547 8468
g wall
f 8442 8544 8468
f 8442 8468 8357
g ceiling
f 8548 8549 8550
f 8548 8550 8551
g wall
f 8552 8553 8549
f 8552 8549 8548
f 8554 8552 8548
f 8554 8548 8551
f 8550 8549 8553
f 8550 8553 8555
f 8556 8557 8558
f 8556 8558 8559
f 8560 8561 8562
f 8560 8562 8563
f 8562 8561 8557
f 8562 8557 8556
g ground
f 8561 8560 8558
f 8561 8558 8557
g wall
f 8559 8558 8560
f 8559 8560 8563
g ceiling
f 8556 8559 8563
f 8556 8563 8562
g wall
f 8564 8565 502
f 8564 502 8566
g ceiling
f 8567 8566 502
f 8567 502 499
g ground
f 498 8565 8564
f 498 8564 8568
g wall
f 498 8568 8567
f 498 8567 499
g ground
f 8569 8509 8570
f 8569 8570 8130
g wall
f 8570 8509 357
f 8570 357 371
g ceiling
f 8571 8570 8572
f 8571 8572 8573
g ground
f 400 8574 8547
f 400 8547 301
g wall
f 8574 400 8573
f 8574 8573 8572
f 301 8547 8570
f 301 8570 8571
f 8547 8574 8572
f 8547 8572 8570
f 400 301 8571
f 400 8571 8573
f 8575 8576 8577
f 8575 8577 8578
f 8579 8580 8581
f 8579 8581 8582
f 8224 8583 8584
f 8224 8584 8152
f 8585 8227 8157
f 8585 8157 8586
f 8227 8224 8152
f 8227 8152 8157
f 8145 8223 8153
f 8145 8153 8587
f 8228 8588 8589
f 8228 8589 8156
f 8223 8228 8156
f 8223 8156 8153
f 8590 8591 288
f 8590 288 8592
g ceiling
f 8593 8592 288
f 8593 288 289
g wall
f 8594 8590 8592
f 8594 8592 8593
f 288 8591 8595
f 288 8595 289
f 8595 8594 8593
f 8595 8593 289
f 8462 8340 8271
f 8462 8271 8461
f 8596 8276 8342
f 8596 8342 8597
g ground
f 8596 8597 8462
f 8596 8462 8461
g ceiling
f 8598 8397 8599
f 8598 8599 8600
f 8601 8074 8602
f 8601 8602 8441
g ground
f 8603 8604 8605
f 8603 8605 8606
g wall
f 8605 8604 8074
f 8605 8074 8601
f 8602 8603 8606
f 8602 8606 8441
g ceiling
f 8285 8358 8361
f 8285 8361 8286
g ground
f 8287 8362 8365
f 8287 8365 8288
g wall
f 8607 8608 8609
f 8607 8609 8610
g ceiling
f 8611 8612 8613
f 8611 8613 8614
g wall
f 8615 8616 8612
f 8615 8612 8611
f 8617 8618 8611
f 8617 8611 8614
f 8619 8620 8621
f 8619 8621 8622
f 8623 8624 8625
f 8623 8625 8626
f 8625 8624 8620
f 8625 8620 8619
g ground
f 8624 8623 8621
f 8624 8621 8620
g wall
f 8622 8621 8623
f 8622 8623 8626
g ceiling
f 8619 8622 8626
f 8619 8626 8625
g wall
f 8627 8628 8629
f 8627 8629 8630
f 8631 8632 8633
f 8631 8633 8634
f 8633 8632 8628
f 8633 8628 8627
g ground
f 8632 8631 8629
f 8632 8629 8628
g wall
f 8630 8629 8631
f 8630 8631 8634
g ceiling
f 8627 8630 8634
f 8627 8634 8633
g wall
f 8635 8636 8637
f 8635 8637 8638
f 8639 8640 8641
f 8639 8641 8642
f 8641 8640 8636
f 8641 8636 8635
g ground
f 8640 8639 8637
f 8640 8637 8636
g wall
f 8638 8637 8639
f 8638 8639 8642
g ceiling
f 8635 8638 8642
f 8635 8642 8641
g wall
f 8643 8644 8645
f 8643 8645 8646
f 8647 8648 8649
f 8647 8649 8650
f 8649 8648 8644
f 8649 8644 8643
g ground
f 8648 8647 8645
f 8648 8645 8644
g wall
f 8646 8645 8647
f 8646 8647 8650
g ceiling
f 8643 8646 8650
f 8643 8650 8649
g ground
f 8651 8652 8653
f 8651 8653 8654
g wall
f 8655 8652 8651
f 8655 8651 8656
f 8657 8653 8652
f 8657 8652 8655
f 8658 8654 8653
f 8658 8653 8657
g ceiling
f 8657 8655 8656
f 8657 8656 8658
g ground
f 8062 8065 8059
g wall
f 8059 8065 8200
f 8059 8200 8197
f 8065 8062 8194
f 8065 8194 8200
f 8062 8059 8197
f 8062 8197 8194
g ceiling
f 8197 8200 8194
g ground
f 8206 8659 8660
f 8659 8204 8661
g ceiling
f 8204 8206 8205
g ground
f 8660 8659 8661
f 8660 8661 8205
g wall
f 8206 8660 8205
f 8661 8204 8205
g ceiling
f 535 8068 8662
f 535 8662 500
g ground
f 8663 8664 8665
f 8663 8665 508
g wall
f 8662 8663 508
f 8662 508 500
f 414 399 8364
f 414 8364 8666
g ceiling
f 8667 8666 8364
f 8667 8364 8572
g ground
f 399 414 8668
f 399 8668 8574
g wall
f 8668 414 8666
f 8668 8666 8667
f 8574 8668 8667
f 8574 8667 8572
g ceiling
f 8669 8670 8671
f 8669 8671 8672
g wall
f 8673 8674 8672
f 8673 8672 8671
f 8675 8676 8670
f 8675 8670 8669
g ceiling
f 8677 8678 8679
f 8677 8679 8680
g ground
f 8312 8587 8681
f 8312 8681 8682
g wall
f 8587 8312 8680
f 8587 8680 8679
f 8682 8681 8678
f 8682 8678 8677
f 8576 8522 8447
f 8576 8447 8577
f 8683 8450 8525
f 8683 8525 8684
g ceiling
f 8683 8684 8576
f 8683 8576 8577
f 8685 8686 8687
f 8685 8687 8688
g ground
f 8689 8690 8097
f 8689 8097 8272
g wall
f 8272 8097 8686
f 8272 8686 8685
f 8690 8689 8688
f 8690 8688 8687
g ceiling
f 8670 8691 8692
f 8670 8692 8671
g wall
f 8693 8673 8671
f 8693 8671 8692
f 8676 8694 8691
f 8676 8691 8670
f 8694 8693 8692
f 8694 8692 8691
g ceiling
f 8112 8695 8696
f 8112 8696 8113
g wall
f 8697 8115 8113
f 8697 8113 8696
f 8118 8698 8695
f 8118 8695 8112
g ceiling
f 531 8699 8216
f 531 8216 8700
g ground
f 8701 8702 530
f 8701 530 8703
g wall
f 530 8702 8699
f 530 8699 531
f 8216 8701 8703
f 8216 8703 8700
f 8703 530 531
f 8703 531 8700
g ceiling
f 8704 8705 8706
f 8704 8706 8707
g wall
f 8707 8706 8708
f 8707 8708 8709
f 8706 8705 8710
f 8706 8710 8708
f 8705 8704 8711
f 8705 8711 8710
f 8704 8707 8709
f 8704 8709 8711
g ground
f 8709 8708 8710
f 8709 8710 8711
g ceiling
f 8712 8713 8549
f 8712 8549 8478
g wall
f 8553 8480 8478
f 8553 8478 8549
f 8714 8715 8716
f 8714 8716 8717
f 8718 8719 8720
f 8718 8720 8721
f 8720 8719 8715
f 8720 8715 8714
g ground
f 8719 8718 8716
f 8719 8716 8715
g wall
f 8717 8716 8718
f 8717 8718 8721
g ceiling
f 8714 8717 8721
f 8714 8721 8720
g wall
f 8722 8723 8724
f 8722 8724 8725
f 8726 8727 8728
f 8726 8728 8729
f 8728 8727 8723
f 8728 8723 8722
g ground
f 8727 8726 8724
f 8727 8724 8723
g wall
f 8725 8724 8726
f 8725 8726 8729
g ceiling
f 8722 8725 8729
f 8722 8729 8728
g wall
f 8730 8731 8732
f 8730 8732 8733
f 8734 8735 8736
f 8734 8736 8737
f 8736 8735 8731
f 8736 8731 8730
g ground
f 8735 8734 8732
f 8735 8732 8731
g wall
f 8733 8732 8734
f 8733 8734 8737
g ceiling
f 8730 8733 8737
f 8730 8737 8736
g wall
f 8738 8601 8739
f 8738 8739 8740
g ceiling
f 8741 8740 8739
f 8741 8739 8078
g wall
f 8742 8738 8740
f 8742 8740 8741
f 8080 8742 8741
f 8080 8741 8078
f 522 511 8743
f 522 8743 8744
g ground
f 8743 511 8745
f 8743 8745 8746
g wall
f 8744 8743 8746
f 8744 8746 8747
f 8745 511 522
f 8745 522 8748
g ground
f 8510 8749 8129
f 8510 8129 8667
g wall
f 281 8510 8667
f 281 8667 274
g ceiling
f 536 8750 8071
f 536 8071 537
g wall
f 553 8699 8750
f 553 8750 536
f 8071 8073 8751
f 8071 8751 537
f 8578 8448 8523
f 8578 8523 8575
f 8752 8528 8451
f 8752 8451 8753
g ground
f 8578 8575 8752
f 8578 8752 8753
g ceiling
f 8592 8741 270
f 8592 270 298
g wall
f 8590 8742 8741
f 8590 8741 8592
f 270 8754 8755
f 270 8755 298
f 8534 8330 8333
f 8534 8333 8104
f 8756 8537 8109
f 8756 8109 8757
f 8537 8534 8104
f 8537 8104 8109
g ceiling
f 8758 8759 8571
f 8758 8571 8760
g wall
f 8759 8220 8221
f 8759 8221 8571
f 8761 8762 8758
f 8761 8758 8760
f 8763 8543 8545
f 8763 8545 8764
g ceiling
f 8765 8764 8545
f 8765 8545 8766
g ground
f 8543 8763 8767
f 8543 8767 8768
g ceiling
f 8769 8770 8166
f 8769 8166 8611
g wall
f 8170 8615 8611
f 8170 8611 8166
f 8771 8772 8773
f 8771 8773 8774
f 8775 8776 8777
f 8775 8777 8778
f 8777 8776 8772
f 8777 8772 8771
g ground
f 8776 8775 8773
f 8776 8773 8772
g wall
f 8774 8773 8775
f 8774 8775 8778
g ceiling
f 8771 8774 8778
f 8771 8778 8777
g wall
f 8583 8521 8524
f 8583 8524 8584
f 8779 8780 8781
f 8779 8781 8782
f 8521 8779 8782
f 8521 8782 8524
f 8780 8583 8584
f 8780 8584 8781
f 8783 8784 282
f 8783 282 8785
g ceiling
f 8307 8785 282
f 8307 282 283
g wall
f 8308 8783 8785
f 8308 8785 8307
f 282 8784 8786
f 282 8786 283
f 8786 8308 8307
f 8786 8307 283
f 8398 8472 8473
f 8398 8473 278
g ceiling
f 8360 273 278
f 8360 278 8473
g ground
f 8472 8398 8666
f 8472 8666 8363
g wall
f 8363 8666 273
f 8363 273 8360
f 8787 8788 8789
f 8787 8789 8790
f 8791 8792 8793
f 8791 8793 8794
f 8793 8792 8788
f 8793 8788 8787
g ground
f 8792 8791 8789
f 8792 8789 8788
g wall
f 8790 8789 8791
f 8790 8791 8794
g ceiling
f 8787 8790 8794
f 8787 8794 8793
g wall
f 8795 8796 8797
f 8795 8797 8798
f 8799 8800 8801
f 8799 8801 8802
f 8801 8800 8796
f 8801 8796 8795
g ground
f 8800 8799 8797
f 8800 8797 8796
g wall
f 8798 8797 8799
f 8798 8799 8802
g ceiling
f 8795 8798 8802
f 8795 8802 8801
g wall
f 8803 8183 8804
f 8803 8804 8805
f 8806 8803 8805
f 8806 8805 8807
f 8807 8808 8184
f 8807 8184 8806
f 8744 8747 8809
f 8744 8809 8123
f 8748 522 519
f 8748 519 8810
f 519 522 8744
f 519 8744 8123
f 8811 8532 8529
f 8811 8529 8662
g ceiling
f 8212 8662 8529
f 8212 8529 8812
g wall
f 8215 8811 8662
f 8215 8662 8212
f 8529 8532 8467
f 8529 8467 8812
f 8467 8215 8212
f 8467 8212 8812
f 8767 8813 8814
f 8767 8814 8511
g ceiling
f 8398 8511 8814
f 8398 8814 8412
g ground
f 8813 8767 395
f 8813 395 404
g wall
f 395 8767 8511
f 395 8511 8398
f 404 395 8398
f 404 8398 8412
f 8815 8816 8817
f 8815 8817 8818
f 8598 8815 8818
f 8598 8818 8666
f 8817 8816 8819
f 8817 8819 8820
f 8407 8313 8319
f 8407 8319 8404
f 8821 8323 8316
f 8821 8316 8822
g ground
f 8407 8404 8821
f 8407 8821 8822
g wall
f 8823 8763 8764
f 8823 8764 8738
g ceiling
f 8308 8738 8764
f 8308 8764 8824
g ground
f 8763 8823 8469
f 8763 8469 8668
g wall
f 8469 8823 8738
f 8469 8738 8308
g ceiling
f 8825 8826 8827
f 8825 8827 8828
g wall
f 8828 8827 8829
f 8828 8829 8830
f 8827 8826 8831
f 8827 8831 8829
f 8826 8825 8832
f 8826 8832 8831
f 8825 8828 8830
f 8825 8830 8832
g ground
f 8830 8829 8831
f 8830 8831 8832
g wall
f 8833 8834 8835
f 8833 8835 8836
f 8837 8838 8839
f 8837 8839 8840
f 8839 8838 8834
f 8839 8834 8833
g ground
f 8838 8837 8835
f 8838 8835 8834
g wall
f 8836 8835 8837
f 8836 8837 8840
g ceiling
f 8833 8836 8840
f 8833 8840 8839
g wall
f 8405 8318 8311
f 8405 8311 8406
f 8841 8315 8320
f 8841 8320 8842
g ceiling
f 8841 8842 8405
f 8841 8405 8406
g wall
f 8338 8159 8161
f 8338 8161 8339
f 8843 8844 8845
f 8843 8845 8846
f 8159 8843 8846
f 8159 8846 8161
f 8844 8338 8339
f 8844 8339 8845
f 8233 8098 8457
f 8233 8457 8230
f 8847 8460 8101
f 8847 8101 8848
g ground
f 8847 8848 8233
f 8847 8233 8230
g wall
f 8849 8850 8851
f 8849 8851 8852
f 8849 8852 8853
f 8849 8853 8854
g ceiling
f 8855 8850 8849
f 8855 8849 8856
g wall
f 8857 8851 8850
f 8857 8850 8855
f 8858 8852 8851
f 8858 8851 8857
g ground
f 8859 8860 8861
f 8859 8861 8862
f 8854 8863 8864
f 8854 8864 8865
g wall
f 8865 8866 8858
f 8865 8858 8857
f 8865 8857 8855
f 8865 8855 8856
f 8867 8868 8869
f 8867 8869 8870
f 8871 8872 8868
f 8871 8868 8867
f 8873 8874 8872
f 8873 8872 8871
g ceiling
f 8873 8871 8867
f 8873 8867 8870
g ground
f 8875 8876 8877
f 8875 8877 8878
f 8875 8878 8879
f 8875 8879 8880
f 8875 8880 8881
f 8875 8881 8882
f 8875 8882 8883
f 8875 8883 8884
f 8875 8884 8885
f 8875 8885 8886
g wall
f 8887 8876 8875
f 8887 8875 8888
f 8889 8890 8891
f 8889 8891 8892
f 8893 8878 8894
f 8893 8894 8895
f 8896 8879 8878
f 8896 8878 8893
f 8897 8880 8879
f 8897 8879 8896
f 8898 8881 8880
f 8898 8880 8897
f 8899 8900 8901
f 8899 8901 8902
f 8903 8904 8905
f 8903 8905 8906
f 8907 8908 8909
f 8907 8909 8910
f 8911 8885 8912
f 8911 8912 8913
f 8914 8915 8916
f 8914 8916 8917
f 8888 8875 8915
f 8888 8915 8914
g ceiling
f 8893 8918 8887
f 8893 8887 8888
f 8893 8888 8919
f 8893 8919 8911
f 8893 8911 8920
f 8893 8920 8921
f 8893 8921 8922
f 8893 8922 8898
f 8893 8898 8897
f 8893 8897 8896
g ground
f 8923 8924 8925
f 8923 8925 8926
g wall
f 8927 8924 8923
f 8927 8923 8928
f 8929 8925 8924
f 8929 8924 8927
f 8930 8926 8925
f 8930 8925 8929
g ceiling
f 8930 8929 8927
f 8930 8927 8928
g wall
f 8931 8932 8933
f 8931 8933 8934
f 8935 8936 8937
f 8935 8937 8938
f 8939 8940 8936
f 8939 8936 8935
f 8941 8942 8943
f 8941 8943 8944
f 8945 8946 8947
f 8945 8947 8948
f 8949 8950 8951
f 8949 8951 8952
f 8953 8954 8955
f 8953 8955 8956
f 8957 8958 8954
f 8957 8954 8953
g ground
f 8745 8959 8960
f 8745 8960 8746
g wall
f 8746 8960 8125
f 8746 8125 8809
f 8128 8959 8745
f 8128 8745 8810
g ground
f 8959 8961 8962
f 8959 8962 8960
g wall
f 8960 8962 8963
f 8960 8963 8964
f 8961 8959 8965
f 8961 8965 8966
g ceiling
f 8964 8963 8966
f 8964 8966 8965
g ground
f 8961 8967 8968
f 8961 8968 8962
g wall
f 8568 8967 8961
f 8568 8961 8966
g ceiling
f 8963 8969 8568
f 8963 8568 8966
g ground
f 8970 262 8971
f 8970 8971 8972
g ceiling
f 8973 8974 8975
f 8973 8975 8976
g wall
f 8972 8971 8974
f 8972 8974 8973
f 8970 8972 8973
f 8970 8973 8976
g ground
f 8977 8970 8972
f 8977 8972 8978
g ceiling
f 8979 8980 8981
f 8979 8981 8982
g wall
f 8978 8972 8980
f 8978 8980 8979
g ceiling
f 8983 332 320
f 8983 320 8984
g wall
f 8985 8984 320
f 8985 320 8986
f 2563 332 8983
f 2563 8983 8987
f 8987 8983 8984
f 8987 8984 8985
g ground
f 8988 8977 8978
f 8988 8978 8989
g ceiling
f 8990 8991 8992
f 8990 8992 8993
g wall
f 8989 8978 8991
f 8989 8991 8990
f 8978 8977 8992
f 8978 8992 8991
f 8988 8989 8990
f 8988 8990 8993
g ground
f 8994 8988 8989
f 8994 8989 8995
g ceiling
f 8996 8997 8998
f 8996 8998 8999
g wall
f 8995 8989 8997
f 8995 8997 8996
g ground
f 9000 8994 8995
f 9000 8995 9001
g ceiling
f 9002 9003 9004
f 9002 9004 9005
g wall
f 9001 8995 9003
f 9001 9003 9002
f 8995 8994 9004
f 8995 9004 9003
f 9000 9001 9002
f 9000 9002 9005
f 9006 9007 9008
f 9006 9008 9009
f 9006 9009 9010
g ground
f 9011 9007 9006
f 9011 9006 9012
f 9008 9007 9011
f 9008 9011 9013
g wall
f 9009 9008 9013
f 9009 9013 9014
g ceiling
f 9010 9009 9014
f 9010 9014 9015
g wall
f 9012 9006 9010
f 9012 9010 9015
f 9016 9017 9018
f 9016 9018 9019
f 9018 9017 9014
f 9018 9014 9020
f 9016 9019 8983
f 9016 8983 9021
f 9022 9023 9024
f 9022 9024 9025
f 9026 9027 9028
f 9026 9028 9029
g ceiling
f 9025 9024 9029
f 9025 9029 9028
g wall
f 9030 9031 8983
f 9030 8983 9032
f 9033 9034 9035
f 9033 9035 9036
g ceiling
f 9032 8983 9036
f 9032 9036 9035
g wall
f 9037 9030 9032
f 9037 9032 9038
f 9034 9039 9040
f 9034 9040 9035
g ceiling
f 9038 9032 9035
f 9038 9035 9040
g ground
f 9041 9042 9043
f 9041 9043 9044
g wall
f 9044 9043 9045
f 9044 9045 9046
g ceiling
f 9046 9045 9047
f 9046 9047 9048
g wall
f 9045 9043 9042
f 9045 9042 9047
f 9041 9044 9046
f 9041 9046 9048
f 9049 9050 9051
f 9049 9051 9052
f 9049 9052 9053
f 9049 9053 9015
f 9051 9050 9054
f 9051 9054 9038
g ground
f 8053 9000 9001
f 8053 9001 8054
g ceiling
f 9055 9056 9057
f 9055 9057 9058
g wall
f 8054 9001 9056
f 8054 9056 9055
g ceiling
f 9059 8566 8121
f 9059 8121 9060
g ground
f 9061 9062 9063
f 9061 9063 9064
f 9065 9066 9067
f 9065 9067 9068
g wall
f 9069 9066 9065
f 9069 9065 9070
f 9071 9067 9066
f 9071 9066 9069
f 9072 9068 9067
f 9072 9067 9071
g ceiling
f 9072 9071 9069
f 9072 9069 9070
g ground
f 9073 9074 9075
f 9073 9075 9076
g wall
f 9076 9075 9077
f 9076 9077 9078
g ceiling
f 9078 9077 9079
f 9078 9079 9080
g wall
f 9077 9075 9074
f 9077 9074 9079
f 9073 9076 9078
f 9073 9078 9080
f 9081 9082 9083
f 9081 9083 9084
f 9084 9083 9085
f 9084 9085 9086
g ground
f 9083 9082 9087
f 9083 9087 9085
g wall
f 9082 9081 9088
f 9082 9088 9087
g ceiling
f 9081 9084 9086
f 9081 9086 9088
g wall
f 9086 9085 9087
f 9086 9087 9088
g ground
f 9089 9090 262
f 9089 262 9091
g wall
f 8986 9090 9089
f 8986 9089 8985
f 8987 9091 262
f 8987 262 2563
f 8985 9089 9091
f 8985 9091 8987
f 8813 9092 9093
f 8813 9093 8814
g ceiling
f 9094 9095 8814
f 9094 8814 9093
g ground
f 9092 8813 392
f 9092 392 9096
g wall
f 392 8813 8814
f 392 8814 9095
f 9096 392 9095
f 9096 9095 9094
f 9092 8768 8512
f 9092 8512 9093
g ceiling
f 9093 8512 8759
f 9093 8759 9094
g ground
f 8768 9092 9096
f 8768 9096 305
g wall
f 8512 8768 305
f 8512 305 8759
f 305 9096 9094
f 305 9094 8759
g ceiling
f 9097 9098 9099
f 9097 9099 9100
g wall
f 9101 9102 9098
f 9101 9098 9097
f 9099 9103 9104
f 9099 9104 9100
g ceiling
f 9105 8445 8138
f 9105 8138 9106
g wall
f 9107 9108 9106
f 9107 9106 8138
f 9109 8446 8445
f 9109 8445 9105
f 8446 9107 8138
f 8446 8138 8445
g ceiling
f 9100 9105 9106
f 9100 9106 9097
g wall
f 9108 9101 9097
f 9108 9097 9106
f 9104 9109 9105
f 9104 9105 9100
g ceiling
f 9060 535 503
f 9060 503 9059
g ground
f 9110 8665 9061
f 9110 9061 9064
g wall
f 9111 9112 9113
f 9111 9113 9114
g ceiling
f 9115 9114 9113
f 9115 9113 9116
g ground
f 9112 9111 9117
f 9112 9117 9118
g wall
f 9117 9111 9114
f 9117 9114 9115
f 9118 9117 9115
f 9118 9115 9116
f 9119 9120 9121
f 9119 9121 9122
g ceiling
f 9123 9122 9121
f 9123 9121 9118
g ground
f 9120 9119 9124
f 9120 9124 9125
g wall
f 9124 9119 9122
f 9124 9122 9123
f 9125 9124 9123
f 9125 9123 9118
g ground
f 9126 9127 9128
f 9126 9128 9129
g wall
f 9130 9131 9127
f 9130 9127 9126
f 9131 9132 9128
f 9131 9128 9127
f 9132 9133 9129
f 9132 9129 9128
f 9133 9130 9126
f 9133 9126 9129
g ceiling
f 9133 9132 9131
f 9133 9131 9130
g ground
f 9134 9135 9136
f 9134 9136 9137
g wall
f 9138 9139 9135
f 9138 9135 9134
f 9140 9141 9137
f 9140 9137 9136
g ceiling
f 9141 9140 9139
f 9141 9139 9138
g wall
f 9140 9136 9135
f 9140 9135 9139
f 9138 9134 9137
f 9138 9137 9141
g ground
f 9142 9143 9144
f 9142 9144 9145
g wall
f 9146 9147 9143
f 9146 9143 9142
f 9148 9149 9145
f 9148 9145 9144
f 9149 9146 9142
f 9149 9142 9145
g ceiling
f 9149 9148 9147
f 9149 9147 9146
g wall
f 9148 9144 9143
f 9148 9143 9147
g ground
f 9135 9150 9151
f 9135 9151 9136
g wall
f 9152 9132 9150
f 9152 9150 9135
f 9132 9153 9151
f 9132 9151 9150
f 9153 9154 9136
f 9153 9136 9151
g ceiling
f 9154 9153 9132
f 9154 9132 9152
g wall
f 9152 9135 9136
f 9152 9136 9154
g ground
f 9155 9156 9157
f 9155 9157 9158
g wall
f 9126 9159 9156
f 9126 9156 9155
f 9159 9160 9157
f 9159 9157 9156
f 9160 9161 9158
f 9160 9158 9157
f 9161 9126 9155
f 9161 9155 9158
g ceiling
f 9161 9160 9159
f 9161 9159 9126
g ground
f 9162 9134 9137
f 9162 9137 9156
g wall
f 9133 9163 9134
f 9133 9134 9162
f 9164 9165 9156
f 9164 9156 9137
f 9165 9133 9162
f 9165 9162 9156
g ceiling
f 9165 9164 9163
f 9165 9163 9133
g wall
f 9164 9137 9134
f 9164 9134 9163
g ground
f 9155 9166 9150
f 9155 9150 9162
g wall
f 9167 9168 9166
f 9167 9166 9155
f 9168 9169 9150
f 9168 9150 9166
f 9169 9170 9162
f 9169 9162 9150
f 9170 9167 9155
f 9170 9155 9162
g ceiling
f 9170 9169 9168
f 9170 9168 9167
g ground
f 9143 9171 9166
f 9143 9166 9144
g wall
f 9172 9173 9171
f 9172 9171 9143
f 9127 9174 9144
f 9127 9144 9166
f 9174 9172 9143
f 9174 9143 9144
g ceiling
f 9174 9127 9173
f 9174 9173 9172
g wall
f 9127 9166 9171
f 9127 9171 9173
g ground
f 9175 9176 9151
f 9175 9151 9166
g wall
f 9177 9178 9176
f 9177 9176 9175
f 9178 9179 9151
f 9178 9151 9176
f 9179 9127 9166
f 9179 9166 9151
f 9127 9177 9175
f 9127 9175 9166
g ceiling
f 9127 9179 9178
f 9127 9178 9177
g ground
f 9180 9142 9145
f 9180 9145 9158
g wall
f 9181 9182 9142
f 9181 9142 9180
f 9183 9161 9158
f 9183 9158 9145
f 9161 9181 9180
f 9161 9180 9158
g ceiling
f 9161 9183 9182
f 9161 9182 9181
g wall
f 9183 9145 9142
f 9183 9142 9182
f 9184 9185 9186
f 9184 9186 9187
g ceiling
f 9188 9187 9186
f 9188 9186 8602
g ground
f 9185 9184 9189
f 9185 9189 8603
g wall
f 9186 9185 8603
f 9186 8603 8602
f 8603 9189 9188
f 8603 9188 8602
f 9190 9191 9192
f 9190 9192 9193
f 9194 9195 9196
f 9194 9196 9197
f 9196 9190 9193
f 9196 9193 9197
f 9198 9199 9200
f 9198 9200 9201
f 9202 9198 9201
f 9202 9201 9203
f 9200 9199 9188
f 9200 9188 9204
g ceiling
f 9205 9206 9207
f 9205 9207 9208
g wall
f 9198 9190 9206
f 9198 9206 9205
f 9207 9196 9199
f 9207 9199 9208
f 9202 8074 8077
f 9202 8077 9113
g ceiling
f 9116 9113 8077
f 9116 8077 9209
g ground
f 8074 9202 9210
f 8074 9210 9211
g wall
f 9211 9210 9116
f 9211 9116 9209
g ceiling
f 9212 9213 9098
f 9212 9098 8137
g ground
f 9214 9215 9216
f 9214 9216 8139
g wall
f 9217 9218 9219
f 9217 9219 9220
g ground
f 9218 9217 9221
f 9218 9221 9222
g wall
f 9221 9217 9220
f 9221 9220 9223
f 9219 9218 9222
f 9219 9222 9224
f 9222 9221 9223
f 9222 9223 9224
g ground
f 8435 9089 9091
f 8435 9091 8436
g wall
f 9026 9089 8435
f 9026 8435 9027
f 9054 8436 9091
f 9054 9091 9021
g ceiling
f 8680 8593 295
f 8680 295 8677
g wall
f 8148 8594 8593
f 8148 8593 8680
f 295 9225 8149
f 295 8149 8677
f 8149 8148 8680
f 8149 8680 8677
g ceiling
f 8688 363 8349
f 8688 8349 8685
g wall
f 8095 9226 363
f 8095 363 8688
f 8349 8351 8092
f 8349 8092 8685
f 8092 8095 8688
f 8092 8688 8685
g ceiling
f 8686 8354 386
f 8686 386 8687
g wall
f 9227 8094 8687
f 9227 8687 386
f 8093 8353 8354
f 8093 8354 8686
f 8094 8093 8686
f 8094 8686 8687
g ceiling
f 8678 290 8785
f 8678 8785 8679
g wall
f 8783 8147 8679
f 8783 8679 8785
f 8150 9228 290
f 8150 290 8678
f 8147 8150 8678
f 8147 8678 8679
f 9229 9186 9230
f 9229 9230 9231
g ceiling
f 9231 9230 9099
f 9231 9099 9232
g wall
f 9230 9186 9103
f 9230 9103 9099
f 9103 9233 9232
f 9103 9232 9099
f 9234 9229 9231
f 9234 9231 9235
g ceiling
f 9232 9236 9235
f 9232 9235 9231
g wall
f 9233 9191 9236
f 9233 9236 9232
f 9237 9238 9239
f 9237 9239 9240
f 9241 9242 9243
f 9241 9243 9244
f 9243 9242 9238
f 9243 9238 9237
g ground
f 9242 9241 9239
f 9242 9239 9238
g wall
f 9240 9239 9241
f 9240 9241 9244
g ceiling
f 9237 9240 9244
f 9237 9244 9243
g wall
f 9245 9246 9247
f 9245 9247 9248
f 9249 9250 9251
f 9249 9251 9252
f 9251 9250 9246
f 9251 9246 9245
g ground
f 9250 9249 9247
f 9250 9247 9246
g wall
f 9248 9247 9249
f 9248 9249 9252
g ceiling
f 9245 9248 9252
f 9245 9252 9251
g wall
f 9253 9254 9255
f 9253 9255 9256
f 9257 9258 9259
f 9257 9259 9260
f 9259 9258 9254
f 9259 9254 9253
g ground
f 9258 9257 9255
f 9258 9255 9254
g wall
f 9256 9255 9257
f 9256 9257 9260
g ceiling
f 9253 9256 9260
f 9253 9260 9259
g wall
f 9261 9262 9263
f 9261 9263 9264
f 9265 9266 9267
f 9265 9267 9268
f 9267 9266 9262
f 9267 9262 9261
g ground
f 9266 9265 9263
f 9266 9263 9262
g wall
f 9264 9263 9265
f 9264 9265 9268
g ceiling
f 9261 9264 9268
f 9261 9268 9267
g wall
f 9269 9270 9271
f 9269 9271 9272
f 9273 9274 9275
f 9273 9275 9276
f 9275 9274 9270
f 9275 9270 9269
g ground
f 9274 9273 9271
f 9274 9271 9270
g wall
f 9272 9271 9273
f 9272 9273 9276
g ceiling
f 9269 9272 9276
f 9269 9276 9275
g wall
f 9277 9278 9279
f 9277 9279 9280
f 9281 9282 9283
f 9281 9283 9284
f 9283 9282 9278
f 9283 9278 9277
g ground
f 9282 9281 9279
f 9282 9279 9278
g wall
f 9280 9279 9281
f 9280 9281 9284
g ceiling
f 9277 9280 9284
f 9277 9284 9283
g wall
f 9285 9286 9287
f 9285 9287 9288
f 9289 9290 9291
f 9289 9291 9292
f 9291 9290 9286
f 9291 9286 9285
g ground
f 9290 9289 9287
f 9290 9287 9286
g wall
f 9288 9287 9289
f 9288 9289 9292
g ceiling
f 9285 9288 9292
f 9285 9292 9291
g wall
f 9293 9294 9295
f 9293 9295 9296
f 9297 9298 9299
f 9297 9299 9300
f 9299 9298 9294
f 9299 9294 9293
g ground
f 9298 9297 9295
f 9298 9295 9294
g wall
f 9296 9295 9297
f 9296 9297 9300
g ceiling
f 9293 9296 9300
f 9293 9300 9299
g wall
f 9301 9302 9303
f 9301 9303 9304
f 9305 9306 9307
f 9305 9307 9308
f 9307 9306 9302
f 9307 9302 9301
g ground
f 9306 9305 9303
f 9306 9303 9302
g wall
f 9304 9303 9305
f 9304 9305 9308
g ceiling
f 9301 9304 9308
f 9301 9308 9307
g wall
f 9309 9310 9311
f 9309 9311 9312
f 9313 9314 9315
f 9313 9315 9316
f 9315 9314 9310
f 9315 9310 9309
g ground
f 9314 9313 9311
f 9314 9311 9310
g wall
f 9312 9311 9313
f 9312 9313 9316
g ceiling
f 9309 9312 9316
f 9309 9316 9315
g wall
f 9317 9318 9319
f 9317 9319 9320
f 9321 9322 9323
f 9321 9323 9324
f 9323 9322 9318
f 9323 9318 9317
g ground
f 9322 9321 9319
f 9322 9319 9318
g wall
f 9320 9319 9321
f 9320 9321 9324
g ceiling
f 9317 9320 9324
f 9317 9324 9323
g wall
f 9325 9326 9327
f 9325 9327 9328
f 9329 9330 9331
f 9329 9331 9332
f 9331 9330 9326
f 9331 9326 9325
g ground
f 9330 9329 9327
f 9330 9327 9326
g wall
f 9328 9327 9329
f 9328 9329 9332
g ceiling
f 9325 9328 9332
f 9325 9332 9331
g wall
f 9333 9334 9335
f 9333 9335 9336
f 9336 9335 9337
f 9336 9337 9338
f 9338 9337 9339
f 9338 9339 9340
f 9336 9341 9342
f 9336 9342 9333
f 9343 9344 9345
f 9343 9345 9346
g ground
f 9336 9333 9343
f 9336 9343 9346
g wall
f 9347 9348 9349
f 9347 9349 9350
f 9351 9335 9334
f 9351 9334 9352
g ceiling
f 9353 9354 9355
f 9353 9355 9356
g wall
f 9357 9339 9337
f 9357 9337 9358
f 9359 9360 9361
f 9359 9361 9362
g ceiling
f 9361 9360 9363
f 9361 9363 9364
g wall
f 9365 9366 9367
f 9365 9367 9368
g ground
f 9369 9370 9365
f 9369 9365 9368
g wall
f 9352 9371 9372
f 9352 9372 9351
g ground
f 9373 9372 9371
f 9373 9371 9374
g wall
f 9351 9372 9373
f 9351 9373 9375
f 9375 9373 9374
f 9375 9374 9376
g ceiling
f 9352 9351 9375
f 9352 9375 9376
f 9377 9378 9379
f 9377 9379 9380
g wall
f 9376 9381 9382
f 9376 9382 9375
f 9383 9384 9385
f 9383 9385 9386
f 9361 9387 9367
f 9361 9367 9388
f 9367 9387 9389
f 9367 9389 9390
f 9391 9360 9392
f 9391 9392 9366
f 9393 9394 9391
f 9393 9391 9366
f 9384 9382 9346
f 9384 9346 9395
f 9346 9382 9381
f 9346 9381 9343
f 9396 9385 9384
f 9396 9384 9395
f 9397 9371 9342
f 9397 9342 9398
g ground
f 9374 9371 9397
f 9374 9397 9399
g wall
f 9344 9374 9399
f 9344 9399 9400
f 9336 9401 9402
f 9336 9402 9341
f 9402 9401 9403
f 9402 9403 9404
f 9404 9403 9346
f 9404 9346 9345
g ground
f 9401 9336 9346
f 9401 9346 9403
g ceiling
f 9405 9406 9359
f 9405 9359 9362
g wall
f 9407 9408 9409
f 9407 9409 9410
f 9411 9412 9408
f 9411 9408 9407
f 9413 9414 9412
f 9413 9412 9411
f 9410 9409 9414
f 9410 9414 9413
f 9415 9416 9417
f 9415 9417 9418
f 9419 9420 9416
f 9419 9416 9415
f 9421 9422 9420
f 9421 9420 9419
f 9418 9417 9422
f 9418 9422 9421
g ground
f 9423 774 776
f 9423 776 9424
g wall
f 774 9423 9425
f 774 9425 775
f 9426 9424 776
f 9426 776 778
f 9425 9423 9424
f 9425 9424 9426
g ceiling
f 9426 778 775
f 9426 775 9425
g wall
f 779 9427 9428
f 779 9428 786
f 9429 9427 779
f 9429 779 785
g ground
f 9430 9428 9427
f 9430 9427 9429
g wall
f 786 9428 9430
f 786 9430 792
f 9430 9429 785
f 9430 785 792
g ground
f 774 782 789
f 774 789 776
g wall
f 790 789 782
f 790 782 781
g ceiling
f 778 790 781
f 778 781 775
f 9431 9432 9433
f 9431 9433 9434
g ground
f 9435 9436 9437
f 9435 9437 9438
g wall
f 9437 9436 9433
f 9437 9433 9432
g ceiling
f 9439 9213 9212
f 9439 9212 9440
g ground
f 9441 9442 9443
f 9441 9443 9444
g wall
f 9213 9441 9444
f 9213 9444 9212
f 9445 9121 9235
f 9445 9235 9446
g ceiling
f 9446 9235 9236
f 9446 9236 9447
g wall
f 9448 9449 9447
f 9448 9447 9236
f 9449 9445 9446
f 9449 9446 9447
f 9450 9451 9452
f 9450 9452 9453
g ceiling
f 9454 9455 9453
f 9454 9453 9452
g wall
f 9456 9450 9453
f 9456 9453 9455
f 9457 9456 9455
f 9457 9455 9454
f 9452 9451 9457
f 9452 9457 9454
f 9458 9459 9460
f 9458 9460 9461
g ceiling
f 9462 9463 9461
f 9462 9461 9460
g wall
f 9464 9458 9461
f 9464 9461 9463
f 9465 9464 9463
f 9465 9463 9462
f 9460 9459 9465
f 9460 9465 9462
f 9220 9449 9451
f 9220 9451 9450
g ceiling
f 9465 9464 9450
f 9465 9450 9451
g wall
f 9223 9220 9450
f 9223 9450 9464
f 9466 9223 9464
f 9466 9464 9465
f 9451 9449 9466
f 9451 9466 9465
f 9467 9468 9469
f 9467 9469 9470
f 9471 9472 9468
f 9471 9468 9467
f 9473 9474 9472
f 9473 9472 9471
f 9470 9469 9474
f 9470 9474 9473
g ceiling
f 9473 9471 9467
f 9473 9467 9470
g ground
f 9475 9476 9477
f 9475 9477 9478
g ceiling
f 9479 9480 9481
f 9479 9481 9482
g ground
f 9483 9475 9478
f 9483 9478 9484
g wall
f 9485 9475 9483
f 9485 9483 9486
f 9487 9478 9475
f 9487 9475 9485
f 9488 9484 9478
f 9488 9478 9487
f 9486 9483 9484
f 9486 9484 9488
g ceiling
f 9488 9487 9485
f 9488 9485 9486
g ground
f 9476 9489 9490
f 9476 9490 9477
g wall
f 9491 9489 9476
f 9491 9476 9492
f 9493 9490 9489
f 9493 9489 9491
f 9494 9477 9490
f 9494 9490 9493
f 9492 9476 9477
f 9492 9477 9494
g ceiling
f 9494 9493 9491
f 9494 9491 9492
g ground
f 9475 9495 9496
f 9475 9496 9476
g wall
f 9497 9495 9475
f 9497 9475 9485
f 9498 9496 9495
f 9498 9495 9497
f 9492 9476 9496
f 9492 9496 9498
f 9485 9475 9476
f 9485 9476 9492
g ceiling
f 9492 9498 9497
f 9492 9497 9485
g ground
f 9499 9478 9477
f 9499 9477 9500
g wall
f 9487 9478 9499
f 9487 9499 9501
f 9494 9477 9478
f 9494 9478 9487
f 9502 9500 9477
f 9502 9477 9494
f 9501 9499 9500
f 9501 9500 9502
g ceiling
f 9502 9494 9487
f 9502 9487 9501
g ground
f 9503 9504 9505
f 9503 9505 9506
g wall
f 9507 9504 9503
f 9507 9503 9508
f 9509 9505 9504
f 9509 9504 9507
f 9510 9506 9505
f 9510 9505 9509
f 9508 9503 9506
f 9508 9506 9510
g ground
f 9511 9512 9513
f 9511 9513 9514
g wall
f 9515 9512 9511
f 9515 9511 9516
f 9517 9513 9512
f 9517 9512 9515
f 9518 9514 9513
f 9518 9513 9517
f 9516 9511 9514
f 9516 9514 9518
g ground
f 9519 9520 9521
f 9519 9521 9522
g wall
f 9523 9520 9519
f 9523 9519 9524
f 9525 9521 9520
f 9525 9520 9523
f 9526 9522 9521
f 9526 9521 9525
f 9524 9519 9522
f 9524 9522 9526
g ground
f 9527 9528 9529
f 9527 9529 9530
g wall
f 9531 9528 9527
f 9531 9527 9532
f 9533 9529 9528
f 9533 9528 9531
f 9534 9530 9529
f 9534 9529 9533
f 9532 9527 9530
f 9532 9530 9534
f 9535 9536 9537
f 9535 9537 9538
f 7368 9535 9538
f 7368 9538 7371
f 9537 9536 9539
f 9537 9539 9540
f 9541 7568 7569
f 9541 7569 9542
g ceiling
f 7435 9542 7569
f 7435 7569 7436
g ground
f 7447 7568 9541
f 7447 9541 7448
g wall
f 7448 9541 9542
f 7448 9542 7435
f 7569 7568 7447
f 7569 7447 7436
f 7447 7448 7435
f 7447 7435 7436
f 7694 9543 9544
f 7694 9544 7695
g ceiling
f 7640 7695 9544
f 7640 9544 7641
g ground
f 7591 9543 7694
f 7591 7694 7592
g wall
f 7592 7694 7695
f 7592 7695 7640
f 9544 9543 7591
f 9544 7591 7641
f 7591 7592 7640
f 7591 7640 7641
f 7376 9545 9546
f 7376 9546 7377
g ceiling
f 7362 7377 9546
f 7362 9546 7574
g ground
f 7577 9545 7376
f 7577 7376 7380
g wall
f 9546 9545 7577
f 9546 7577 7574
f 7577 7380 7362
f 7577 7362 7574
g ceiling
f 7698 7639 7642
f 7698 7642 9547
g ground
f 9548 7590 7593
f 9548 7593 7697
g wall
f 7697 7593 7639
f 7697 7639 7698
f 7590 9548 9547
f 7590 9547 7642
f 9548 7697 7698
f 9548 7698 9547
f 7593 7590 7642
f 7593 7642 7639
f 7749 7382 7385
f 7749 7385 7351
g ceiling
f 7398 7351 7385
f 7398 7385 7386
g ground
f 7389 7382 7749
f 7389 7749 7403
g wall
f 7403 7749 7351
f 7403 7351 7398
f 7389 7403 7398
f 7389 7398 7386
g ceiling
f 9549 7434 7437
f 9549 7437 7563
g ground
f 7560 7446 7449
f 7560 7449 9550
g wall
f 9550 7449 7434
f 9550 7434 9549
f 7446 7560 7563
f 7446 7563 7437
f 7560 9550 9549
f 7560 9549 7563
f 7449 7446 7437
f 7449 7437 7434
f 9551 9552 9553
f 9551 9553 9554
f 9555 9551 9554
f 9555 9554 9556
f 9553 9552 9557
f 9553 9557 9558
f 9557 9555 9556
f 9557 9556 9558
f 9559 7748 7352
f 9559 7352 9560
g ceiling
f 9560 7352 7392
f 9560 7392 9561
g ground
f 9562 7395 7748
f 9562 7748 9559
g wall
f 7352 7748 7395
f 7352 7395 7392
f 7395 9562 9561
f 7395 9561 7392
f 7498 9559 9560
f 7498 9560 7492
g ceiling
f 9563 7492 9560
f 9563 9560 9561
g ground
f 9559 7498 9564
f 9559 9564 9562
g wall
f 9564 7498 7492
f 9564 7492 9563
f 9562 9564 9563
f 9562 9563 9561
f 9565 9566 9567
f 9565 9567 9568
g ceiling
f 9569 9568 9567
f 9569 9567 7355
g ground
f 9566 9565 9570
f 9566 9570 7738
g wall
f 9570 9565 9568
f 9570 9568 9569
f 7738 9570 9569
f 7738 9569 7355
f 9566 9571 9572
f 9566 9572 9567
g ceiling
f 9567 9572 7414
f 9567 7414 7355
g ground
f 7738 7417 9571
f 7738 9571 9566
g wall
f 7417 7738 7355
f 7417 7355 7414
f 9573 9574 9575
f 9573 9575 9576
g ceiling
f 9577 9576 9575
f 9577 9575 9578
g ground
f 9574 9573 7432
f 9574 7432 9579
g wall
f 7432 9573 9576
f 7432 9576 9577
f 9579 7432 9577
f 9579 9577 9578
f 9575 9574 9579
f 9575 9579 9578
g ceiling
f 7372 9580 9581
f 7372 9581 9582
g ground
f 9583 7433 7373
f 9583 7373 9584
g wall
f 7373 7433 9580
f 7373 9580 7372
f 9584 7373 7372
f 9584 7372 9582
f 7433 9583 9581
f 7433 9581 9580
g ceiling
f 9581 9585 9586
f 9581 9586 9582
g ground
f 9584 7744 7430
f 9584 7430 9583
g wall
f 7430 7744 9586
f 7430 9586 9585
f 7744 9584 9582
f 7744 9582 9586
f 9583 7430 9585
f 9583 9585 9581
g ground
f 9587 9588 9589
f 9587 9589 9590
g wall
f 9591 9592 9593
f 9591 9593 9594
f 9595 9589 9592
f 9595 9592 9591
f 9596 9590 9589
f 9596 9589 9595
f 9594 9593 9590
f 9594 9590 9596
g ceiling
f 9596 9595 9591
f 9596 9591 9594
g ground
f 9597 9598 9599
f 9597 9599 9600
g wall
f 9601 9598 9597
f 9601 9597 9602
f 9603 9599 9598
f 9603 9598 9601
f 9604 9600 9599
f 9604 9599 9603
f 9602 9597 9600
f 9602 9600 9604
g ground
f 9605 9606 9607
f 9605 9607 9608
g wall
f 9609 9606 9605
f 9609 9605 9610
f 9611 9607 9606
f 9611 9606 9609
f 9612 9608 9607
f 9612 9607 9611
f 9610 9605 9608
f 9610 9608 9612
g ground
f 9613 9614 9615
f 9613 9615 9616
g wall
f 9617 9614 9613
f 9617 9613 9618
f 9619 9615 9614
f 9619 9614 9617
f 9620 9616 9615
f 9620 9615 9619
f 9618 9613 9616
f 9618 9616 9620
g ceiling
f 9617 9618 9620
f 9617 9620 9619
g ground
f 9621 9622 9623
f 9621 9623 9624
g wall
f 9625 9622 9621
f 9625 9621 9626
f 9627 9623 9622
f 9627 9622 9625
f 9628 9624 9623
f 9628 9623 9627
f 9626 9621 9624
f 9626 9624 9628
g ground
f 9629 9630 9631
f 9629 9631 9632
g wall
f 9633 9630 9629
f 9633 9629 9634
f 9635 9631 9630
f 9635 9630 9633
f 9636 9632 9631
f 9636 9631 9635
f 9634 9629 9632
f 9634 9632 9636
g ground
f 9637 9638 9639
f 9637 9639 9640
g wall
f 9641 9638 9637
f 9641 9637 9642
f 9643 9640 9639
f 9643 9639 9644
f 9642 9637 9640
f 9642 9640 9643
g ground
f 9645 9646 9647
f 9645 9647 9648
g wall
f 9649 9646 9645
f 9649 9645 9650
f 9651 9647 9646
f 9651 9646 9649
f 9652 9648 9647
f 9652 9647 9651
f 9650 9645 9648
f 9650 9648 9652
g ground
f 9653 9654 9655
f 9653 9655 9656
g wall
f 9657 9654 9653
f 9657 9653 9658
f 9659 9655 9660
f 9659 9660 9661
f 9662 9656 9655
f 9662 9655 9659
f 9658 9653 9656
f 9658 9656 9662
f 9663 9664 9665
f 9663 9665 9666
f 9667 9668 9664
f 9667 9664 9663
f 9669 9670 9668
f 9669 9668 9667
f 9666 9665 9670
f 9666 9670 9669
g ceiling
f 9667 9663 9666
f 9667 9666 9669
g ground
f 794 802 809
f 794 809 796
g wall
f 810 809 802
f 810 802 801
g ceiling
f 810 801 795
f 810 795 798
g ground
f 9671 794 796
f 9671 796 9672
g wall
f 794 9671 9673
f 794 9673 795
f 9674 9672 796
f 9674 796 798
f 9673 9671 9672
f 9673 9672 9674
g ceiling
f 9674 798 795
f 9674 795 9673
g wall
f 799 9675 9676
f 799 9676 806
f 9677 9675 799
f 9677 799 805
g ground
f 9678 9676 9675
f 9678 9675 9677
g wall
f 806 9676 9678
f 806 9678 812
f 9678 9677 805
f 9678 805 812
f 9679 9680 9681
f 9679 9681 9682
f 9683 9684 9680
f 9683 9680 9679
f 9685 9686 9684
f 9685 9684 9683
f 9682 9681 9686
f 9682 9686 9685
g ceiling
f 9683 9679 9682
f 9683 9682 9685
g wall
f 9687 9688 9689
f 9687 9689 9690
f 9691 9692 9688
f 9691 9688 9687
f 9693 9694 9692
f 9693 9692 9691
f 9690 9689 9694
f 9690 9694 9693
g ceiling
f 9691 9687 9690
f 9691 9690 9693
g ground
f 814 822 829
f 814 829 816
g wall
f 830 829 822
f 830 822 821
g ceiling
f 830 821 815
f 830 815 818
g ground
f 9695 814 816
f 9695 816 9696
g wall
f 814 9695 9697
f 814 9697 815
f 9698 9696 816
f 9698 816 818
f 9697 9695 9696
f 9697 9696 9698
g ceiling
f 9698 818 815
f 9698 815 9697
g wall
f 819 9699 9700
f 819 9700 826
f 9701 9699 819
f 9701 819 825
g ground
f 9702 9700 9699
f 9702 9699 9701
g wall
f 826 9700 9702
f 826 9702 832
f 9702 9701 825
f 9702 825 832
f 9703 9704 9705
f 9703 9705 9706
f 9707 9708 9704
f 9707 9704 9703
f 9709 9710 9708
f 9709 9708 9707
f 9706 9705 9710
f 9706 9710 9709
g ceiling
f 9707 9703 9706
f 9707 9706 9709
f 9711 9712 9713
f 9711 9713 9714
g wall
f 9713 9715 9716
f 9713 9716 9714
f 9717 9718 9712
f 9717 9712 9711
g ceiling
f 9719 9585 9720
f 9719 9720 9711
g wall
f 9721 7429 9585
f 9721 9585 9719
f 9722 9717 9711
f 9722 9711 9720
f 9717 9721 9719
f 9717 9719 9711
f 9713 9723 9724
f 9713 9724 9725
g ceiling
f 9726 9725 9724
f 9726 9724 9727
g ground
f 9719 9723 9713
f 9719 9713 9714
g wall
f 9714 9713 9725
f 9714 9725 9726
f 9719 9714 9726
f 9719 9726 9727
g ceiling
f 9728 9729 9730
f 9728 9730 9731
g ground
f 7581 9732 9733
f 7581 9733 9586
g wall
f 9586 9733 9729
f 9586 9729 9728
f 9732 7581 9731
f 9732 9731 9730
f 9734 7573 9735
f 9734 9735 9736
g ceiling
f 9737 9736 9735
f 9737 9735 9730
g ground
f 9732 7573 9734
f 9732 9734 9738
g wall
f 9735 7573 9732
f 9735 9732 9730
f 7362 9734 9736
f 7362 9736 7363
g ceiling
f 9729 7363 9736
f 9729 9736 9737
g ground
f 9738 9734 7362
f 9738 7362 9733
g wall
f 9739 7581 9731
f 9739 9731 9740
g ceiling
f 9740 9731 9741
f 9740 9741 9742
g ground
f 9743 7580 7581
f 9743 7581 9739
g wall
f 9731 7581 7580
f 9731 7580 9741
f 7580 9743 9742
f 7580 9742 9741
g ceiling
f 9744 7358 9740
f 9744 9740 9745
g ground
f 9746 9739 7361
f 9746 7361 9747
g wall
f 9747 7361 7358
f 9747 7358 9744
g ceiling
f 9748 9744 9745
f 9748 9745 9742
g ground
f 9747 7494 9743
f 9747 9743 9746
g wall
f 7494 9747 9744
f 7494 9744 9748
f 9743 7494 9748
f 9743 9748 9742
g ground
f 9749 9750 9751
f 9749 9751 9752
g wall
f 9752 9751 9753
f 9752 9753 9754
g ceiling
f 9754 9753 9755
f 9754 9755 9756
g wall
f 9753 9751 9750
f 9753 9750 9755
f 9749 9752 9754
f 9749 9754 9756
g ground
f 9757 9758 9759
f 9757 9759 9760
g wall
f 9761 9758 9757
f 9761 9757 9762
f 9763 9759 9758
f 9763 9758 9761
f 9764 9760 9759
f 9764 9759 9763
g ceiling
f 9761 9762 9764
f 9761 9764 9763
g wall
f 9765 7740 7366
f 9765 7366 9766
g ceiling
f 9766 7366 9723
f 9766 9723 9767
g ground
f 9768 7431 7740
f 9768 7740 9765
g wall
f 7366 7740 7431
f 7366 7431 9723
f 7431 9768 9767
f 7431 9767 9723
f 9768 9765 9766
f 9768 9766 9767
f 9769 9574 9765
f 9769 9765 9770
g ground
f 9579 9768 9765
f 9579 9765 9574
g ceiling
f 9769 9770 9771
f 9769 9771 9772
g wall
f 9773 9774 9775
f 9773 9775 9776
g ceiling
f 9775 9774 9767
f 9775 9767 9578
g wall
f 9772 9578 9767
f 9772 9767 9771
g ceiling
f 9777 9778 9779
f 9777 9779 9780
g ground
f 9774 9766 9575
f 9774 9575 9775
g wall
f 9775 9575 9778
f 9775 9778 9777
f 9779 9766 9774
f 9779 9774 9780
f 9774 9775 9777
f 9774 9777 9780
f 7739 9781 9782
f 7739 9782 7367
g ceiling
f 7480 7367 9782
f 7480 9782 7765
g ground
f 9781 7739 7479
f 9781 7479 9783
g wall
f 7479 7739 7367
f 7479 7367 7480
f 9783 7479 7480
f 9783 7480 7765
f 9782 9781 9783
f 9782 9783 7765
f 9784 9781 9573
f 9784 9573 9785
g ground
f 9783 9786 9573
f 9783 9573 9781
g wall
f 9787 9786 9783
f 9787 9783 9788
g ceiling
f 9784 9785 9787
f 9784 9787 9788
g wall
f 9789 9790 9791
f 9789 9791 9792
g ceiling
f 9791 9790 7758
f 9791 7758 7765
g wall
f 9788 7765 7758
f 9788 7758 9787
g ceiling
f 9793 9794 9795
f 9793 9795 9796
g ground
f 9790 9576 9782
f 9790 9782 9791
g wall
f 9791 9782 9794
f 9791 9794 9793
f 9795 9576 9790
f 9795 9790 9796
f 9790 9791 9793
f 9790 9793 9796
g ground
f 9797 9798 9799
f 9797 9799 9800
g wall
f 9800 9799 9801
f 9800 9801 9802
g ceiling
f 9802 9801 9803
f 9802 9803 9804
g wall
f 9801 9799 9798
f 9801 9798 9803
f 9797 9800 9802
f 9797 9802 9804
g ground
f 9805 9806 9807
f 9805 9807 9808
g wall
f 9809 9805 9808
f 9809 9808 9810
g ceiling
f 9811 9812 9813
f 9811 9813 9814
f 9815 9816 9817
f 9815 9817 9818
f 9819 9820 9816
f 9819 9816 9815
g wall
f 9821 9822 9820
f 9821 9820 9819
g ground
f 9823 9824 9822
f 9823 9822 9821
f 9806 9825 9826
f 9806 9826 9807
g wall
f 9818 9810 9808
f 9818 9808 9807
f 9818 9807 9826
f 9818 9826 9821
f 9818 9821 9819
f 9818 9819 9815
g ground
f 9827 9828 9829
f 9827 9829 9830
g wall
f 9831 9828 9827
f 9831 9827 9832
f 9833 9829 9828
f 9833 9828 9831
f 9834 9830 9829
f 9834 9829 9833
f 9835 9836 9837
f 9835 9837 9838
g ceiling
f 9839 9838 9837
f 9839 9837 7407
g ground
f 7404 9836 9835
f 7404 9835 9840
g wall
f 9840 9835 9838
f 9840 9838 9839
f 9837 9836 7404
f 9837 7404 7407
f 7404 9840 9839
f 7404 9839 7407
f 9841 9842 9843
f 9841 9843 9844
g ceiling
f 7412 9844 9843
f 7412 9843 9845
g ground
f 9846 9842 9841
f 9846 9841 7411
g wall
f 7411 9841 9844
f 7411 9844 7412
f 9843 9842 9846
f 9843 9846 9845
f 9846 7411 7412
f 9846 7412 9845
f 9842 9835 9847
f 9842 9847 9848
g ceiling
f 9849 9848 9847
f 9849 9847 9850
g ground
f 9840 9835 9842
f 9840 9842 9846
g wall
f 9840 9846 9849
f 9840 9849 9850
f 9843 9838 9851
f 9843 9851 9852
g ceiling
f 9853 9852 9851
f 9853 9851 9854
g ground
f 9839 9838 9843
f 9839 9843 9845
g wall
f 9845 9843 9852
f 9845 9852 9853
f 9851 9838 9839
f 9851 9839 9854
f 9855 9856 9857
f 9855 9857 9858
f 9847 9838 9843
f 9847 9843 9848
g ceiling
f 9859 9860 9861
f 9859 9861 9862
g ground
f 7408 9863 9864
f 7408 9864 7415
g wall
f 7415 9864 9860
f 7415 9860 9859
f 9863 7408 9862
f 9863 9862 9861
f 7412 9865 9866
f 7412 9866 9867
g ceiling
f 9860 9867 9866
f 9860 9866 9868
g ground
f 9865 7412 9864
f 9865 9864 9869
g wall
f 9864 7412 9867
f 9864 9867 9860
f 9865 7407 9870
f 9865 9870 9866
g ceiling
f 9866 9870 9861
f 9866 9861 9868
g ground
f 9869 9863 7407
f 9869 7407 9865
g wall
f 9870 7407 9863
f 9870 9863 9861
g ground
f 9871 9872 9873
f 9871 9873 9874
g wall
f 9875 9872 9871
f 9875 9871 9876
f 9877 9873 9872
f 9877 9872 9875
f 9878 9874 9873
f 9878 9873 9877
f 9876 9871 9874
f 9876 9874 9878
g ceiling
f 9878 9877 9875
f 9878 9875 9876
g ground
f 9879 9880 9874
f 9879 9874 9881
g wall
f 9882 9880 9879
f 9882 9879 9883
f 9878 9874 9880
f 9878 9880 9882
f 9884 9881 9874
f 9884 9874 9878
f 9883 9879 9881
f 9883 9881 9884
g ceiling
f 9884 9878 9882
f 9884 9882 9883
g ground
f 9885 9871 9874
f 9885 9874 9880
g ceiling
f 9886 9887 9888
f 9886 9888 9889
g ground
f 9885 9890 9891
f 9885 9891 9871
g wall
f 9892 9890 9885
f 9892 9885 9893
f 9894 9891 9890
f 9894 9890 9892
f 9876 9871 9891
f 9876 9891 9894
f 9893 9885 9871
f 9893 9871 9876
g ceiling
f 9876 9894 9892
f 9876 9892 9893
g ground
f 9895 9885 9880
f 9895 9880 9896
g wall
f 9893 9885 9895
f 9893 9895 9897
f 9882 9880 9885
f 9882 9885 9893
f 9898 9896 9880
f 9898 9880 9882
f 9897 9895 9896
f 9897 9896 9898
g ceiling
f 9898 9882 9893
f 9898 9893 9897
g wall
f 9899 9900 9901
f 9899 9901 9902
f 9903 9904 9900
f 9903 9900 9899
f 9905 9906 9904
f 9905 9904 9903
f 9902 9901 9906
f 9902 9906 9905
g ceiling
f 9905 9903 9899
f 9905 9899 9902
g wall
f 9907 9908 9909
f 9907 9909 9910
f 9911 9908 9907
f 9911 9907 9912
f 9908 9913 9914
f 9908 9914 9909
f 9915 9913 9908
f 9915 9908 9916
f 9917 9918 9915
f 9917 9915 9916
f 9919 9920 9921
f 9919 9921 9922
f 9923 9924 9920
f 9923 9920 9919
f 9924 9923 2306
f 9924 2306 4021
f 9920 9925 9926
f 9920 9926 9927
f 9924 2301 9925
f 9924 9925 9920
f 9928 9929 2301
f 9928 2301 9924
f 9927 9926 9929
f 9927 9929 9928
f 9930 9926 9915
f 9930 9915 9931
g ceiling
f 4014 4013 9930
f 4014 9930 9931
g wall
f 9927 9932 9933
f 9927 9933 9916
g ground
f 9933 9932 4017
f 9933 4017 4018
g wall
f 9934 1732 1735
f 9934 1735 9935
f 9936 9937 9938
f 9936 9938 9939
f 9940 9937 9936
f 9940 9936 9941
g ceiling
f 9942 9938 9937
f 9942 9937 9940
g wall
f 9943 9939 9938
f 9943 9938 9942
g ground
f 9941 9936 9939
f 9941 9939 9943
g wall
f 9943 9942 9940
f 9943 9940 9941
f 9944 9945 9946
f 9944 9946 9947
f 9948 9945 9944
f 9948 9944 9949
g ceiling
f 9950 9946 9945
f 9950 9945 9948
g wall
f 9951 9947 9946
f 9951 9946 9950
g ground
f 9949 9944 9947
f 9949 9947 9951
g wall
f 9951 9950 9948
f 9951 9948 9949
f 9952 9953 9954
f 9952 9954 9955
f 9956 9953 9952
f 9956 9952 9957
g ceiling
f 9958 9954 9953
f 9958 9953 9956
g wall
f 9959 9955 9954
f 9959 9954 9958
g ground
f 9957 9952 9955
f 9957 9955 9959
g wall
f 9959 9958 9956
f 9959 9956 9957
f 9960 9961 9962
f 9960 9962 9963
f 9964 9961 9960
f 9964 9960 9965
g ceiling
f 9966 9962 9961
f 9966 9961 9964
g wall
f 9967 9963 9962
f 9967 9962 9966
g ground
f 9965 9960 9963
f 9965 9963 9967
g wall
f 9967 9966 9964
f 9967 9964 9965
f 6044 6042 8036
f 6044 8036 8035
g ground
f 6043 6042 6044
f 6043 6044 6046
g wall
f 8038 8037 6043
f 8038 6043 6046
f 9968 2199 2222
f 9968 2222 9969
g ground
f 9970 2201 2199
f 9970 2199 9968
g wall
f 2201 2224 2222
f 2201 2222 2199
g ceiling
f 2224 9971 9969
f 2224 9969 2222
g wall
f 9971 9970 9968
f 9971 9968 9969
f 9971 2224 2201
f 9971 2201 9970
f 9972 9969 2222
f 9972 2222 9973
f 6383 9971 9969
f 6383 9969 9972
f 9974 2224 9971
f 9974 9971 6383
f 9973 2222 2224
f 9973 2224 9974
g ceiling
f 9974 6383 9972
f 9974 9972 9973
g wall
f 4720 9975 9976
f 4720 9976 9977
f 4746 4722 9978
f 4746 9978 4923
g ground
f 4722 4746 9975
f 4722 9975 4720
g wall
f 4720 9977 9978
f 4720 9978 4722
g ceiling
f 9977 9976 4923
f 9977 4923 9978
g wall
f 4746 4923 9976
f 4746 9976 9975
g ground
f 7326 7333 7336
f 7326 7336 7327
g wall
f 7333 7326 7330
f 7333 7330 7337
g ceiling
f 7332 7339 7337
f 7332 7337 7330
g ground
f 9979 9980 9981
f 9979 9981 6635
f 9979 6635 9982
f 9979 9982 9983
g ceiling
f 9984 7304 7310
f 9984 7310 7313
f 9984 7313 6637
f 9984 6637 9985
g ground
f 9980 9986 9987
f 9980 9987 9981
g ceiling
f 9988 9984 9985
f 9988 9985 9989
g ground
f 9990 9991 9992
g ceiling
f 677 9993 9994
g ground
f 9986 9990 9992
f 9986 9992 9995
g ceiling
f 9993 9988 9989
f 9993 9989 9994
f 7130 7136 7305
f 7130 7305 8021
g wall
f 7059 7048 7136
f 7059 7136 7130
g ground
f 9910 9996 9997
f 9910 9997 9998
g wall
f 9999 9996 9910
f 9999 9910 2432
f 10000 9997 9996
f 10000 9996 9999
f 9998 9997 10000
f 9998 10000 10001
g ceiling
f 9999 2432 10001
f 9999 10001 10000
g ground
f 10002 10003 10004
f 10002 10004 6632
g wall
f 6632 10004 10005
f 6632 10005 6627
f 10006 10003 10002
f 10006 10002 10007
f 10005 10004 10003
f 10005 10003 10006
g ceiling
f 6627 10005 10006
f 6627 10006 10007
g ground
f 9998 10002 6570
f 9998 6570 2308
g wall
f 10002 9998 10001
f 10002 10001 10007
g ceiling
f 2324 6585 10007
f 2324 10007 10001
g wall
f 10008 10009 10010
f 10008 10010 10011
f 4376 4373 4374
f 4376 4374 4375
f 2433 9914 6633
f 2433 6633 6626
f 2325 2302 9914
f 2325 9914 2433
f 4924 4918 10012
f 4924 10012 3941
f 3941 10012 10013
f 3941 10013 3848
g ground
f 4918 10014 10013
f 4918 10013 10012
g ceiling
f 4261 4924 3941
f 4261 3941 3848
f 3151 3150 3478
f 3151 3478 3479
g ground
f 10015 10016 10017
f 10015 10017 10018
g wall
f 1402 1373 1303
f 1402 1303 1403
f 2728 1625 1684
f 2728 1684 3019
g ceiling
f 1604 1608 2728
f 1604 2728 3019
g wall
f 89 1670 1624
f 89 1624 2729
g ceiling
f 2655 90 89
f 2655 89 2729
f 10019 9439 9440
f 10019 9440 10020
g ground
f 10021 10022 10023
f 10021 10023 10024
g wall
f 9439 10021 10024
f 9439 10024 9440
g ceiling
f 10025 10019 10020
f 10025 10020 10026
g ground
f 10027 10028 10029
f 10027 10029 10030
g wall
f 10019 10027 10030
f 10019 10030 10020
g ceiling
f 10031 10025 10026
f 10031 10026 10032
g ground
f 10033 10034 10035
f 10033 10035 10036
g wall
f 10025 10033 10036
f 10025 10036 10026
g ceiling
f 10037 10031 10032
f 10037 10032 10038
g ground
f 10039 9435 9438
f 10039 9438 10040
g wall
f 10031 10039 10040
f 10031 10040 10032
f 9438 9435 10037
f 9438 10037 10038
f 9183 10041 4566
f 9183 4566 9977
f 9977 4566 4567
f 9977 4567 9978
f 9978 4567 10042
f 9978 10042 10043
f 10043 10042 10041
f 10043 10041 9183
g ceiling
f 9183 9977 9978
f 9183 9978 10043
g wall
f 2628 10044 10045
f 2628 10045 10046
f 10043 10042 4568
f 10043 4568 4934
f 4934 4568 10044
f 4934 10044 2628
f 9120 10047 9187
f 9120 9187 9234
g ground
f 10047 9120 9125
f 10047 9125 10048
g wall
f 9125 9120 9234
f 9125 9234 9210
f 9187 10047 10048
f 9187 10048 10049
f 10048 9125 9210
f 10048 9210 10049
g ceiling
f 10050 10051 10052
f 10050 10052 10053
g wall
f 10054 10052 10051
f 10054 10051 10055
f 10055 10051 10050
f 10055 10050 10056
f 10056 10050 10053
f 10056 10053 10057
f 10057 10053 10052
f 10057 10052 10054
